dipolemoment_boltz,dipolemoment_delta,dipolemoment_max,dipolemoment_min,dipolemoment_vburminconf,efgtens_xx_P_boltz,efgtens_yy_P_boltz,efgtens_zz_P_boltz,efg_amp_P_boltz,E_oxidation_boltz,E_reduction_boltz,E_solv_cds_boltz,E_solv_elstat_boltz,E_solv_total_boltz,fmo_eta_boltz,fmo_e_homo_boltz,fmo_e_lumo_boltz,fmo_mu_boltz,fmo_omega_boltz,fukui_m_boltz,fukui_p_boltz,nbo_bds_e_avg_boltz,nbo_bds_e_min_boltz,nbo_bds_occ_avg_boltz,nbo_bds_occ_max_boltz,nbo_bd_e_avg_boltz,nbo_bd_e_max_boltz,nbo_bd_occ_avg_boltz,nbo_bd_occ_min_boltz,nbo_lp_P_e_boltz,nbo_lp_P_occ_boltz,nbo_lp_P_percent_s_boltz,nbo_P_boltz,nbo_P_ra_boltz,nbo_P_rc_boltz,nmrtens_sxx_P_boltz,nmrtens_syy_P_boltz,nmrtens_szz_P_boltz,nmr_P_boltz,nuesp_P_boltz,Pint_dP_boltz,Pint_P_int_boltz,Pint_P_max_boltz,Pint_P_min_boltz,pyr_alpha_boltz,pyr_alpha_delta,pyr_alpha_max,pyr_alpha_min,pyr_alpha_vburminconf,pyr_P_boltz,pyr_P_delta,pyr_P_max,pyr_P_min,pyr_P_vburminconf,qpoletens_xx_boltz,qpoletens_xx_delta,qpoletens_xx_max,qpoletens_xx_min,qpoletens_xx_vburminconf,qpoletens_yy_boltz,qpoletens_yy_delta,qpoletens_yy_max,qpoletens_yy_min,qpoletens_yy_vburminconf,qpoletens_zz_boltz,qpoletens_zz_delta,qpoletens_zz_max,qpoletens_zz_min,qpoletens_zz_vburminconf,qpole_amp_boltz,qpole_amp_delta,qpole_amp_max,qpole_amp_min,qpole_amp_vburminconf,somo_ra_boltz,somo_rc_boltz,sphericity_boltz,spindens_P_ra_boltz,spindens_P_rc_boltz,sterimol_B1_boltz,sterimol_B1_delta,sterimol_B1_max,sterimol_B1_min,sterimol_B1_vburminconf,sterimol_B5_boltz,sterimol_B5_delta,sterimol_B5_max,sterimol_B5_min,sterimol_B5_vburminconf,sterimol_burB1_boltz,sterimol_burB1_delta,sterimol_burB1_max,sterimol_burB1_min,sterimol_burB1_vburminconf,sterimol_burB5_boltz,sterimol_burB5_delta,sterimol_burB5_max,sterimol_burB5_min,sterimol_burB5_vburminconf,sterimol_burL_boltz,sterimol_burL_delta,sterimol_burL_max,sterimol_burL_min,sterimol_burL_vburminconf,sterimol_L_boltz,sterimol_L_delta,sterimol_L_max,sterimol_L_min,sterimol_L_vburminconf,surface_area_boltz,vbur_far_vbur_boltz,vbur_far_vbur_delta,vbur_far_vbur_max,vbur_far_vbur_min,vbur_far_vbur_vburminconf,vbur_far_vtot_boltz,vbur_far_vtot_delta,vbur_far_vtot_max,vbur_far_vtot_min,vbur_far_vtot_vburminconf,vbur_max_delta_qvbur_boltz,vbur_max_delta_qvbur_delta,vbur_max_delta_qvbur_max,vbur_max_delta_qvbur_min,vbur_max_delta_qvbur_vburminconf,vbur_max_delta_qvtot_boltz,vbur_max_delta_qvtot_delta,vbur_max_delta_qvtot_max,vbur_max_delta_qvtot_min,vbur_max_delta_qvtot_vburminconf,vbur_near_vbur_boltz,vbur_near_vbur_delta,vbur_near_vbur_max,vbur_near_vbur_min,vbur_near_vbur_vburminconf,vbur_near_vtot_boltz,vbur_near_vtot_delta,vbur_near_vtot_max,vbur_near_vtot_min,vbur_near_vtot_vburminconf,vbur_ovbur_max_boltz,vbur_ovbur_max_delta,vbur_ovbur_max_max,vbur_ovbur_max_min,vbur_ovbur_max_vburminconf,vbur_ovbur_min_boltz,vbur_ovbur_min_delta,vbur_ovbur_min_max,vbur_ovbur_min_min,vbur_ovbur_min_vburminconf,vbur_ovtot_max_boltz,vbur_ovtot_max_delta,vbur_ovtot_max_max,vbur_ovtot_max_min,vbur_ovtot_max_vburminconf,vbur_ovtot_min_boltz,vbur_ovtot_min_delta,vbur_ovtot_min_max,vbur_ovtot_min_min,vbur_ovtot_min_vburminconf,vbur_qvbur_max_boltz,vbur_qvbur_max_delta,vbur_qvbur_max_max,vbur_qvbur_max_min,vbur_qvbur_max_vburminconf,vbur_qvbur_min_boltz,vbur_qvbur_min_delta,vbur_qvbur_min_max,vbur_qvbur_min_min,vbur_qvbur_min_vburminconf,vbur_qvtot_max_boltz,vbur_qvtot_max_delta,vbur_qvtot_max_max,vbur_qvtot_max_min,vbur_qvtot_max_vburminconf,vbur_qvtot_min_boltz,vbur_qvtot_min_delta,vbur_qvtot_min_max,vbur_qvtot_min_min,vbur_qvtot_min_vburminconf,vbur_ratio_vbur_vtot_boltz,vbur_vbur_boltz,vbur_vbur_delta,vbur_vbur_max,vbur_vbur_min,vbur_vbur_vburminconf,vbur_vtot_boltz,vmin_r_boltz,vmin_vmin_boltz,volume_boltz
0.8835417,1.1191872,1.956963,0.8461969,1.7285227,-0.8421646,-0.65058535,1.4680321,1.8147446,0.25452575,0.027974933,-6.550822,-6.573708,-12.628048,0.18513393,-0.20930262,-0.020315796,-0.1125399,0.031602647,0.24011792,0.029933164,0.21593994,0.19894524,0.04486836,0.050089467,-0.4541578,-0.45017573,1.951916,1.9484992,-0.30307603,1.9256656,50.118153,0.7655921,0.7803947,1.037533,288.6396,289.0908,317.91113,295.30093,-54.192944,3.965151,19.02132,33.62233,12.917044,19.0592,9.212069,26.265522,16.15228,24.082737,0.9033343,0.0840045,0.94580936,0.86638033,0.8827183,3.669682,2.3893478,5.4536467,1.7761552,4.3593693,0.1445405,3.0870712,2.074419,-1.5141269,0.44796196,-2.594602,3.6138062,-2.1030798,-5.584902,-5.600147,5.142948,4.699792,8.236774,3.142568,6.301202,0.071775064,-0.3673813,0.78763276,0.033247814,0.2964231,3.8533077,0.9962992,4.2287445,3.3275366,3.8541613,6.4770117,0.781334,7.024682,6.180258,6.767842,3.8045197,0.9777568,4.1646953,3.3038428,3.7694726,6.049068,0.50480175,6.80914,6.0781612,5.9848313,7.1123505,0.9571018,7.947736,6.7981076,7.654784,7.8727193,1.4537355,9.139688,7.264957,8.367673,330.16812,13.571612,13.090949,21.057566,2.4987762,1.7368407,18.947023,30.024248,29.162233,1.7815689,1.8847537,10.617249,12.611479,20.382723,4.809881,6.3281093,58.49314,39.80104,83.56243,39.95331,56.313606,67.644066,12.376317,70.189445,56.87984,58.081043,332.08972,24.170187,339.12943,299.41235,327.13947,21.44633,4.4971,21.429052,17.380585,17.397715,0.09884638,0.2688374,0.43303606,0.006372476,0.0074466113,114.11118,15.221116,122.4094,106.92259,112.39741,0.41548765,0.51609766,0.73176754,0.0059742937,0.0051559964,28.425835,13.342015,34.02149,19.771166,19.097202,13.03542,3.648176,14.841326,10.169973,11.366788,118.019264,23.838213,130.26524,106.04067,112.584785,47.506287,24.429283,60.50129,34.82928,50.962692,0.23304524,85.46886,27.869596,90.00184,59.53199,60.35557,330.02838,1.78361,-0.05506432,397.83853
3.6011012,2.7467573,3.848183,1.6531218,3.205452,-1.0711557,-0.4987677,1.5545299,1.887761,0.25678262,0.023704667,-4.816398,-9.268672,-15.162958,0.16664083,-0.21420331,-0.022736289,-0.119019836,0.042285547,0.21706304,-0.001391805,0.20498903,0.19689977,0.056669533,0.07285848,-0.44105905,-0.40222833,1.9269358,1.8667263,-0.29089,1.920374,48.206123,0.91786265,0.8705234,0.9807971,252.8286,266.97485,338.4106,250.08112,-54.19356,3.981717,20.015041,36.36371,12.033858,26.423067,2.7472596,25.46057,24.317251,23.734077,0.85847557,0.021641027,0.86422974,0.8765357,0.87071675,8.172057,12.46616,15.67699,3.6591523,11.892095,-1.7734163,4.9285994,1.0047349,-4.608367,-0.7095104,-7.6117826,9.132949,-4.9334035,-13.800336,-7.3719206,13.114789,14.651195,18.587002,6.095463,14.762437,0.058447465,-0.34877592,0.76898074,0.026469786,0.39655313,4.264528,0.47335875,4.195543,4.0075035,4.187594,7.7405763,0.89872104,9.288106,7.6939297,8.284036,4.2071195,0.22133572,4.2137337,3.998611,4.20579,6.3970356,0.3787568,7.224785,6.7006235,6.625805,6.89676,0.034320273,7.1292357,6.8211894,7.2731557,8.18346,1.6832899,10.103176,7.4287577,9.297633,394.79498,18.851627,10.144409,18.819191,10.115786,10.601335,86.010155,33.8441,69.84475,30.318352,29.487356,14.517372,4.086712,15.815518,11.820255,14.071653,92.38666,16.493845,166.5374,85.98278,102.20737,73.63813,1.2112482,74.19096,69.98844,68.31765,350.34286,29.849901,348.01978,335.63788,363.90375,20.641304,0.92591166,21.24391,22.069902,20.20478,0.36148125,1.7173728,1.4731655,0.0064449087,0.0075209206,152.16989,14.453841,192.67024,137.04305,163.49689,0.58093417,1.0857824,2.2734268,0.0061656456,0.0051559964,34.528217,5.6138816,32.753494,33.23517,28.466887,15.173452,2.9996169,16.099785,13.6273575,14.446582,205.00415,31.851397,192.15915,167.54785,182.74625,62.481194,18.69434,74.33578,51.756973,64.15111,0.22063093,98.10492,14.10612,102.83539,82.8013,77.53537,422.6622,1.8114736,-0.06504367,532.77014
3.0553417,1.971097,3.9363306,1.8656356,3.313282,-0.77599514,-0.68717545,1.5311992,1.8659352,0.27060005,-0.0066765137,-10.064752,-10.725661,-18.746279,0.17105865,-0.22635013,-0.04548331,-0.13310774,0.04736125,0.16351512,0.044870924,0.22134782,0.20960447,0.045861017,0.0523946,-0.49443904,-0.48346975,1.954493,1.9509256,-0.3138596,1.8916044,50.16383,0.7901804,0.8034734,1.0410594,256.2501,280.4478,328.16232,275.2251,-54.16888,4.506398,20.141014,36.019295,13.250902,17.869766,1.7115209,19.760592,17.19834,18.844706,0.92333776,0.011323887,0.9317864,0.9213829,0.92570174,8.554609,4.5412226,10.036902,5.643137,6.990469,1.9168794,3.053282,1.8777536,-0.4867642,0.81585354,-8.6163225,2.0236459,-8.117696,-9.811522,-8.813891,11.600031,4.5942554,12.948663,10.134626,12.209259,0.040607076,-0.36123598,0.7193951,0.037671477,0.10249373,4.40229,0.2713495,4.611485,4.2764826,4.8090024,7.5992293,0.6751708,8.97451,7.1477575,7.732744,4.274823,0.12097904,4.3371553,4.0956764,4.3125486,6.2738934,0.2924574,6.982773,6.1264987,6.5448694,7.099792,0.27729255,7.4483514,6.9220915,7.239313,8.446599,1.3933326,8.839915,7.771273,8.309833,404.1569,1.7767359,5.449,4.4970484,1.0963702,1.9689101,26.795252,4.5518847,18.828362,2.479436,2.3804884,8.425745,2.9207382,9.482854,5.967752,8.22307,69.5677,21.504862,83.35072,55.76919,79.398315,49.623253,2.1903183,49.99731,50.025337,51.96975,415.32385,1.5085151,416.14075,408.35196,389.37152,16.001778,1.3532482,15.692211,15.704911,14.816983,0.014123665,2.2402892,4.2996516,0.006372476,0.0074466113,145.09554,11.702709,146.44675,131.69794,138.08145,0.21730354,1.5058806,1.7395446,0.005989834,0.0051559964,18.741257,2.6180534,20.14085,14.877452,19.60484,11.434871,3.6341956,15.8026905,10.744903,11.05182,174.79999,6.495068,161.11166,155.62633,154.7238,63.73952,2.9510179,64.05198,59.4884,68.791695,0.13435136,53.22665,4.2354507,55.676205,57.144627,60.378136,432.63916,1.8693098,-0.043979008,478.095
1.4009218,0.40307766,1.6878625,1.3692962,1.8628201,-0.74570817,-0.68000835,1.4424145,1.7778552,0.24697793,0.015395752,-9.870118,-8.189366,-16.918728,0.18257162,-0.22003515,-0.026843634,-0.12692796,0.041100353,0.3711445,0.030323485,0.22584455,0.2174045,0.03743705,0.038553845,-0.47462544,-0.47856188,1.9520909,1.9430299,-0.30340132,1.8963852,49.00179,0.80658144,0.73686725,1.0222752,280.44626,290.33136,332.2473,294.18964,-54.17438,4.316686,20.023756,35.95547,12.837684,18.813549,-0.9037104,18.508045,19.406109,19.604284,0.9296903,-0.006901895,0.923938,0.9291556,0.9212198,7.2874527,0.72702676,6.6991878,5.285824,6.530874,0.69844985,0.1955282,1.7092174,0.1913676,0.4454338,-6.600298,1.6119466,-5.6157484,-8.0251465,-9.098618,12.762446,2.061783,12.291168,9.041048,10.228938,0.057597816,-0.3673507,0.7481425,0.060443264,0.39733353,4.30578,0.46908283,4.172571,4.283585,4.3092666,8.3132305,0.2784564,8.7188635,7.4757338,8.226445,4.214683,0.1486999,4.2210603,4.1327333,4.2346563,6.3361397,0.46278122,6.5886836,6.371852,6.099545,6.8737235,0.17733285,6.948371,6.842335,7.000165,7.629415,1.0247501,7.976827,7.1406827,7.9027224,358.0801,8.418325,1.5941764,-0.61168844,2.8029737,4.5542455,27.409286,0.32707357,1.5215644,23.921827,20.41287,3.67155,1.9416507,3.1092126,5.2279797,3.6709883,97.80298,6.236526,91.11192,118.32572,114.23706,54.647762,0.47441438,50.774387,51.81536,52.749924,312.33514,4.2561474,373.47232,376.08795,370.03668,14.617186,0.2946569,14.312053,14.188436,15.087287,0.0009475537,-0.053931892,-0.050610416,0.0054286183,0.0073727346,143.56314,5.3964114,142.35988,166.20535,153.08577,0.083004504,0.12859541,0.14223927,0.005978696,0.0051559964,19.373756,1.0575339,15.188698,17.76853,18.667252,11.292973,0.25993788,11.374299,11.231303,11.439258,155.98528,2.443338,172.12357,155.64651,187.4149,59.562958,0.6926805,60.5558,59.636036,58.711777,0.1335483,56.86221,2.1152198,50.598984,55.789635,56.78434,402.7094,1.8442317,-0.047623307,435.073
2.3778236,1.9562397,3.396032,1.0600367,2.5504713,-0.8068051,-0.71378845,1.5251722,1.8788761,0.25154564,0.021993931,-5.5985413,-11.355843,-15.663389,0.1868115,-0.20802757,-0.019444508,-0.1144758,0.035714734,0.3494424,0.050362892,0.24302648,0.23280562,0.043701097,0.044611804,-0.46890604,-0.46680695,1.9509538,1.9500026,-0.29041424,1.8833832,48.734615,0.8247109,0.7678674,1.244446,320.2254,330.49466,356.3173,345.6465,-54.190617,4.607152,19.969564,38.125618,13.155775,19.803982,4.7096806,23.648033,19.945116,22.166956,0.91875124,0.035750587,0.91104907,0.890111,0.90158075,9.191572,8.267796,11.599134,5.3593383,9.007643,-0.7547556,8.599248,2.0158212,-4.505437,0.07631071,-7.8217807,5.63112,-4.355013,-10.26291,-8.991704,14.044533,8.752116,15.299359,6.8561697,13.677972,0.064888425,-0.3480825,0.7278533,0.03782698,0.46010506,4.6296763,0.4302477,4.7617364,4.36393,4.874013,6.658751,0.28851372,6.8883147,6.415554,6.861465,4.4460526,0.48829123,4.6724987,4.2880545,4.6288595,6.1469154,0.11922666,6.337797,6.0877604,6.2063947,7.080721,0.78366125,7.7816057,6.9916697,7.5239954,8.01774,1.4274358,8.558703,7.8713536,8.616526,404.87143,5.4137006,5.65336,8.125105,2.8178518,2.24683,12.461424,11.4630375,19.59517,5.0655513,6.135867,10.145476,11.535456,14.312688,5.8193026,8.43149,48.397243,39.936768,64.46954,30.896393,44.094414,68.644295,6.900983,70.83883,59.486393,58.64213,380.72913,11.0220785,400.85205,388.03143,398.6802,19.511276,2.4010365,20.619371,17.841234,19.896751,0.022099992,0.37770665,0.2885036,0.019705594,0.010944161,117.7378,11.342961,121.29416,109.832985,112.76861,0.10725047,0.5294498,0.7519406,0.033656597,0.0051559964,24.359072,8.370279,29.549047,20.673544,21.483677,13.327761,2.9739094,14.325026,11.055004,11.115655,122.65717,12.276672,127.60167,118.17284,118.66083,70.79035,21.429277,85.556816,61.167088,80.247375,0.18839842,69.062454,14.233463,79.12521,62.4005,58.683,423.0792,1.8433795,-0.066001944,467.38104
2.9973288,1.2736102,3.1084313,2.6774025,3.1381414,-0.8145328,-0.6889392,1.499393,1.850925,0.23801433,0.028306019,-7.3062224,-12.135593,-17.910442,0.1721606,-0.20733674,-0.018694576,-0.11624672,0.033713825,0.3973055,0.03194384,0.2376659,0.22920103,0.038659815,0.042762157,-0.4612141,-0.46709314,1.9509709,1.9405476,-0.28482047,1.877175,48.870975,0.82482994,0.75943863,1.0601463,284.74924,308.52704,362.16095,318.67993,-54.18702,4.6826434,20.174782,37.259735,12.52362,22.51773,1.4618055,22.882025,20.803095,20.652187,0.88579464,0.014637913,0.9063088,0.89872885,0.9100265,10.566746,5.334541,11.359825,7.8663263,10.0286665,-0.09162457,2.916293,1.9015083,-2.932421,0.10646736,-9.702008,4.197598,-5.7261734,-11.987267,-12.289962,17.11466,5.487134,16.186203,12.602187,15.94354,0.06685841,-0.34118077,0.7137793,0.05555037,0.41227382,4.937152,0.48468187,4.865626,4.551804,4.919745,8.20485,0.29960233,8.310996,7.543772,8.340747,4.4258084,0.22834858,4.6489263,4.2753153,4.5530267,6.430471,0.43820533,6.730333,6.497488,6.1612177,7.044768,0.27563098,7.252468,6.931625,7.283594,8.346712,1.1534584,8.554485,8.560314,8.734814,435.29388,8.891213,3.4970992,6.3071284,4.6026154,5.448715,38.93337,7.1779647,19.545021,28.037401,24.870358,17.30221,6.4877734,14.802804,10.039973,13.856972,109.0314,28.375383,114.72394,129.29485,118.89413,62.56426,4.5260434,61.38907,61.459984,62.1989,376.61252,12.602532,445.35327,428.6781,432.27042,20.207483,1.774511,21.00991,18.979795,19.855629,0.0020265006,0.027155966,0.04346991,0.0030435307,0.007345526,162.19604,9.385846,158.13333,168.77567,162.72762,0.10061749,0.11679141,0.14223927,0.0055816155,0.002588697,28.58504,5.6002207,29.216194,24.6294,26.237535,11.532432,0.6147647,11.58252,11.144047,11.332375,186.68736,8.973153,183.3993,168.51395,200.95216,73.04383,5.486535,81.70022,69.917786,70.7113,0.1359624,70.35419,10.793271,70.14837,66.75642,67.171394,467.29904,1.8452758,-0.067202315,503.7184
3.534176,2.6651597,3.8445253,1.7105919,4.293831,-1.1348822,-0.55581456,1.5777104,1.9649835,0.25990424,0.0049425904,-6.4386215,-10.495483,-19.164633,0.18106863,-0.21622002,-0.024895532,-0.12049482,0.041042075,0.17872454,0.07011619,0.20261694,0.16338585,0.06580966,0.09722168,-0.4885413,-0.45894676,1.9523605,1.9431748,-0.3062846,1.9199203,53.5826,0.91495633,0.79309875,1.0487859,209.15536,287.41135,350.7577,280.04565,-54.161934,4.4966817,20.454844,36.20184,13.041914,18.325623,3.8294148,23.129396,16.817078,20.565897,0.9321962,0.028045218,0.91323954,0.8950152,0.91679746,10.076387,8.023536,14.524237,6.0457997,9.876691,-0.44375646,6.3588686,1.7025325,-2.046185,-0.026243433,-8.02911,6.937513,-6.1770735,-11.881947,-8.357722,14.20374,10.426524,15.258047,8.180694,16.362494,0.050758597,-0.3364557,0.71119124,0.051281467,0.16015083,4.3116374,0.44622624,4.817896,3.999192,4.492266,7.5501614,0.6787357,9.639433,6.292694,7.818439,4.1238585,0.6184396,4.6957803,3.963753,4.3704414,6.74241,0.9042442,7.1644454,6.623958,6.920913,7.352474,0.64089626,7.752946,7.109558,7.330078,8.902179,1.6416107,9.429644,7.7063828,9.087433,421.74042,12.240082,6.2186956,25.248274,2.7179143,2.545487,47.088684,12.913485,87.67051,5.6579137,6.113382,14.727468,7.627869,17.838644,8.572759,12.864218,121.76033,43.190426,123.77797,74.350136,111.45698,63.618626,6.372312,69.055695,61.735558,63.397392,497.03223,9.7427,465.06717,373.0759,397.58002,21.216167,2.4681332,20.772066,18.261509,19.88081,0.017797617,1.1226186,0.9013011,0.005804092,0.0074194027,167.93867,26.021046,179.35986,141.43353,163.745,0.3076974,0.5003196,0.7197137,0.005735058,0.0051559964,26.858105,9.724109,30.547527,22.470737,23.774445,12.226029,2.8411293,14.385405,10.2486315,10.787915,199.58798,30.16866,190.7249,160.52034,195.038,63.73678,20.427797,73.93225,52.98352,72.25304,0.17121452,74.166466,13.540839,85.01118,65.992516,67.04095,422.75055,1.8763835,-0.059369,557.2725
1.4009218,0.40307766,1.6878625,1.3692962,1.8628201,-0.74570817,-0.68000835,1.4424145,1.7778552,0.24697793,0.015395752,-9.870118,-8.189366,-16.918728,0.18257162,-0.22003515,-0.026843634,-0.12692796,0.041100353,0.3711445,0.030323485,0.22584455,0.2174045,0.03743705,0.038553845,-0.47462544,-0.47856188,1.9520909,1.9430299,-0.30340132,1.8963852,49.00179,0.80658144,0.73686725,1.0222752,280.44626,290.33136,332.2473,294.18964,-54.17438,4.316686,20.023756,35.95547,12.837684,18.813549,-0.9037104,18.508045,19.406109,19.604284,0.9296903,-0.006901895,0.923938,0.9291556,0.9212198,7.2874527,0.72702676,6.6991878,5.285824,6.530874,0.69844985,0.1955282,1.7092174,0.1913676,0.4454338,-6.600298,1.6119466,-5.6157484,-8.0251465,-9.098618,12.762446,2.061783,12.291168,9.041048,10.228938,0.057597816,-0.3673507,0.7481425,0.060443264,0.39733353,4.30578,0.46908283,4.172571,4.283585,4.3092666,8.3132305,0.2784564,8.7188635,7.4757338,8.226445,4.214683,0.1486999,4.2210603,4.1327333,4.2346563,6.3361397,0.46278122,6.5886836,6.371852,6.099545,6.8737235,0.17733285,6.948371,6.842335,7.000165,7.629415,1.0247501,7.976827,7.1406827,7.9027224,358.0801,8.418325,1.5941764,-0.61168844,2.8029737,4.5542455,27.409286,0.32707357,1.5215644,23.921827,20.41287,3.67155,1.9416507,3.1092126,5.2279797,3.6709883,97.80298,6.236526,91.11192,118.32572,114.23706,54.647762,0.47441438,50.774387,51.81536,52.749924,312.33514,4.2561474,373.47232,376.08795,370.03668,14.617186,0.2946569,14.312053,14.188436,15.087287,0.0009475537,-0.053931892,-0.050610416,0.0054286183,0.0073727346,143.56314,5.3964114,142.35988,166.20535,153.08577,0.083004504,0.12859541,0.14223927,0.005978696,0.0051559964,19.373756,1.0575339,15.188698,17.76853,18.667252,11.292973,0.25993788,11.374299,11.231303,11.439258,155.98528,2.443338,172.12357,155.64651,187.4149,59.562958,0.6926805,60.5558,59.636036,58.711777,0.1335483,56.86221,2.1152198,50.598984,55.789635,56.78434,402.7094,1.8442317,-0.047623307,435.073
2.6555045,2.5907168,4.4791527,1.5188053,3.4428692,-0.8576434,-0.701512,1.549347,1.9275051,0.23076859,0.014556234,-8.8038225,-12.589925,-22.116812,0.1746684,-0.19164304,-0.022984656,-0.11797181,0.038957357,0.1943411,0.05610295,0.2256861,0.2104223,0.047959715,0.054447133,-0.49249026,-0.47743908,1.9485983,1.949338,-0.3022256,1.8748082,48.0728,0.9028375,0.7768905,1.0326388,341.29755,315.2854,352.58447,308.034,-54.167927,4.837197,21.002762,42.819473,13.398222,23.51253,5.1783175,27.77685,20.456375,23.35465,0.8529064,0.067076705,0.9008682,0.84013355,0.87798864,8.869153,9.963054,16.4903,5.548347,11.056241,0.7179229,6.555589,1.955344,-3.6998358,-0.09273797,-8.72498,6.440081,-4.843855,-12.940866,-9.394447,11.733713,11.143397,18.915174,6.2474475,16.764465,0.05676541,-0.3321381,0.7211506,0.042780496,0.13609514,5.145542,0.9882864,5.500848,4.4739494,5.0731864,7.0471096,0.7290833,8.018361,6.9377046,7.5349708,4.5907755,0.87211055,5.3367047,4.2660646,4.9684973,6.4366107,0.8595819,6.4936686,6.163694,7.1288943,7.3236227,0.9650571,7.530463,6.983191,7.467839,9.011578,1.1754162,9.8681965,8.335635,8.45068,499.00354,18.60202,20.489628,35.1125,4.3350186,4.733109,71.39768,35.88392,87.543144,28.676218,30.747734,20.778303,13.146578,19.370737,9.326553,12.744617,106.97254,89.24439,160.37306,41.821106,108.58142,73.87267,12.697855,80.53058,67.13707,68.33659,572.4963,43.998535,584.82367,444.73154,501.78522,20.174786,2.5929422,22.18971,19.628063,20.742586,0.03244436,2.2300253,1.262863,0.0023470991,0.0074558984,168.93979,33.690197,161.90022,119.404305,179.15036,0.2180061,0.6848209,1.1026225,0.07670989,0.0051920833,36.724148,12.393404,43.755173,24.511501,26.523132,14.146346,5.7988124,16.795786,11.16125,11.82565,251.4878,29.421125,208.53673,151.62901,215.37578,96.08883,49.384422,135.05139,64.92674,102.1908,0.14647989,100.480064,29.287838,120.57034,74.77095,73.120575,613.35504,1.8294518,-0.055822432,705.4338
1.5016406,0.76213866,2.144706,1.4595854,2.345785,-0.770997,-0.7132448,1.4976087,1.8582484,0.2526824,0.017556982,-7.284485,-7.7183986,-15.514079,0.17630468,-0.20557976,-0.02789189,-0.11940365,0.040421646,0.16113098,0.09061934,0.23473455,0.23235446,0.040006172,0.044987936,-0.47073913,-0.4694512,1.9513903,1.9493257,-0.29386893,1.8864596,48.574966,0.87712145,0.79157513,1.0223167,275.47763,298.20975,335.28796,306.4088,-54.183247,4.4040585,20.094177,36.25361,13.2543335,20.664667,3.109733,23.918491,21.63019,22.218992,0.9097178,0.033879172,0.9188926,0.8876395,0.8947008,5.1825542,1.2121162,5.7943077,3.7811615,4.960793,0.41053954,1.1655356,1.4459498,-1.1416403,0.4599113,-5.2951593,1.6927449,-4.13026,-7.153111,-6.2584257,7.1632156,2.7588508,10.410724,6.5553255,9.086429,0.057943307,-0.35222512,0.74953294,0.06843138,0.21561962,4.508378,0.16834956,4.5380697,4.465894,4.4912624,6.672286,0.50701964,7.0422397,6.5295806,6.7998614,4.3873334,0.09859915,4.4206386,4.4424877,4.4101224,6.108568,0.31393582,6.4284964,6.2339506,6.250301,7.4466324,0.23771568,7.4257417,7.361096,7.4094357,8.263785,0.55414665,8.379229,7.9476676,8.242411,376.18927,12.046645,4.985849,13.542454,2.1804235,2.9139252,7.2753263,7.810016,11.169327,5.118654,4.6614575,14.495033,3.9423,15.611773,9.971852,9.365216,50.434696,3.4328494,68.34629,45.22108,48.764565,59.63644,4.4115953,61.016453,58.11356,57.044514,358.89682,3.5423954,368.88208,367.92764,363.7003,20.182203,0.789975,20.94558,19.934454,18.450874,0.0009475537,-0.065204725,0.038202263,0.0063474486,0.0074194027,116.54608,3.916965,101.97992,117.4556,112.469666,0.12339628,0.12483983,0.14223927,0.0058004903,0.0051559964,30.72227,4.9718757,28.65382,24.633615,22.256388,11.234707,0.6839908,11.877942,11.160859,11.604796,120.14943,6.0529075,130.26717,123.72215,118.95863,63.551456,-0.03206034,64.94294,62.08324,66.22197,0.18328463,79.04865,9.235472,71.17172,63.445145,63.30144,379.05136,1.8471235,-0.05091543,446.2743
2.5460413,2.3766916,3.9324229,1.4027172,3.8780081,-0.77142,-0.6848709,1.547905,1.9124265,0.25304288,0.0099519035,-9.480985,-10.997228,-19.342026,0.15838248,-0.2113153,-0.031480547,-0.11830593,0.04053863,0.19303942,0.028933039,0.22273208,0.22685352,0.04742486,0.05240728,-0.47765073,-0.47809237,1.9501246,1.9469308,-0.30501804,1.885098,50.460007,0.32635692,0.80002874,0.95138377,265.2301,285.03467,361.0312,286.02136,-54.183563,4.9295673,20.181456,38.57719,13.45313,17.90182,5.616845,23.872839,16.671993,24.147509,0.9237497,0.05702944,0.94074327,0.88271344,0.86163265,5.60021,4.5093603,8.469915,4.664265,4.743109,2.3864272,4.1801524,1.860492,-1.0778841,0.8388105,-7.121372,3.1235495,-6.6548223,-8.293243,-7.922678,8.947839,4.292208,11.195099,7.511684,11.236769,0.054449655,-0.3433039,0.71184,0.026958825,0.19008864,5.6958566,0.493787,5.602593,4.6379223,5.1547565,7.939318,0.5448065,8.602606,7.5094566,8.397973,4.470175,0.39961293,4.8834558,4.2461824,4.4988503,6.5940294,0.46595445,7.1066694,6.3060613,6.813485,7.003318,0.77608585,7.7803807,6.831181,7.568592,8.119873,1.6943917,9.124465,7.522782,8.27882,460.90207,21.945625,15.269985,22.552423,3.830496,3.2797084,66.78093,22.47222,57.838264,4.2646127,2.79496,14.555077,13.184992,18.423113,6.54741,11.428036,69.26364,33.042168,98.84848,48.962452,78.26225,63.55696,6.6474557,61.694016,57.34242,59.568157,443.99008,19.081491,482.31543,473.78235,448.0539,18.374071,2.0782568,19.633556,17.809137,17.930973,0.4965982,1.921235,3.4052243,0.006372476,0.0074466113,134.30894,14.656246,154.20197,131.39146,148.26378,0.8352891,0.87588334,1.1035273,0.0059844567,0.0051559964,29.229387,9.105705,33.22459,23.14967,23.102165,13.793361,2.6928806,13.674285,10.834306,11.854335,182.14175,18.101828,180.24278,172.1901,166.90337,101.14014,26.925907,116.95652,63.650425,81.28173,0.18660736,91.15917,18.87018,80.69965,66.47746,69.88774,478.47052,1.8157523,-0.0498084,569.0723
0.71832585,1.983969,2.4916933,0.79205555,2.5463643,-0.7620285,-0.7018437,1.5045878,1.8572462,0.239661,0.012435796,-8.748185,-8.815556,-17.650309,0.17071061,-0.19730167,-0.024289409,-0.110656984,0.03528649,0.19512443,0.04683264,0.2396748,0.24363577,0.044212256,0.050674535,-0.47233528,-0.4721337,1.9488915,1.9420638,-0.28789645,1.8841052,48.86608,0.83891755,0.78276736,0.99355346,299.22495,306.25027,317.96002,314.23386,-54.185986,4.8895946,20.225647,39.311478,13.177135,23.404837,8.981335,27.039486,21.256742,27.522154,0.8318369,0.076685056,0.8829798,0.8297361,0.8521167,4.0490847,4.579223,6.548919,2.62755,4.744239,1.166986,3.147772,2.377,-1.0189413,0.6140636,-4.289567,3.89657,-3.4748182,-7.599084,-7.0383096,7.4216876,6.060122,9.207673,5.722018,9.710837,0.058890738,-0.3508371,0.7230483,0.03377199,0.21529,5.249078,0.9452382,5.3352585,4.329775,4.6436863,6.509855,0.6026301,6.7070146,6.9851885,7.101364,4.962209,0.6199702,4.9978895,4.089354,4.533446,6.1542425,0.55912554,6.4070992,6.414492,6.5995584,7.068115,0.8865471,7.748052,6.8840423,7.6919193,7.4649014,2.302836,9.185367,7.351048,9.384456,451.46313,31.138964,23.99681,34.92573,4.0939693,2.0219755,65.767075,45.929443,77.07422,3.5526,1.8847537,16.791607,17.396996,19.434385,5.48636,10.294352,42.731903,62.3649,82.92771,24.642548,49.001137,72.06368,13.283878,75.372734,68.014366,65.40531,432.46915,52.985973,442.38235,443.17078,449.89996,20.938232,2.3238251,21.63893,20.394476,19.361225,4.7589116,2.959622,3.1330905,0.006382361,0.007456702,129.69867,29.326635,140.8306,117.31111,132.06694,2.6402237,3.898903,2.6154625,0.0060086,0.0051559964,37.335648,14.39247,35.645603,25.107784,22.54211,21.765598,9.51521,19.765484,10.747731,12.35533,140.71959,22.338894,152.16223,128.41922,137.55731,95.09797,38.574345,104.48704,63.41628,71.024284,0.22832347,101.08003,25.129175,107.64377,69.46441,65.35887,468.20795,1.7851205,-0.05480612,548.84814
2.1047878,2.8358262,3.9136887,1.0625236,3.1073651,-0.8422119,-0.7212512,1.496129,1.867044,0.23593183,0.025564196,-7.668885,-11.328816,-18.5284,0.17034817,-0.20171827,-0.015406064,-0.10915813,0.030636713,0.3391366,0.046593238,0.24456438,0.23622046,0.044230405,0.04461107,-0.45841807,-0.46812037,1.948298,1.9495164,-0.28646174,1.8795385,48.580074,0.8060608,0.8612084,1.2545738,356.80542,324.2895,347.3141,362.13828,-54.1899,4.890578,20.680864,41.304707,13.171725,21.281054,7.996094,27.394842,20.543148,23.501314,0.8730958,0.080117755,0.9246326,0.848018,0.87969446,8.505122,8.594776,12.034363,4.229655,8.269529,0.604292,6.439117,1.9394444,-3.7335103,0.24859758,-7.115165,7.549309,-4.054263,-11.024117,-7.445617,11.666579,9.818228,14.734589,5.4653234,13.160877,0.06601625,-0.33111474,0.7164785,0.03202887,0.4932275,5.051249,0.90767556,5.5439262,4.4669924,5.0883355,6.731586,0.4735942,7.441271,6.607997,7.057136,4.756094,0.74621785,5.356771,4.389826,4.9890795,6.130585,0.47222638,6.4964347,6.157905,6.3992095,7.1530247,0.8338212,7.9244776,7.055404,7.6299963,9.176146,1.5465703,9.729389,8.576066,9.040285,505.3331,20.625534,23.769392,39.92188,6.742525,5.749392,52.339546,53.122055,74.69354,24.072613,19.869484,16.330278,16.170176,21.399628,8.383534,10.69459,48.678043,55.877525,91.84534,32.515247,50.187077,74.86865,12.98369,76.675995,63.220394,62.81296,456.6917,46.93719,517.2338,445.85574,472.66537,20.279432,3.019679,22.40235,20.311626,19.72802,0.559605,1.9476337,1.758406,0.003380867,0.0074558984,127.91725,22.246044,149.9253,127.97531,145.5116,0.7609586,0.60002065,0.7519406,0.07671456,0.0051920833,32.823742,15.512774,43.160355,27.099155,25.43793,15.507809,5.734009,16.649303,10.871771,12.0316,165.17465,28.503538,166.93782,139.0896,160.23651,89.77627,34.30756,121.45323,62.860817,95.77983,0.18793112,94.72096,35.758068,115.25019,72.494736,75.207405,518.9855,1.7926012,-0.063526735,619.7791
2.7464404,1.8462769,4.1610117,1.5308465,3.452091,-0.9324793,-0.5700001,1.5669358,1.9888432,0.27228123,0.007820765,-7.797251,-8.980311,-16.3488,0.18218905,-0.22493011,-0.03404849,-0.12576404,0.04221986,0.14717618,0.02809257,0.20752536,0.19172554,0.047430072,0.058733225,-0.4758595,-0.45403767,1.9565679,1.9501624,-0.31922922,1.9308012,51.709007,0.77945465,0.8041738,0.98024994,265.29312,284.76068,333.65005,270.2551,-54.18213,4.571064,19.943611,36.436794,12.934233,17.608358,7.289654,22.009327,15.522981,19.838242,0.9390247,0.047284365,0.94587445,0.9036599,0.91649973,6.1609273,3.6341105,8.265786,4.0463753,5.114722,1.308429,3.9437165,2.3556244,-0.9269249,0.8054237,-6.8548083,3.0569563,-6.535089,-7.878452,-7.313318,9.153142,3.6458046,11.00415,7.57516,9.967752,0.05252233,-0.3627732,0.7242592,0.07663,0.16065627,3.9707103,1.0226266,4.5249786,3.4438443,3.9962842,7.9066477,1.0934435,8.831818,7.3562846,8.173379,3.7922857,0.9921136,4.3141575,3.3050225,3.6945016,6.4359875,0.6078602,7.1938,6.274408,6.920865,7.060355,0.8424787,7.849358,6.5879316,7.3694167,8.341578,1.7357638,9.805277,7.2043653,8.715333,455.8899,10.004466,10.509129,12.090619,1.0920522,2.1055744,40.247383,27.361605,75.27524,2.502077,2.79496,15.721931,10.618049,16.238558,5.821609,8.285848,112.01711,43.130527,146.69699,64.97224,97.54174,57.231922,8.291763,60.235455,55.39498,55.813656,405.6018,17.457584,399.45975,350.90765,433.61108,17.378744,3.1064122,19.386446,18.31734,17.159512,0.014986079,1.6028715,3.0995739,0.006372476,0.0074466113,147.4936,25.876501,177.72249,130.40623,159.32153,0.22187763,0.8580632,0.7341193,0.0059800544,0.0051559964,31.139002,7.9835787,33.53264,16.809044,20.100805,12.145706,3.9823995,13.055827,10.14067,10.663304,211.39423,21.70157,188.78941,159.88512,175.45122,49.245785,23.27406,58.13341,34.93643,55.789967,0.1846909,75.77456,17.772358,75.875565,60.99047,63.374622,449.46863,1.8179259,-0.051134855,529.7842
1.5016406,0.76213866,2.144706,1.4595854,2.345785,-0.770997,-0.7132448,1.4976087,1.8582484,0.2526824,0.017556982,-7.284485,-7.7183986,-15.514079,0.17630468,-0.20557976,-0.02789189,-0.11940365,0.040421646,0.16113098,0.09061934,0.23473455,0.23235446,0.040006172,0.044987936,-0.47073913,-0.4694512,1.9513903,1.9493257,-0.29386893,1.8864596,48.574966,0.87712145,0.79157513,1.0223167,275.47763,298.20975,335.28796,306.4088,-54.183247,4.4040585,20.094177,36.25361,13.2543335,20.664667,3.109733,23.918491,21.63019,22.218992,0.9097178,0.033879172,0.9188926,0.8876395,0.8947008,5.1825542,1.2121162,5.7943077,3.7811615,4.960793,0.41053954,1.1655356,1.4459498,-1.1416403,0.4599113,-5.2951593,1.6927449,-4.13026,-7.153111,-6.2584257,7.1632156,2.7588508,10.410724,6.5553255,9.086429,0.057943307,-0.35222512,0.74953294,0.06843138,0.21561962,4.508378,0.16834956,4.5380697,4.465894,4.4912624,6.672286,0.50701964,7.0422397,6.5295806,6.7998614,4.3873334,0.09859915,4.4206386,4.4424877,4.4101224,6.108568,0.31393582,6.4284964,6.2339506,6.250301,7.4466324,0.23771568,7.4257417,7.361096,7.4094357,8.263785,0.55414665,8.379229,7.9476676,8.242411,376.18927,12.046645,4.985849,13.542454,2.1804235,2.9139252,7.2753263,7.810016,11.169327,5.118654,4.6614575,14.495033,3.9423,15.611773,9.971852,9.365216,50.434696,3.4328494,68.34629,45.22108,48.764565,59.63644,4.4115953,61.016453,58.11356,57.044514,358.89682,3.5423954,368.88208,367.92764,363.7003,20.182203,0.789975,20.94558,19.934454,18.450874,0.0009475537,-0.065204725,0.038202263,0.0063474486,0.0074194027,116.54608,3.916965,101.97992,117.4556,112.469666,0.12339628,0.12483983,0.14223927,0.0058004903,0.0051559964,30.72227,4.9718757,28.65382,24.633615,22.256388,11.234707,0.6839908,11.877942,11.160859,11.604796,120.14943,6.0529075,130.26717,123.72215,118.95863,63.551456,-0.03206034,64.94294,62.08324,66.22197,0.18328463,79.04865,9.235472,71.17172,63.445145,63.30144,379.05136,1.8471235,-0.05091543,446.2743
1.4275224,0.16696471,1.6010554,1.3443316,1.6034018,-0.74271715,-0.7170763,1.4661182,1.7916114,0.2722088,0.007912435,-7.358131,-7.707565,-14.774627,0.19552952,-0.22666797,-0.036038842,-0.13377683,0.044839572,0.3334984,0.043688558,0.22323738,0.21920864,0.03759066,0.038593713,-0.48099348,-0.4795259,1.9527262,1.9521071,-0.31285295,1.9015458,49.454823,0.8021489,0.75691,1.1533052,284.9529,293.55212,325.19055,300.11526,-54.172535,4.0726748,19.60845,34.80624,13.148209,17.822536,0.011578183,17.921726,17.496819,17.741064,0.9338578,0.00041399663,0.9344078,0.93394834,0.9347493,4.519771,-0.25623852,4.176706,3.466306,4.785443,0.7576157,0.3478896,1.5965483,0.24010187,0.45319793,-4.9205647,0.70581204,-4.974463,-5.9642982,-6.118302,7.5907197,0.95474863,9.201388,6.9165916,7.244313,0.053498633,-0.3866971,0.7684753,0.033143997,0.43426618,4.289583,0.068147466,4.2736998,4.264777,4.261938,6.622841,0.16072221,6.5635657,6.363661,6.6012063,4.241264,0.050196122,4.2673116,4.2338843,4.2193956,6.0733724,-0.013445067,6.2166567,6.0288887,6.0645475,6.9846196,0.034263257,6.9809103,6.989556,6.9777827,7.530783,0.18820208,7.9027596,7.341552,7.645261,323.3747,0.000773101,0.33483276,-0.45656595,0.069394045,0.30127054,-0.5094065,-0.7140293,-1.3624958,0.35529122,1.4702816,1.6479385,-0.25247145,1.6423881,1.8434324,1.7406138,36.17971,0.20261966,37.208733,36.185654,42.243874,49.97223,-0.48252562,50.002472,50.173916,49.92192,317.24976,-1.0801601,324.0269,317.70944,328.52267,13.876433,0.12144616,13.9022045,13.947973,14.041411,0.0009475537,-0.053931892,-0.050610416,0.006372476,0.0074466113,99.42006,0.58365315,102.869514,96.77114,100.497894,0.083004504,0.12859541,0.14223927,0.005978696,0.0051559964,13.897471,-0.25402278,13.60938,13.929249,14.028443,11.132834,0.158224,11.300484,11.2372,11.322104,103.0235,0.9335055,105.66526,98.608284,104.85312,60.344833,0.22670028,59.236908,59.373173,60.33006,0.15517783,49.892147,0.5999558,49.43261,49.83133,50.16954,323.16733,1.8637843,-0.044822287,364.83908
1.6866173,3.641297,2.4974458,1.1389713,2.117662,-0.9750322,-0.6124085,1.6515088,2.0363626,0.27560243,0.07351817,-3.9145572,-8.257833,-9.135932,0.2589943,-0.22498696,0.028150762,-0.099197604,0.022847064,0.15770112,0.12153766,0.22130942,0.20417894,0.06999838,0.08236819,-0.52820987,-0.45974666,1.9708183,1.9664044,-0.34334826,1.9586657,58.81345,1.0865388,1.0797735,1.4045756,23.80589,179.95921,285.5679,151.03682,-54.163013,3.564898,17.936304,31.239744,12.206901,17.017433,7.435108,21.475592,13.046941,20.284983,0.9388356,0.06379315,0.9676163,0.89891064,0.91312623,3.1569347,7.290115,7.851183,1.4740582,6.1096087,0.44929314,8.087318,3.1578395,-1.8933787,0.2668605,-4.511479,3.773165,-2.3199885,-6.36339,-5.937208,4.9972615,5.4439626,10.772316,3.0601726,8.260508,0.11306425,-0.40868658,0.79368234,0.206735,0.12784414,3.6428237,1.0085816,4.2049747,3.1348147,3.7410285,6.3088675,1.4009994,6.6681476,5.621311,6.0075145,3.6097062,1.0060987,4.1019306,3.0197663,3.656748,5.9986224,0.89820564,6.5182085,5.5129027,5.86083,6.850492,1.3819313,7.3725367,6.007077,7.091474,6.9871216,1.9817135,8.169069,6.110222,7.655359,271.96207,6.131301,7.7953916,7.660202,0.044318713,0.26933515,13.656076,12.447087,9.847804,0.21827944,1.2958724,12.276673,9.967196,13.034658,3.376169,4.94683,52.417526,34.96284,54.962658,23.11691,38.624165,56.128864,15.233874,64.353096,53.10828,52.81847,274.4489,18.781193,278.08707,259.9747,248.60498,18.359175,4.608163,20.63517,16.839918,17.077194,0.014986079,0.17720772,0.40199146,0.048222832,0.0075307274,82.70896,19.923506,95.68352,77.77544,85.447914,0.08812141,0.38252643,0.67484355,0.0060423864,0.0051559964,28.055523,8.97762,29.99804,15.381522,16.22553,11.092351,4.1814413,13.684613,9.498665,10.389589,93.90884,17.252535,99.379295,82.676895,80.47865,40.213234,24.673779,56.912613,28.936111,47.643658,0.22849946,64.01219,20.400196,77.13793,54.208427,51.617912,252.14647,1.8069273,-0.05131159,318.84732
2.504871,2.3758054,3.5255613,1.0112786,3.3281248,-0.82156503,-0.7188506,1.5396916,1.8865983,0.23820662,0.025796484,-4.7899766,-11.914493,-16.80352,0.17052454,-0.19963318,-0.0153173115,-0.110450074,0.03230727,0.2993581,0.048926726,0.24609415,0.24002007,0.045220397,0.04580568,-0.46025345,-0.4657189,1.9488204,1.9475378,-0.28774205,1.8889934,50.82948,0.82842505,0.853336,1.2126482,320.0994,326.0012,356.5048,347.29724,-54.192898,4.7545,20.056528,38.103992,12.983703,19.309128,6.258644,24.192017,18.77902,22.681355,0.93244344,0.053476397,0.92918515,0.8812733,0.8899216,7.750174,8.648257,11.90095,3.4137187,8.3946705,-0.46271485,7.6156054,2.0597425,-4.0905137,0.1998129,-6.501453,6.625251,-3.656909,-10.431275,-8.7135315,12.285314,9.807744,15.155428,5.5488753,12.874685,0.06837581,-0.3309465,0.71776766,0.03782698,0.40674102,4.837891,0.5915075,5.2399416,4.3955865,4.9739294,6.6102552,0.24639274,6.8136616,6.1779814,6.7008214,4.6605506,0.640355,5.0502367,4.316817,4.883098,6.1622443,0.23117605,6.358016,6.1044254,6.197074,7.0940804,0.8226097,7.9208407,6.991213,7.6019726,8.271373,0.96622366,8.725925,8.023622,8.769689,433.88266,19.767633,15.759873,23.933159,5.0364356,3.6739469,32.751953,30.104027,38.065994,6.8769393,6.135867,14.421719,17.80553,19.501608,6.6975408,9.632758,46.274586,49.335773,74.80472,28.540722,46.203304,70.15667,8.829699,71.341736,61.75859,60.309517,408.10715,25.198317,421.2472,411.8747,426.8262,19.90458,3.3469863,21.811724,19.964462,19.632162,0.5047737,0.81491524,0.7332977,0.0032809086,0.0074194027,120.45185,16.945274,128.31148,119.25135,123.76513,0.67537475,0.5294498,0.7519406,0.0049581607,0.0051559964,29.644299,12.064149,37.25461,24.531898,21.260235,14.42481,3.4595478,15.057122,10.748495,11.636675,130.56136,17.826332,144.01035,127.277275,130.85483,78.56669,31.011808,91.77567,62.34507,84.43329,0.19997184,86.30954,21.935373,87.532974,64.47808,62.664883,451.9559,1.8066678,-0.069550194,493.34488
2.7774491,2.0376868,3.6981487,1.3545165,3.4883456,-0.84363765,-0.6952841,1.600794,1.918306,0.23143971,0.016591497,-6.1535563,-13.112363,-19.848476,0.17484474,-0.19394194,-0.022161748,-0.116178565,0.037979994,0.13405812,0.050037764,0.22932896,0.21823087,0.049240723,0.05534094,-0.49006772,-0.47472534,1.9485992,1.946951,-0.30092266,1.8834791,49.270844,0.9245531,0.7663682,0.9549742,304.09534,320.83618,355.86612,305.1025,-54.181786,4.681926,20.572731,39.87,13.210199,21.780672,3.065526,23.818638,20.186462,21.710476,0.8995165,0.024773976,0.9054207,0.8756064,0.9047939,8.275903,10.240233,15.085234,4.371635,10.024951,-0.18727076,6.6531706,2.031887,-4.114449,-0.20367576,-6.972599,5.7722445,-4.555103,-11.597178,-9.19095,12.609121,11.274908,17.741905,6.0120335,14.01166,0.060746696,-0.3298447,0.7218653,0.04787802,0.02643349,4.937549,0.81102353,5.313325,4.409946,4.9654207,7.037992,0.4893373,7.5143533,6.4502025,7.4189987,4.4979725,0.7046883,5.0151615,4.2123594,4.8629823,6.45894,0.5993443,6.355008,6.1223497,6.8207984,7.284042,0.9403961,7.5411234,6.9231553,7.393265,8.0491705,0.6768054,8.934193,7.774167,8.364037,431.18915,7.945337,7.8983936,13.713142,2.8113623,2.678028,29.331926,16.77008,48.078518,15.0792465,18.206966,17.218023,12.099171,16.426558,6.7039285,10.766325,101.26731,81.7038,145.33865,35.796516,103.93383,65.7367,10.116871,74.39205,63.99161,65.234726,540.7922,22.77707,477.5053,411.11865,446.61755,19.783142,3.0018666,21.643314,18.999617,20.22232,0.022099992,1.1474187,0.41670746,0.0022471421,0.0074194027,159.17464,31.202175,137.58177,109.48059,156.87288,0.14353923,0.61425006,1.0882168,0.004953482,0.0051559964,25.758131,9.542913,34.401573,23.768988,22.634325,12.894022,3.683925,15.180092,11.059216,11.399588,215.05475,19.526056,179.6081,130.26869,183.44556,86.655914,41.669483,105.7849,64.87427,84.807686,0.156059,76.11308,13.77812,86.0559,64.07346,60.508785,541.50195,1.8573674,-0.063458726,636.62646
2.5709105,1.2765042,3.6100757,1.7920182,2.633628,-0.7677405,-0.68441385,1.5176601,1.8448731,0.26394728,-0.0047839396,-9.000113,-11.731532,-21.02684,0.16954874,-0.22162928,-0.04539118,-0.13295174,0.05729276,0.21025637,0.055474915,0.21859062,0.20209369,0.040902775,0.044634696,-0.5083527,-0.49103013,1.9520013,1.9503591,-0.3151084,1.8949349,48.097507,0.7781945,0.79087913,0.95634615,274.6294,305.9242,342.95886,301.52054,-54.165718,4.2312675,20.253141,35.97891,13.246028,18.404018,2.7345796,22.520569,17.486155,22.624046,0.925767,0.017529527,0.92156476,0.8978003,0.899486,8.061327,4.8210196,8.950575,5.6235833,7.100724,-0.07579866,3.7996824,2.432789,-1.5588298,0.43642855,-7.8643126,3.2865453,-6.421512,-9.385914,-9.3921995,9.728417,4.649145,11.937837,8.4493265,14.118887,0.040910516,-0.36598724,0.73820037,0.099556096,0.15023397,4.2643175,0.19884843,4.769084,4.259919,4.523381,6.984345,0.36723244,7.6006837,6.9361696,7.582071,4.150429,0.14327706,4.391272,4.023108,4.2293906,6.481384,0.17117016,6.359575,6.235972,6.673638,7.159589,0.5962715,7.5394998,7.088724,7.6459413,7.8347077,1.4197806,8.684121,8.132911,8.740141,396.28247,6.1191483,11.093694,14.312728,1.1891191,0.8622367,21.083197,13.33751,41.830696,2.5890694,1.878353,15.239967,8.064753,18.483002,4.9495144,7.0565624,70.699265,35.98948,71.68176,43.450264,67.678986,57.441467,3.794376,62.09131,54.022312,55.127934,494.84528,19.593554,403.2336,360.32352,379.89597,20.151268,2.5682027,19.259163,16.629295,17.481394,0.0009475537,0.67893684,0.27905115,0.006372476,0.0074466113,129.70908,15.197204,167.99995,110.96242,130.36935,0.08299962,1.2319202,1.3442765,0.005989834,0.0051559964,27.186228,6.760402,31.034964,17.203142,18.55301,10.796844,0.6119342,11.620511,10.780987,10.9977,181.8874,35.51894,159.85568,135.8604,139.67014,60.749695,8.088029,75.392105,58.992294,66.79615,0.14109202,69.66267,8.677108,71.13909,56.988655,56.179234,439.767,1.897397,-0.04008837,515.54596
1.3529185,3.226255,4.0035777,1.2186171,3.298787,-0.801469,-0.74367374,1.529441,1.8931097,0.23761699,0.027828164,-6.8131614,-11.273977,-17.5057,0.16945475,-0.19329904,-0.014717362,-0.106568955,0.03376073,0.21605587,0.124123015,0.2452551,0.23988524,0.049073417,0.054385852,-0.4822818,-0.47515088,1.9514071,1.9496464,-0.2758544,1.848074,47.42668,0.8874679,0.9633017,1.419035,338.82004,327.605,340.60712,344.81754,-54.182293,4.9331827,20.386024,39.79954,12.083242,30.54191,5.528574,29.484707,20.703522,23.70767,0.8469281,0.045213714,0.89506066,0.8173807,0.87118155,5.2473497,8.299867,9.55294,2.002286,7.8877616,0.8842772,7.25782,4.1699333,-3.339149,0.24237923,-5.0178494,6.2980304,-3.13811,-9.40402,-7.305794,9.182973,8.203436,14.313621,3.7170804,10.63187,0.06597899,-0.34358913,0.70630914,0.12147542,0.27459976,5.3138905,1.4244754,5.6167054,4.5141425,4.9382396,6.9238243,1.2423478,8.108545,6.486006,7.228617,4.716145,1.1929781,5.4633145,4.6521897,4.7994566,6.4331055,0.8218727,6.8999624,6.2516403,6.396022,6.969056,0.9050813,7.469864,6.7515206,7.2644734,8.508123,2.4723005,10.071847,7.319392,8.987085,471.45383,16.995157,9.560568,20.861898,8.726861,7.8042645,32.62884,33.214184,44.07136,19.239168,22.622177,12.175626,10.026712,17.347723,5.0711164,9.485728,44.26958,55.796448,88.47217,24.294796,51.18704,67.63717,12.714424,70.5361,75.717026,68.090324,514.37244,29.00534,496.15842,419.2825,468.25552,19.518034,5.0466204,22.733955,18.769117,17.899681,0.719355,0.81993264,1.15312,0.2295234,0.21798132,136.92294,52.545918,126.247284,132.57642,135.18163,0.9067521,1.5883855,2.1023655,0.51720023,0.12211906,29.634264,9.800559,33.7813,26.994738,21.901808,16.824394,4.6836205,16.43212,14.571203,15.0106735,138.5475,29.601646,152.02223,150.30751,146.33932,99.82977,35.68484,126.45162,115.09405,114.33657,0.18818504,85.32613,22.470165,81.81326,70.75723,81.18974,521.83453,1.8181598,-0.062017765,599.8943
1.8493437,1.4257057,3.252197,1.5139775,2.406646,-0.77992654,-0.6872004,1.4980336,1.8357416,0.24975413,0.006506412,-9.2998,-9.917842,-17.448097,0.18746355,-0.20155206,-0.031092305,-0.12643088,0.044897646,0.17786193,0.032806844,0.22014983,0.21225178,0.045299716,0.0493959,-0.50143355,-0.47992754,1.9518466,1.9496192,-0.30780897,1.881675,47.639866,0.7676831,0.7139904,0.89669114,290.43762,309.3272,347.64053,303.0701,-54.17489,4.4623294,19.960407,38.08647,13.363617,18.6867,3.9896953,23.848791,18.282705,23.441885,0.9239946,0.031593647,0.92710817,0.884817,0.89146465,5.885537,5.3052416,11.555698,4.0848155,8.391318,0.66382885,4.046164,1.6367471,-1.6647817,-0.0248635,-6.1556926,4.947942,-4.0726867,-8.824707,-8.34066,8.448109,7.682789,15.293646,6.291782,12.335495,0.052887723,-0.36214033,0.7570749,0.041738633,0.1378359,4.7428308,0.7301343,4.939434,4.2880416,4.6361866,7.065462,0.4104257,7.9644933,6.283969,7.3454146,4.27106,0.4854783,4.6243925,3.918326,4.2563615,6.402394,0.32163784,6.3722773,6.1693754,6.7519054,7.078354,0.7829202,7.500427,6.8915787,7.6481724,7.406985,1.0525674,8.52843,6.9721036,8.337021,377.2326,5.097892,6.441535,8.562119,0.63530946,0.54662216,45.050457,9.697387,25.028439,11.964282,16.077986,15.089542,7.4347715,11.949946,4.8347626,6.9437404,94.12229,74.37766,130.39745,42.340446,102.25521,68.35593,9.5489645,71.202286,58.112263,60.6118,498.79987,10.671724,377.23514,355.7809,391.40808,20.677755,2.3562982,20.834745,18.010023,18.855326,0.018136263,0.94112504,0.3822633,0.006227887,0.0074542775,144.30211,21.67221,162.8441,119.56153,144.56284,0.104262955,0.6401186,1.1002706,0.005986563,0.0051559964,25.968954,4.955402,27.755877,18.48185,17.681767,12.208036,2.6672964,14.962727,10.821409,11.372973,200.2262,15.850597,228.82848,130.30463,168.84248,72.80298,43.573788,79.39125,59.53799,71.15143,0.18027416,77.94684,11.159783,77.43044,58.55047,57.43136,499.88937,1.8371098,-0.04102186,579.3193
1.9616896,2.6367533,3.4897246,1.1244154,2.8438137,-1.1300668,-0.5710768,1.6772906,2.147943,0.27149472,0.015429814,-7.0975275,-7.9664917,-16.26756,0.19814102,-0.2173856,-0.023991693,-0.118799165,0.03729181,0.17098437,0.070571,0.22249506,0.22478904,0.052628256,0.063009135,-0.5012781,-0.46403074,1.9567132,1.9519215,-0.31118947,1.9282795,52.44283,1.0405742,0.8712215,1.1340384,74.32036,220.26718,298.1216,182.68645,-54.172497,4.4817863,19.383932,34.28135,12.685478,18.212664,7.0246916,21.370455,14.193841,20.770275,0.9387982,0.061173055,0.94140816,0.8950046,0.913258,6.111259,5.6857557,10.139075,3.113546,6.2031913,0.21781266,6.2785935,2.4857152,-3.3564696,0.09543234,-6.806047,8.103551,-2.447649,-10.778927,-7.1271443,11.684622,7.7046375,14.74035,5.2759066,9.301322,0.05959261,-0.37336147,0.7273362,0.07529401,0.16142534,4.3300486,0.8567369,4.925544,4.0887375,4.5286345,7.8314705,1.5208397,8.456444,6.388124,6.9829273,4.112142,0.6202272,4.3959765,3.8908432,4.1335897,6.3318486,1.0522135,7.041431,6.1395698,6.2660007,7.1028137,0.2940126,7.3289294,6.958146,7.149779,8.555255,2.0859914,9.410173,7.4167113,9.081894,401.35254,12.322126,6.4415827,13.7223425,3.9014335,4.744998,24.05917,6.7793555,18.82582,4.0278745,3.414906,13.85504,8.115373,11.2360325,4.4894266,5.7008333,57.825897,50.636074,48.091827,49.46619,66.78124,55.834957,9.326568,60.067722,54.646656,54.873466,361.6382,9.540882,388.2578,392.9526,391.16125,16.300209,3.7617352,17.476536,16.243408,17.357023,0.3505361,0.17542407,0.49991703,0.11211162,0.05325194,124.03475,18.70725,143.29785,121.860085,130.96883,0.3530954,0.44426373,0.52701443,0.04916312,-0.011862389,30.32375,7.8474135,29.18423,14.979328,18.24264,12.125214,3.0266032,14.513571,10.471591,10.934284,137.88376,16.710958,142.02435,125.73257,151.48607,69.87545,28.12652,75.06747,49.42264,67.34546,0.14547656,69.31936,15.200309,67.02787,55.895046,71.14786,394.93442,1.801067,-0.055386554,510.32
1.5865173,0.05484175,1.5989053,1.5872465,2.0222476,-0.7818887,-0.71394587,1.5117666,1.846768,0.24301353,-0.036327284,-14.0293865,-10.33811,-24.290651,0.12281484,-0.20434736,-0.074813485,-0.13665989,0.07625105,0.17699301,0.017807994,0.2246274,0.22052407,0.042361468,0.045281548,-0.48320568,-0.4792849,1.9528495,1.9516588,-0.29256007,1.8754388,46.63971,0.8034301,0.7748184,0.9995508,278.51898,310.59055,341.72763,309.75034,-54.172688,5.1128893,21.709015,39.168293,13.783063,24.977823,2.8752282,27.65288,24.292347,24.529942,0.8792847,0.027677596,0.86672324,0.8385863,0.8800453,7.4611545,1.230273,8.361335,7.0295997,8.22014,0.45571968,0.671938,1.9435247,-1.2809159,0.56493455,-7.172252,2.1417727,-6.4796515,-8.295875,-7.391988,10.172725,1.6521053,12.307832,9.587595,10.957636,-0.000342815,-0.3209961,0.70852846,0.02083305,0.23004283,4.871772,0.14450009,5.1252604,4.6402783,4.9191847,7.5435123,0.3089475,7.7937884,7.330122,7.4981265,4.542538,0.23498654,4.74887,4.528475,4.614983,7.110654,0.0503125,7.104391,6.98307,7.0230007,7.417897,0.123621225,7.4480987,7.4491916,7.4232836,8.995711,0.10268947,9.622386,9.326388,9.879508,466.58624,8.035495,0.75683594,6.8481736,6.443627,4.751885,29.642311,1.4953502,28.712069,21.216604,11.8969145,11.460805,0.63187134,12.114331,8.58215,8.9121475,91.98107,-3.1378336,93.62615,87.975845,95.22425,62.612602,3.40137,61.471546,58.55718,59.567825,462.84726,3.6649852,471.53885,461.181,478.01578,20.44434,0.4970799,20.450897,20.677706,19.952524,0.05632486,-0.06313604,0.13256624,0.11210248,0.01652944,161.89645,1.2836193,161.66505,157.62819,168.15842,0.5605906,0.12483983,0.31767866,0.23671412,0.23421882,26.1645,1.3627024,25.771208,26.251362,23.893244,12.79235,0.34320986,11.757381,11.963515,12.65533,175.08896,8.553984,179.364,176.8304,166.76816,71.39134,4.477973,81.39391,61.613865,77.56591,0.1415494,69.76258,3.7992208,71.47186,64.8962,67.68276,537.7777,1.8462803,-0.044007566,562.46027
2.3808253,2.5463305,3.691457,1.1496341,3.0190616,-0.96945494,-0.5546001,1.5304232,1.9171958,0.25901422,0.027086576,-4.8832293,-8.563767,-14.300331,0.18425156,-0.20173469,-0.016847786,-0.110707425,0.032980416,0.2797351,0.034349266,0.22528233,0.2256837,0.06256163,0.07262897,-0.46939582,-0.45954737,1.9546597,1.950344,-0.27616364,1.9219321,51.899868,0.98802567,0.8529507,1.1679972,233.89932,263.24197,319.64902,250.97392,-54.18348,4.529964,19.726938,35.428856,13.022989,25.051,5.3400965,26.206348,20.885336,27.086231,0.8546144,0.05197984,0.8920202,0.84928316,0.8274702,5.875912,5.9446826,8.1759815,2.8854473,9.105999,-0.52356935,4.9471693,1.592219,-3.778987,-0.078698635,-5.7674127,4.0838776,-3.9253223,-8.305586,-8.1436405,10.818687,6.668993,13.015157,5.722345,11.459061,0.073277555,-0.3435458,0.7474344,0.044475637,0.29074287,4.267654,0.49204612,4.634866,3.9920816,4.4754677,6.6897535,0.39391991,6.906782,6.2721906,6.763118,4.13433,0.5666953,4.674933,3.9242556,4.3908195,6.314447,0.6784505,6.7123675,6.160016,6.3239384,7.196321,0.6468976,7.7731066,6.9317765,7.264683,7.9122515,0.80920094,8.650962,7.850552,8.657122,397.47665,11.308016,12.110757,8.886844,3.1311443,4.0855303,22.793339,19.420042,21.16102,9.745867,9.304275,14.6039715,10.302232,15.177779,9.208694,10.754805,63.483013,28.470888,53.117603,32.557438,43.548485,66.26614,9.072079,70.30428,65.44711,65.79057,383.45486,11.823858,373.52097,363.69965,378.22986,20.892538,2.223132,20.764153,17.972593,19.076635,0.20469578,0.27415714,0.60621023,0.018310936,0.08760597,128.88745,11.002029,121.30783,113.45318,118.06244,0.38977864,0.5003196,0.96435153,0.12546419,-0.010966478,23.428888,8.461463,28.282782,20.843412,20.536036,13.745068,3.079579,16.654947,10.964818,12.464405,128.259,13.062053,140.77115,110.33836,117.670815,69.19919,22.416218,89.94453,51.73668,70.74913,0.18290511,80.62664,15.333164,88.27977,69.78802,74.4254,392.7776,1.8150046,-0.068949245,484.26093
2.1282687,2.7052503,4.1325736,1.3154074,2.9653194,-0.77218074,-0.7183792,1.492307,1.8580006,0.24541914,-0.018241243,-11.5916395,-10.770439,-22.99909,0.12872183,-0.2036848,-0.05511895,-0.1282321,0.0558047,0.17009988,0.03391827,0.22976205,0.23151293,0.04266589,0.0446893,-0.47686875,-0.4706247,1.9518652,1.9513221,-0.29533136,1.879978,47.05048,0.79815936,0.7301321,0.89523464,285.99396,312.2574,341.91663,311.95367,-54.182816,5.04032,21.10321,38.08193,13.649433,23.747978,5.3043876,28.798075,21.864912,24.933111,0.8638631,0.05955232,0.89369977,0.8402068,0.8709138,6.6837573,6.462974,13.89133,4.6163354,9.611829,0.44187635,10.175125,3.3538299,-4.0057,0.35165644,-8.70168,10.540653,-4.400568,-12.608761,-8.834343,13.956201,10.491539,18.933819,8.148853,11.872941,0.021860179,-0.33783555,0.68400383,0.020626673,0.17559652,4.886077,1.1247486,5.727653,4.5814996,5.1401706,8.125919,1.5001688,8.082816,6.864331,7.519128,4.5369267,0.45784,4.883421,4.733445,4.7508225,7.2485323,0.494455,7.052926,6.617585,6.510094,7.265537,0.26940498,7.3992825,7.262775,7.3046017,9.357869,1.7248665,10.307611,8.516486,9.605577,475.34824,11.008749,3.7183785,15.931478,5.660789,3.8386998,31.5547,9.886783,26.015196,19.97319,11.9428005,11.273507,7.6505737,14.525202,8.556188,7.5975204,79.14977,40.731728,79.89679,66.79731,70.683716,64.89993,6.060498,65.49774,58.697987,60.673374,490.1732,9.339455,487.55484,489.10284,497.57724,20.75309,1.8567103,19.967426,19.749516,19.113268,0.059778992,0.1594835,0.2881582,0.14724852,0.05693754,166.05135,18.629896,177.46622,164.94139,168.93898,0.5239709,0.31188285,0.3784287,0.535505,0.2402184,30.080957,4.695924,30.614134,23.883348,21.482492,12.499245,1.7851626,12.719149,11.489807,12.825165,166.26256,16.492083,165.74771,172.68274,166.7321,84.54206,25.551983,89.82266,61.513268,96.86837,0.12635413,76.70338,12.078334,82.52286,66.93353,69.88678,506.0418,1.8218801,-0.050649147,593.7008
1.4591298,0.3333957,1.5764217,1.1739001,1.4546769,-0.78253716,-0.6242084,1.4310607,1.7607052,0.2788372,0.020205129,-6.4501476,-6.403398,-12.311876,0.1993151,-0.2273056,-0.027537111,-0.12718984,0.040228955,0.37843317,0.03511845,0.2143951,0.19401751,0.036583785,0.043454353,-0.4629396,-0.4520005,1.9537804,1.9500483,-0.3080928,1.9208031,50.92334,0.77951366,0.74242634,1.1709628,264.75763,296.7488,329.5344,294.43668,-54.18772,3.912411,18.89513,32.083305,12.942766,18.003977,4.079371,22.170721,17.70598,20.253807,0.9310993,0.03149931,0.93121225,0.9018682,0.9161438,4.251399,1.8292823,5.3127375,3.576454,5.0700555,0.15530431,2.6583686,2.176422,-0.91654664,0.4533503,-4.074248,3.124803,-3.2946966,-6.342698,-6.1197095,6.3334985,3.1488492,8.961006,4.9147725,7.507925,0.06787709,-0.4002755,0.78288704,0.04516373,0.48857382,3.8336225,0.6472555,4.048908,3.3987525,3.7479005,6.5322986,0.639532,6.587438,6.3933806,6.5495496,3.7667456,0.66488206,3.975875,3.3703525,3.6301563,6.058322,0.13268976,6.617238,6.1450934,6.1235266,7.169078,0.24389474,7.2936125,6.9854593,7.2262383,7.739605,0.41717154,8.5111885,7.4950695,7.654335,302.52036,0.54817533,3.735818,-1.0148523,0.009800878,0.26010266,2.337424,3.3072488,-1.1333486,0.20999615,1.4702816,3.6987798,1.9553717,7.198885,3.4319131,4.3910327,46.70225,15.323798,49.679783,40.752483,50.642197,53.43773,6.7450633,55.31594,50.607834,50.766987,288.9225,1.2039844,281.50623,282.75635,291.5326,15.051861,1.4998124,15.466628,14.780613,15.186087,0.0015066203,-0.02024976,-0.03630395,0.006372476,0.0074466113,96.40773,1.3744942,100.745094,98.30191,103.98102,0.083745204,0.12483983,0.1566449,0.0059742937,0.0051559964,16.600908,2.689728,17.185575,14.536459,15.174624,11.600237,1.6501044,11.704615,9.974986,10.578162,101.10884,16.271393,99.88894,92.35088,104.22491,43.728413,9.106282,47.452156,35.101593,49.28243,0.19017509,54.40823,11.881028,55.77013,51.02657,50.81964,293.5828,1.8255502,-0.05413257,349.34726
2.9333448,1.2239336,3.080565,2.2268605,3.4795194,-0.7975404,-0.6702172,1.5164707,1.8419261,0.25353846,0.0021561345,-9.926707,-10.435635,-19.979528,0.16513306,-0.21571903,-0.042133175,-0.1303773,0.05229535,0.17042606,0.0060333256,0.22169837,0.2230857,0.043131497,0.057066943,-0.49366143,-0.486762,1.9364028,1.8499241,-0.3174022,1.9048785,48.14871,0.77579004,0.7248072,0.91920793,284.50244,294.78705,342.6571,298.1472,-54.16355,4.0815787,20.153614,34.62922,12.380064,18.486998,0.6093018,19.401443,17.496023,19.488712,0.9245721,0.0016528508,0.9238676,0.92455596,0.91995466,8.172651,5.3989806,11.858966,8.230939,14.013202,0.07476018,5.618372,2.1874683,-3.5889332,0.1931226,-8.62168,3.206742,-7.909082,-10.6272335,-6.9237223,14.082085,9.0246315,14.317062,11.15402,10.816316,0.040735852,-0.35233486,0.7474067,0.056940235,0.10313298,4.2270794,0.3358077,4.372535,4.2632437,4.489867,9.504543,0.457894,10.07298,10.259888,9.023418,4.230671,0.15369044,4.2318697,4.103391,4.2449007,6.1510925,0.09856162,6.120195,6.059714,6.333906,7.144077,0.13120106,7.320356,6.996748,7.0871634,8.243192,1.0224354,8.1755495,7.8818336,8.375873,355.30075,1.9224782,2.9688072,2.7216997,1.6945027,1.8762239,26.567858,0.453637,19.378881,12.405178,16.026806,10.3118925,2.591355,2.947276,3.9640472,5.860208,116.55277,63.758087,135.51973,85.704895,121.010994,57.64216,-0.6551313,55.6577,55.122524,60.608646,420.93466,4.128476,373.32834,366.59528,360.46237,16.204952,0.45696118,15.839703,14.993548,17.278011,0.000669513,0.34057805,0.22885752,0.0054618125,0.0074466113,196.6249,17.980604,188.82864,143.74966,191.07991,0.2282937,1.1984615,1.3923227,0.011503276,0.0051559964,21.181171,1.5960703,17.225925,16.475752,19.305784,11.32972,0.4875698,11.872357,11.169852,11.219604,242.87053,14.327191,231.1992,164.45747,194.16394,59.93685,20.231813,60.784584,58.69223,69.68087,0.12833643,60.451534,1.2621446,58.353928,57.837254,52.04458,500.17715,1.8794333,-0.040640276,550.3824
2.3048894,1.1117626,3.337116,1.8553073,2.5689363,-0.7829488,-0.6490604,1.499222,1.838984,0.23277721,0.007892273,-11.630327,-10.425713,-20.041512,0.17372641,-0.19878398,-0.02921788,-0.1255818,0.043346323,0.27241313,0.03636648,0.22152103,0.2078526,0.040166445,0.045132075,-0.5028072,-0.4867508,1.9529994,1.9418085,-0.31020325,1.8892734,47.89247,0.7872216,0.73809844,0.8293732,270.74835,300.82477,349.3052,295.15906,-54.16701,4.521758,20.187155,36.501858,13.129267,19.24633,0.7111326,21.596283,19.31293,21.639055,0.92175347,0.0015748672,0.913455,0.90569925,0.9011812,8.574012,6.302343,13.853003,6.698143,11.227326,0.13251057,3.9394855,1.8105987,-1.8719815,-0.04062121,-7.477119,5.2426972,-6.5989184,-10.318764,-11.404588,15.926771,8.482391,18.619005,9.72463,14.881557,0.053690262,-0.344411,0.7428555,0.06492518,0.1241321,4.8793383,1.0196905,4.4440646,4.3017297,4.6550508,9.0067215,0.45417815,9.780072,7.3489933,8.596076,4.185682,0.46163315,4.293884,3.8787994,4.228917,6.6643414,0.6417081,6.76312,6.36606,6.34067,7.0694613,0.53898346,7.315109,6.8547354,7.3789907,7.5650067,1.5819435,8.061125,6.9537096,8.036263,395.8985,8.8613405,5.048444,4.7901835,2.8475664,4.7700562,35.051,10.018087,26.489553,35.847004,36.254337,16.392387,6.566539,11.872792,8.159876,9.848351,148.16345,75.231606,185.06508,132.18095,161.1647,61.723362,9.101403,61.12413,54.78491,57.347073,459.5118,11.664534,415.46332,410.741,408.19385,20.425596,2.2529545,19.854528,16.289202,17.503422,0.0009475537,1.1550733,0.6659242,0.0054286183,0.0073727346,222.07912,27.970116,196.71532,185.59183,222.76834,0.09314585,1.3496493,1.3432063,0.0059877704,0.0051559964,24.36415,4.583453,25.671158,26.4047,21.266306,11.063086,1.7716541,13.358445,10.64472,11.122999,252.41609,12.379427,278.3572,180.8631,236.0171,65.99308,28.739153,74.24576,62.406883,65.66299,0.14431326,68.13207,5.4799833,69.612625,59.26658,59.596466,549.40295,1.8554511,-0.040097184,575.2544
2.22591,0.5316994,2.6376212,1.9708897,2.3188393,-0.7521592,-0.6970369,1.4505033,1.7746717,0.2874757,-0.009745467,-8.077171,-9.839814,-19.95525,0.18400174,-0.2378126,-0.060758002,-0.14232595,0.062215324,0.27268124,0.031632904,0.21269509,0.20659001,0.036892295,0.03842741,-0.48968813,-0.48134497,1.9527115,1.9519418,-0.3199439,1.8976762,49.859425,0.8018149,0.764383,1.0364803,285.09595,293.22403,333.12708,304.634,-54.168613,4.232022,19.781237,35.744884,11.381827,17.531893,-0.39420173,17.870754,17.427097,17.823828,0.9315678,-0.0029479412,0.9318345,0.9367515,0.93397313,8.85119,1.2248042,10.492716,9.608965,9.205951,0.12653689,3.7671807,2.1350732,-1.414888,0.45505622,-8.575296,3.8774204,-8.511792,-12.176882,-7.7332926,13.06867,1.900218,12.927706,11.449493,11.683893,0.027715517,-0.38159016,0.72870904,0.017093446,0.3343483,5.39996,0.21945064,4.946266,4.6986356,5.020753,10.164425,0.21620427,10.26754,10.025329,9.273761,4.2435317,0.052267127,4.1948276,4.1674695,4.2222066,5.9795957,-0.033995926,6.072996,6.0958834,6.002211,6.9739733,-0.01885163,6.9242682,6.940334,6.9610944,8.169572,0.775626,8.355208,7.591064,8.675841,360.75192,0.08007809,0.34892124,0.33175555,0.11931403,0.33099872,-0.44182375,1.723383,0.56058174,1.4237524,1.580805,1.7410616,0.03900087,1.9206848,2.2359285,2.3925207,81.58734,13.844451,84.236244,83.006,99.10181,50.758747,-0.5617123,50.399914,50.166077,50.412853,352.50714,-1.138619,377.803,359.5862,364.22083,14.090476,0.17937683,14.151637,14.13999,14.384214,0.0009475537,-0.053931892,-0.050610416,0.006372476,0.0074466113,161.44328,1.1441077,144.44919,176.19432,150.73444,0.09067907,0.11929181,0.20233925,0.0059952233,0.0051559964,14.202569,0.21039441,15.12555,13.985728,14.185599,11.257744,0.1784897,11.299358,11.198969,11.108069,166.71036,3.514502,147.0562,155.13718,145.30574,65.22149,1.1618333,67.15331,60.7559,66.31729,0.13251846,50.301056,0.60165155,49.815815,49.918156,50.263844,372.44794,1.8881468,-0.043488115,442.49274
1.2633917,1.6454488,3.2471058,0.880481,2.0809157,-0.9182494,-0.5363883,1.5443279,1.927119,0.2648034,0.017350476,-7.3788366,-7.0903077,-14.549161,0.18197428,-0.21405637,-0.02658968,-0.11962568,0.0351108,0.14708753,0.04539397,0.21889876,0.20603794,0.043023515,0.04911052,-0.46945322,-0.45492342,1.9538294,1.9422144,-0.3002477,1.9099276,49.97083,0.8464187,0.80150145,1.1032847,257.9648,290.0553,327.85925,291.241,-54.1913,4.087663,19.267282,34.526825,12.75272,23.803858,8.859948,27.101572,22.086103,27.595568,0.82007915,0.06672497,0.88192475,0.8321416,0.85086757,4.1567082,2.3071506,6.518888,2.9042265,4.4551554,0.114826865,3.2008796,2.238848,-1.2282742,0.44702718,-3.4784544,3.7655408,-2.9039912,-5.8943944,-5.7516026,6.360196,4.9485497,8.699313,4.847154,7.314197,0.06921139,-0.37962577,0.784288,0.07581142,0.3000836,3.8762379,1.0052053,4.3223453,3.4421644,4.045416,6.5990562,1.142607,7.456998,6.131744,6.979779,3.8110046,0.9702427,4.1599402,3.3311913,3.8472497,6.071208,0.5784406,7.0322437,6.2910023,6.3589334,7.0891576,0.820454,7.752236,6.7738953,7.535478,7.3809004,2.5134702,10.171775,6.919421,9.688195,354.83875,25.848253,24.33495,35.989704,0.9699418,0.5327303,73.899666,56.125996,78.46053,1.4203849,3.8327477,20.587767,16.327175,21.899687,4.1876464,5.8043637,71.26144,71.297325,102.51266,40.68871,57.129265,67.49032,11.926777,72.88897,59.98251,57.622723,331.93655,61.167343,361.5454,340.67285,359.05408,21.35973,4.2684426,20.918924,17.82738,17.65079,0.23998462,1.4353584,1.4325378,0.048222832,0.053754725,100.20179,34.248722,118.161934,111.00135,109.072075,0.38050672,0.72838306,1.7371701,0.0060423864,0.0051559964,35.635574,17.52268,39.428085,16.66681,18.333689,12.53262,4.978502,15.086068,10.131926,11.369793,145.8019,53.25261,149.05894,101.62702,118.84914,46.544044,23.806837,73.70537,34.708855,50.50768,0.2295598,89.251045,32.503635,97.42645,60.272274,56.99869,352.63177,1.8230389,-0.054849677,432.90323
1.4934927,2.2701535,3.7907763,1.2449924,2.7566903,-0.81710786,-0.74365497,1.5111258,1.8930951,0.23051816,0.025775433,-7.5175033,-11.497656,-19.066261,0.16598,-0.19290952,-0.015041635,-0.10468103,0.030834096,0.24665444,0.0682935,0.2452549,0.248441,0.04785658,0.048730552,-0.46864855,-0.47212797,1.9491674,1.9492358,-0.2679903,1.8351657,44.730427,0.8463022,0.88075936,1.2676408,371.78754,332.74377,347.15552,359.02872,-54.188496,4.956425,20.98838,42.109055,13.455103,31.905878,7.576823,33.107117,24.6674,24.489088,0.80267614,0.075392455,0.8712269,0.7945505,0.867275,6.3373904,7.2732096,10.123403,3.9955976,8.54326,0.5155811,4.98428,1.7780894,-3.2598195,0.21646293,-5.5382504,5.9579816,-4.063175,-9.439506,-7.754743,9.322312,8.912596,13.595045,4.8748136,11.958789,0.06373296,-0.32508567,0.71710086,0.036461107,0.37595654,5.2938666,0.79096985,5.5701804,4.939528,5.3612638,6.742079,0.45403108,7.5765753,7.070926,7.2764244,5.02701,0.65747464,5.425755,4.977554,5.208501,6.06573,0.4518718,6.509169,6.18874,6.350597,7.051728,0.6559949,7.456002,6.992139,7.1844726,9.336734,0.97120714,9.550301,8.320752,8.903237,515.28625,17.576027,18.118698,33.832493,12.213327,10.810991,54.931202,38.415127,64.74291,30.846008,29.649239,14.395798,12.019787,20.755266,8.781773,12.118115,21.589378,40.22952,72.920525,30.607296,44.564957,78.294556,11.083328,82.241486,76.67545,74.44724,508.95084,31.428541,539.72766,469.42743,487.0012,20.549307,2.5414746,22.594141,21.210466,20.613504,0.5719391,1.6033804,1.9043003,0.2545732,0.37352905,130.00366,11.538799,135.10588,125.603676,144.39336,0.73634356,0.66070557,0.9989301,0.57487977,0.15363504,33.632317,11.784142,40.716656,27.486145,27.3085,17.493801,5.2044516,18.932716,15.172713,14.831567,161.25508,20.304338,165.40578,139.09862,162.3389,117.46659,14.171781,137.4883,117.898285,125.76602,0.17724061,102.18283,29.613104,117.39395,86.408806,93.70542,543.82227,1.7895397,-0.0647984,644.09827
1.3837192,1.4188691,2.2737405,1.3464369,2.0169942,-0.79075265,-0.65280557,1.458007,1.8135178,0.25813356,0.0069357227,-8.383833,-8.012296,-17.20647,0.17861924,-0.21359845,-0.027479375,-0.1202407,0.03971277,0.1555571,0.049667474,0.23130573,0.2249623,0.040918987,0.04676094,-0.4859491,-0.4825649,1.9499661,1.9442586,-0.29646105,1.8886777,48.106316,0.83539104,0.7895287,1.0381624,267.3184,300.9011,325.69467,301.3038,-54.174442,4.5442653,19.851439,36.449856,12.939197,23.539598,5.946371,26.169392,21.95334,26.092358,0.8118663,0.04099527,0.8768888,0.8540726,0.85953385,6.6925607,2.9002721,6.943579,5.5330043,6.721461,0.67567796,3.1222384,2.4438808,-0.4380174,0.7270986,-6.49915,3.6879559,-6.2377067,-8.693839,-7.753901,9.583805,4.508599,11.61566,8.897269,11.745222,0.055958368,-0.37672415,0.7457738,0.0422061,0.15397069,4.3910456,0.6102237,4.4798794,4.1529603,4.2957215,6.7409654,0.6190256,6.719296,7.162125,6.7867503,4.1666555,0.3298041,4.5016017,4.004904,4.328511,6.274149,0.636685,6.3610854,6.3425565,6.29876,7.1223645,0.6583863,7.524632,7.0244894,7.6505885,7.370135,2.0587966,8.968335,7.5774016,9.183318,367.4267,13.925685,13.38036,11.325313,0.95099366,0.51667345,39.204758,20.152607,36.79129,0.32484755,1.4702816,17.80238,11.889763,15.796237,3.940583,4.5140433,60.074768,36.225056,74.02782,40.869038,44.32166,58.129898,7.996069,61.347996,56.43462,53.020245,366.83203,37.091835,361.87427,381.01074,376.39688,20.914642,3.8386486,20.708252,16.220377,15.907738,0.004992007,-0.020285703,-0.023630468,0.006382361,0.007456702,128.25087,7.450429,118.48731,114.64524,114.93232,0.083004504,0.14265981,0.15429305,0.0060086,0.0051559964,32.843494,12.958445,29.640417,16.061398,16.836256,11.078448,0.78088176,11.916679,10.741498,11.197656,133.2995,16.33191,118.25404,111.51644,117.035515,61.01333,11.563386,68.41428,59.27511,61.239513,0.18150204,71.04709,15.656038,71.699295,53.841248,54.976868,365.33322,1.840523,-0.050858427,417.39975
2.3695788,0.504577,2.6559563,2.0238278,2.3188393,-0.7481205,-0.699468,1.4564149,1.7771604,0.29114667,0.00077235315,-5.742016,-8.478095,-14.669374,0.19742273,-0.24039713,-0.0485792,-0.14112349,0.05625049,0.3604346,0.04456433,0.2136277,0.20992321,0.037200022,0.038362443,-0.4874519,-0.48134497,1.9528072,1.9519076,-0.31890488,1.8966368,49.641804,0.8018149,0.7495119,1.1587454,282.73932,293.39935,332.4428,302.858,-54.16803,4.077451,19.400167,34.95486,11.063853,17.817553,-0.3310515,18.00599,17.624548,17.88312,0.9327141,-0.0022986983,0.9326723,0.9339073,0.9339231,7.688623,-0.1642371,7.5541987,8.49949,7.4843264,0.25139144,0.45799747,1.5686394,0.08698316,0.45450515,-8.777029,0.49739859,-8.633861,-8.11628,-6.6523304,10.475143,0.44539514,10.705519,11.329959,10.656265,0.046019744,-0.40659332,0.7803438,0.031714436,0.48611948,4.1823525,0.068147466,4.1080003,4.194051,4.1954293,6.338378,0.15555787,6.2115693,6.33126,6.1742635,4.209155,0.050196122,4.2319536,4.202677,4.211716,6.0242167,-0.0072494852,6.185432,6.04097,6.038481,6.9820433,-0.015197072,6.9445734,6.9699254,6.9639006,7.5084233,0.10074647,7.4321,7.295914,7.2909355,294.4739,0.000773101,0.33483276,0.17482077,0.069394045,0.30127054,-0.5220973,-0.47144094,-0.7730474,0.35529122,1.4702816,2.0633655,-0.11937615,1.6423881,2.1093848,1.9727072,28.864075,-1.6491295,27.036844,30.630308,35.839237,50.21915,-0.43707934,50.20488,50.09859,50.26813,278.37933,-0.57967055,291.9526,272.7902,292.09943,13.984575,0.12144616,13.912897,14.085908,14.124877,0.0009475537,-0.053931892,-0.050610416,0.006372476,0.0074466113,86.01848,0.33919936,86.96832,87.77846,91.16613,0.083004504,0.12859541,0.14223927,0.0059877704,0.0051559964,13.88285,-0.05977796,13.765916,14.048881,14.079707,11.15825,0.158224,11.299358,11.239809,11.268349,85.90994,1.3250992,87.49143,85.67082,94.27972,59.645885,0.037384383,56.104015,59.260105,59.542812,0.17006561,50.218777,0.5999558,49.702454,49.711967,50.263844,295.73145,1.88162,-0.04218584,327.92557
1.4591298,0.3333957,1.5764217,1.1739001,1.4546769,-0.78253716,-0.6242084,1.4310607,1.7607052,0.2788372,0.020205129,-6.4501476,-6.403398,-12.311876,0.1993151,-0.2273056,-0.027537111,-0.12718984,0.040228955,0.37843317,0.03511845,0.2143951,0.19401751,0.036583785,0.043454353,-0.4629396,-0.4520005,1.9537804,1.9500483,-0.3080928,1.9208031,50.92334,0.77951366,0.74242634,1.1709628,264.75763,296.7488,329.5344,294.43668,-54.18772,3.912411,18.89513,32.083305,12.942766,18.003977,4.079371,22.170721,17.70598,20.253807,0.9310993,0.03149931,0.93121225,0.9018682,0.9161438,4.251399,1.8292823,5.3127375,3.576454,5.0700555,0.15530431,2.6583686,2.176422,-0.91654664,0.4533503,-4.074248,3.124803,-3.2946966,-6.342698,-6.1197095,6.3334985,3.1488492,8.961006,4.9147725,7.507925,0.06787709,-0.4002755,0.78288704,0.04516373,0.48857382,3.8336225,0.6472555,4.048908,3.3987525,3.7479005,6.5322986,0.639532,6.587438,6.3933806,6.5495496,3.7667456,0.66488206,3.975875,3.3703525,3.6301563,6.058322,0.13268976,6.617238,6.1450934,6.1235266,7.169078,0.24389474,7.2936125,6.9854593,7.2262383,7.739605,0.41717154,8.5111885,7.4950695,7.654335,302.52036,0.54817533,3.735818,-1.0148523,0.009800878,0.26010266,2.337424,3.3072488,-1.1333486,0.20999615,1.4702816,3.6987798,1.9553717,7.198885,3.4319131,4.3910327,46.70225,15.323798,49.679783,40.752483,50.642197,53.43773,6.7450633,55.31594,50.607834,50.766987,288.9225,1.2039844,281.50623,282.75635,291.5326,15.051861,1.4998124,15.466628,14.780613,15.186087,0.0015066203,-0.02024976,-0.03630395,0.006372476,0.0074466113,96.40773,1.3744942,100.745094,98.30191,103.98102,0.083745204,0.12483983,0.1566449,0.0059742937,0.0051559964,16.600908,2.689728,17.185575,14.536459,15.174624,11.600237,1.6501044,11.704615,9.974986,10.578162,101.10884,16.271393,99.88894,92.35088,104.22491,43.728413,9.106282,47.452156,35.101593,49.28243,0.19017509,54.40823,11.881028,55.77013,51.02657,50.81964,293.5828,1.8255502,-0.05413257,349.34726
2.2904294,1.2527676,2.9788635,1.7451259,2.7965024,-0.746061,-0.6900075,1.4480779,1.8057194,0.2808025,0.01086654,-6.1945615,-8.6173935,-16.095186,0.17857844,-0.22511989,-0.032742046,-0.120096266,0.04719234,0.25050327,0.048156083,0.21309586,0.2129949,0.039984904,0.04415601,-0.47137535,-0.4751535,1.9503223,1.9478952,-0.31078118,1.8943146,50.00132,0.34667554,0.7466601,1.0274421,282.36832,308.3605,364.76694,320.1685,-54.176487,4.4294252,19.501535,35.79092,11.291421,18.054781,5.9742746,23.080729,17.46995,22.08286,0.94396675,0.05192716,0.9346625,0.8909623,0.8966488,6.316961,3.8666525,9.23723,5.908115,6.6047144,0.14424771,4.736828,2.0186584,-2.2102695,0.5133678,-6.2349653,3.6367795,-5.9267683,-9.124702,-6.8394213,8.4846945,4.8365326,12.167109,8.179091,11.784521,0.057979345,-0.37714463,0.7502128,0.03075848,0.38434795,4.6469603,0.3428494,4.7214584,4.4648676,4.551602,6.424016,0.2695326,6.6510706,6.2743926,6.74797,4.2771716,0.27817124,4.408519,4.1334066,4.328847,6.1416035,0.2945883,6.331981,6.072401,6.0320125,7.0209255,0.7463576,7.702699,6.969235,7.6830964,7.5585713,1.0073525,8.075434,7.3405085,8.162001,368.07578,14.772448,12.234241,16.77341,0.90893227,1.062149,30.498793,20.448242,21.367413,0.8599197,1.4702816,9.743693,11.2692175,13.723659,4.364327,5.964859,42.42847,16.31426,56.95349,35.95126,39.90063,59.1703,6.232773,59.47215,53.314846,53.003796,330.44592,13.7842245,343.27713,332.7063,337.3182,19.142668,2.9741757,20.183514,16.211077,15.821009,0.434922,0.3397727,0.48006684,0.006372476,0.0074466113,101.809364,9.158722,103.522064,99.17986,109.579384,0.71555626,0.14265981,0.15429305,0.005982393,0.0051559964,26.994787,8.6823015,27.22428,17.814428,17.160576,12.428288,1.2948666,12.193343,10.737164,11.370689,107.97789,10.926815,113.62789,101.76503,109.744,65.99518,15.709688,71.47133,60.41632,70.662,0.19208494,80.24706,16.443607,67.63539,55.699898,55.21675,344.03036,1.8484205,-0.04803251,404.45322
1.8558652,1.0912062,1.9823254,1.2221963,1.7897702,-1.025394,-0.5769778,1.6680983,2.041778,0.24435945,0.027392978,-8.730329,-6.671261,-15.630502,0.1928515,-0.21674514,-0.01868925,-0.12231006,0.03322854,0.08595043,0.050591636,0.2279159,0.22739401,0.07737969,0.087143525,-0.5350874,-0.4705362,1.9577024,1.9449066,-0.30199456,1.915025,51.126312,1.1573259,1.0421629,0.9997233,108.74896,187.11546,275.93164,175.04997,-54.164986,4.0447264,19.722845,36.599117,12.746548,22.509094,6.270103,22.196604,18.799042,20.069468,0.8829874,0.05749347,0.9326448,0.8853791,0.9174473,8.242896,2.4731765,7.7240157,4.252852,6.780239,0.39003786,2.109846,1.4824584,-1.1650361,0.4357687,-7.214742,3.9559004,-3.7891347,-7.737403,-9.385559,14.392561,3.9375138,11.6513405,7.5830927,13.034694,0.07399545,-0.35256743,0.76889265,0.08400346,-0.017613288,4.060019,0.47226,4.2479563,3.9827428,4.2932105,8.295756,0.3563472,8.649628,7.1314716,8.2735,3.9712095,0.42119497,4.2017465,3.806717,4.0691643,6.2810416,0.5099886,6.6763434,6.34766,6.1515527,6.9098077,0.5124625,7.2755013,6.7862835,7.28961,7.7059755,1.106813,8.152805,7.06964,8.000236,367.59735,7.957157,4.2920413,3.4340818,1.8617288,3.0839434,18.524725,6.9559712,7.5860453,6.7170496,11.6078825,11.706937,5.7414007,11.433291,7.3940325,8.896821,98.74767,20.954117,87.23298,109.43315,105.77454,60.485622,10.259801,61.187817,55.9329,56.34238,309.68454,11.113491,393.93204,379.82245,375.5076,18.220535,3.9153078,20.020811,16.011618,18.160465,0.0009475537,-0.053931892,-0.06591006,0.0054385033,0.0073828255,142.34622,12.981732,153.08986,164.52396,155.15337,0.083004504,0.16883864,0.14223927,0.0060086,0.0051559964,20.960165,8.811818,23.562439,19.59179,19.73119,10.524197,2.98719,12.588209,10.110882,11.401183,162.47281,15.447491,164.99808,149.7095,188.53363,52.565792,10.694036,63.451595,49.318996,52.729527,0.16463955,62.166035,11.999405,66.448944,57.492435,58.76974,385.41696,1.8208396,-0.048400894,478.5569
0.6624996,1.679062,2.5648067,0.80981845,2.0787659,-0.74186397,-0.7062871,1.4582053,1.8200314,0.25753298,0.0056636133,-8.956923,-8.326821,-16.327375,0.18240167,-0.21183307,-0.029430766,-0.11986726,0.040275194,0.18254845,0.046117898,0.23523389,0.23297606,0.045634728,0.049650393,-0.47866786,-0.47436336,1.950167,1.9443467,-0.28766298,1.8770753,47.303844,0.83019036,0.7792921,1.062733,300.90637,315.07477,326.6955,320.1601,-54.17999,4.7508144,20.115334,39.241837,13.113064,23.68842,7.609593,28.17977,22.565231,27.49934,0.81853896,0.06832543,0.8704135,0.82643104,0.8477662,4.9780636,2.8097117,6.77366,3.3778188,5.5009475,1.2131733,2.3693357,2.3330789,-0.18449323,0.57256985,-5.075179,3.061121,-4.406025,-7.5190625,-7.3140264,10.004321,3.9881985,9.34989,7.238933,10.34987,0.054370847,-0.367745,0.7366584,0.03671142,0.23899908,4.9230857,0.81127375,4.9260125,4.303812,4.5601335,6.6082244,0.5578764,6.875866,7.118383,7.158957,4.7000585,0.5143499,4.7367034,4.093037,4.462906,6.1081243,0.5068604,6.376115,6.3944044,6.586401,7.055353,0.8403516,7.5787883,6.8954244,7.5872793,7.2543344,1.9174258,8.81766,7.3315973,8.9437275,407.9252,16.104658,16.115316,12.777035,1.31389,0.7694488,40.29549,23.931038,46.871716,2.5855217,1.8847537,16.397789,13.002623,15.314044,4.283066,8.670014,41.365677,46.67228,72.4245,29.149471,43.896873,69.97951,10.236999,72.91497,63.785873,62.32253,407.7355,31.626719,394.82605,406.9384,421.40222,20.04468,1.8545043,20.4077,19.273998,19.127771,1.1628915,1.12829,0.81209296,0.0063644843,0.0074568684,120.656845,19.426954,130.62927,115.5949,124.95141,0.9260768,2.1447158,1.7269467,0.005998,0.0051559964,32.835644,11.390811,30.19535,18.721561,19.491299,15.9994,4.949728,16.067095,11.032484,11.529954,135.19168,16.78923,134.20273,117.10865,126.25022,81.382614,26.014189,94.29408,62.054813,68.86094,0.20985846,78.06657,17.118847,88.937775,64.2215,60.04792,431.92578,1.8221992,-0.051427778,498.808
1.9907796,2.8779457,3.548075,1.2030724,2.7676628,-0.7526318,-0.7183585,1.4761164,1.8010801,0.2596895,0.014329801,-8.080348,-8.70147,-16.802307,0.19761412,-0.21774192,-0.026962623,-0.12502122,0.039136324,0.26992282,0.044951,0.22766936,0.23011597,0.038550198,0.038056675,-0.4681685,-0.47059622,1.9513516,1.9506165,-0.30530715,1.9003495,48.657623,0.799646,0.72648466,0.97749573,293.0578,286.10095,321.9342,294.8736,-54.181828,4.502302,19.647821,35.573017,13.003802,17.908333,0.83865494,19.101473,17.903563,18.446915,0.93440056,0.009698372,0.9352191,0.92175967,0.92810917,5.5370092,5.4388876,11.4499655,3.3081744,6.9275184,0.45194906,7.3711605,3.3507695,-2.6875987,0.19217293,-7.0229545,7.51174,-3.4907453,-11.245876,-7.3574057,10.825134,6.3049736,15.972234,5.740237,8.190823,0.05584906,-0.3651698,0.7066144,0.024847148,0.30383036,4.4328365,0.5013644,5.030067,4.3091335,4.51894,7.8541164,1.6011622,8.484008,6.7338524,7.126721,4.2609653,0.17523655,4.4152145,4.2704787,4.262714,6.6158,1.1241242,7.106216,6.085359,6.0611725,6.9895296,0.07921332,6.985923,6.939671,7.000356,8.555255,2.0847569,9.268949,7.377432,9.076556,413.35574,1.619846,3.2204401,6.9580197,0.077446334,0.30417445,2.885102,6.181674,6.8832593,0.4121568,1.726992,2.4920597,2.593063,1.9470606,2.0606065,1.942299,54.03621,29.386953,54.62515,48.946312,52.972576,54.52052,1.6529999,54.407566,51.699497,51.605755,396.6089,5.8334846,404.19846,406.10388,414.82248,14.158697,0.65879214,13.990722,14.6744795,14.27272,0.005171154,0.17542407,0.13195643,0.0064102574,0.0074466113,126.48357,17.508821,136.07169,123.12259,136.35631,0.087921575,0.31563845,0.20298932,0.014209976,0.0051559964,14.966423,0.9053847,14.76042,14.774401,14.7156725,11.865286,1.143797,12.334723,11.313693,11.476248,127.10557,4.3037868,126.90659,125.51104,132.26062,63.6985,5.4774055,67.71098,59.729942,71.074524,0.13696243,54.723812,6.309107,53.380848,53.249046,51.925903,415.4453,1.8394616,-0.05037934,508.40927
3.578849,1.756711,4.75132,2.4571662,4.949033,-1.2298062,-0.56105816,1.5478272,1.9831616,0.24290103,-0.0012738216,-10.254708,-13.864711,-22.458702,0.1560603,-0.19935217,-0.03753593,-0.11887739,0.046750613,0.20881635,0.09554119,0.22106437,0.2173533,0.040858902,0.045346983,-0.49203032,-0.48805425,1.9506804,1.9471852,-0.31058466,1.8931141,49.384766,0.34412527,0.76023406,0.79166967,207.81618,302.043,361.66537,305.76575,-54.178772,5.023549,20.372711,38.64782,13.415338,18.734531,4.3656135,24.420475,17.750843,23.686508,0.9402137,0.028875846,0.9267822,0.8721411,0.8848161,10.397204,6.692459,15.710157,9.70559,12.23427,-0.65233356,4.8372717,2.5848486,-3.5041444,0.08445531,-9.077241,3.207984,-6.7961984,-11.139137,-12.083505,12.989054,5.6727505,16.671997,11.796901,18.79783,0.04680569,-0.3298736,0.6940887,0.1109365,0.17391786,5.8658323,0.55903584,6.225835,4.847004,5.3480535,8.174898,0.40617797,9.223348,8.472407,8.7578745,4.530624,0.49298373,4.979296,4.1665015,4.408577,6.1748695,0.34495908,6.952702,6.238347,6.8449345,7.158422,0.43311873,7.597454,7.0969605,7.588538,8.829739,1.0577456,8.876555,8.318301,8.908361,481.0223,12.321371,10.530408,14.4410515,1.6925796,0.9426519,24.518188,13.511026,48.20661,3.4416623,2.1350627,16.430668,9.738864,18.61285,5.4624805,11.374258,69.11322,35.09183,82.24667,53.966434,80.21281,65.45467,7.1652737,66.868484,61.740395,58.14126,643.4767,14.88104,550.238,541.29626,500.7364,20.076439,1.018027,18.978472,18.660921,18.476366,0.6287618,1.1652324,0.6084491,0.006387142,0.0074541466,164.06268,24.098583,197.85443,162.54709,171.94179,0.9814294,0.21929039,1.266748,0.006449653,0.0068033054,28.172468,8.329,33.269497,21.936646,22.194613,14.846545,1.8701583,12.525695,10.819507,11.728646,216.45961,31.61453,186.07835,169.5736,177.6564,115.989685,20.400988,137.288,68.8039,84.22034,0.122068845,77.29306,13.619675,75.35821,63.272297,61.060555,533.5162,1.8824265,-0.047729567,673.37195
3.2184503,1.3936194,4.038436,1.9526122,3.1356385,-1.3184856,-0.4890288,1.609024,1.969269,0.27256995,-0.0023658467,-9.504234,-9.46586,-18.741915,0.19017294,-0.22516099,-0.039085478,-0.13180287,0.04789679,0.18680331,0.07302561,0.20488031,0.1540518,0.05707634,0.08657188,-0.5156257,-0.47357807,1.9543374,1.9437243,-0.32240722,1.9135925,52.305458,1.0121554,0.8595393,1.0759399,195.3964,282.32138,343.29022,273.46036,-54.155945,4.4860516,20.253428,35.471455,13.237146,16.655048,2.1969435,20.099537,16.864588,18.815777,0.92822134,0.0033142515,0.9342097,0.92483944,0.9269766,7.23437,3.8351943,9.421842,5.6999207,6.4752574,0.15283395,3.403389,1.7479787,-1.2163941,0.41551068,-7.230044,4.834196,-5.506609,-9.205832,-7.369241,10.018436,7.5822167,11.528515,7.9587283,10.947487,0.040823318,-0.36056024,0.7201897,0.066018134,0.11935157,4.228221,0.2981656,4.6694036,4.029836,4.391017,7.532409,0.51924837,9.014409,7.313497,7.7361097,4.076356,0.3295699,4.3941803,3.9606967,4.02969,6.6167645,0.3522738,7.087424,6.570331,6.897281,7.2381186,0.2326058,7.573645,7.1388345,7.408508,8.589856,1.1702526,8.668051,7.7929187,9.0141115,416.16498,1.8067305,1.4447666,8.765641,1.2143863,1.4891845,25.349787,4.2167478,70.220406,1.3893323,2.3804884,7.182184,2.2328467,11.280719,6.183956,9.158786,78.67028,13.594546,99.88504,76.66047,89.277916,54.967175,4.625988,55.759315,50.64117,52.981586,432.73022,0.84375644,419.17957,353.02414,385.7687,18.225845,1.0628061,17.90071,16.171824,15.898497,0.0009475537,-0.056139573,-0.068680465,0.0058848634,0.0074466113,136.47597,19.151857,136.6397,130.16853,135.60078,0.09906607,0.12483983,0.14223927,0.011402575,0.0051559964,21.7065,3.7622056,21.391628,16.31017,19.701935,10.929844,0.71235955,11.256655,10.632605,10.921469,160.16347,11.902152,173.37894,151.06287,161.33672,55.522385,7.0127687,66.56475,50.415543,60.214703,0.14040004,60.70101,4.7256165,67.27528,56.933037,59.441563,459.80267,1.8882399,-0.04414347,494.45456
2.77318,2.209366,3.8227532,1.4732513,3.2217557,-0.7830708,-0.6994652,1.5678083,1.8952926,0.24844402,-0.009996246,-10.707486,-11.637551,-21.815836,0.16839996,-0.2013934,-0.044586755,-0.13137753,0.050899465,0.17052455,0.025373153,0.21785803,0.2102844,0.050492875,0.057384543,-0.51142055,-0.48967734,1.9525694,1.9506729,-0.32130912,1.8846673,49.45995,0.79155195,0.7941484,0.8801987,272.5581,283.349,338.88943,273.56808,-54.15921,4.906528,20.690166,37.622417,13.430134,18.395239,2.2335231,21.250011,16.754179,20.417484,0.9176046,0.016701298,0.931856,0.90874434,0.91291684,7.173053,7.388772,14.135667,4.9754763,8.744849,2.561093,4.7859917,1.860492,-1.3091179,0.3444091,-8.742759,5.0364246,-8.045939,-10.758177,-9.470128,10.718166,7.975593,17.67141,8.731617,14.168615,0.036361195,-0.34162354,0.7102393,0.039095134,0.05533856,5.697758,0.75491184,5.402011,4.6209483,5.3333044,7.5865593,0.47182,8.994736,7.26961,8.347582,4.434811,0.45127237,4.7911787,3.982355,4.404536,6.542471,0.58538646,6.993022,6.2901073,6.86697,7.0742364,0.72673655,7.4823456,6.7645354,7.3615284,7.8953238,1.4351175,8.567624,7.3645773,8.391442,454.92294,8.454644,6.9196706,13.227701,1.5469835,2.1389139,54.574795,14.068947,67.05021,14.111296,16.214514,14.506177,5.8730536,13.285799,6.0404263,8.896334,101.6724,78.28019,137.68008,39.321754,109.84178,60.184227,8.318567,66.56581,54.283997,58.633896,544.7883,12.09412,471.5043,464.6126,454.93427,18.48461,2.3413227,18.94317,16.544228,17.157784,0.018136263,2.821834,3.720514,0.006372476,0.0074466113,146.72769,26.070576,193.15585,130.0295,173.04285,0.23745818,2.084435,2.7356455,0.005989834,0.0051559964,26.30272,4.327186,27.787714,17.46771,20.0734,12.045266,3.9837418,15.393519,10.760345,11.377741,228.23505,16.332718,241.23575,169.0464,204.95743,95.43555,39.66724,124.58367,66.403984,82.905304,0.1547686,70.685684,7.780146,73.0072,61.51644,64.22581,583.8423,1.8924316,-0.034956496,677.7069
3.2184503,1.3936194,4.038436,1.9526122,3.1356385,-1.3184856,-0.4890288,1.609024,1.969269,0.27256995,-0.0023658467,-9.504234,-9.46586,-18.741915,0.19017294,-0.22516099,-0.039085478,-0.13180287,0.04789679,0.18680331,0.07302561,0.20488031,0.1540518,0.05707634,0.08657188,-0.5156257,-0.47357807,1.9543374,1.9437243,-0.32240722,1.9135925,52.305458,1.0121554,0.8595393,1.0759399,195.3964,282.32138,343.29022,273.46036,-54.155945,4.4860516,20.253428,35.471455,13.237146,16.655048,2.1969435,20.099537,16.864588,18.815777,0.92822134,0.0033142515,0.9342097,0.92483944,0.9269766,7.23437,3.8351943,9.421842,5.6999207,6.4752574,0.15283395,3.403389,1.7479787,-1.2163941,0.41551068,-7.230044,4.834196,-5.506609,-9.205832,-7.369241,10.018436,7.5822167,11.528515,7.9587283,10.947487,0.040823318,-0.36056024,0.7201897,0.066018134,0.11935157,4.228221,0.2981656,4.6694036,4.029836,4.391017,7.532409,0.51924837,9.014409,7.313497,7.7361097,4.076356,0.3295699,4.3941803,3.9606967,4.02969,6.6167645,0.3522738,7.087424,6.570331,6.897281,7.2381186,0.2326058,7.573645,7.1388345,7.408508,8.589856,1.1702526,8.668051,7.7929187,9.0141115,416.16498,1.8067305,1.4447666,8.765641,1.2143863,1.4891845,25.349787,4.2167478,70.220406,1.3893323,2.3804884,7.182184,2.2328467,11.280719,6.183956,9.158786,78.67028,13.594546,99.88504,76.66047,89.277916,54.967175,4.625988,55.759315,50.64117,52.981586,432.73022,0.84375644,419.17957,353.02414,385.7687,18.225845,1.0628061,17.90071,16.171824,15.898497,0.0009475537,-0.056139573,-0.068680465,0.0058848634,0.0074466113,136.47597,19.151857,136.6397,130.16853,135.60078,0.09906607,0.12483983,0.14223927,0.011402575,0.0051559964,21.7065,3.7622056,21.391628,16.31017,19.701935,10.929844,0.71235955,11.256655,10.632605,10.921469,160.16347,11.902152,173.37894,151.06287,161.33672,55.522385,7.0127687,66.56475,50.415543,60.214703,0.14040004,60.70101,4.7256165,67.27528,56.933037,59.441563,459.80267,1.8882399,-0.04414347,494.45456
1.9812146,1.5554612,3.4445865,1.4241028,2.8742442,-0.7682225,-0.6816364,1.5389152,1.8759276,0.23822987,0.011269832,-9.067864,-10.20466,-18.765547,0.16771203,-0.1968455,-0.025353957,-0.1170058,0.041173663,0.18873772,0.037029,0.22360334,0.22810525,0.044980764,0.050428208,-0.4940574,-0.4785202,1.9503376,1.946614,-0.30670226,1.8886845,48.352516,0.33370695,0.7415321,0.8601356,264.5415,298.54507,374.6995,300.99432,-54.18132,4.5782933,19.982893,38.099457,13.427689,18.75634,5.8898935,24.737883,17.116611,24.154314,0.9216457,0.054686822,0.9384409,0.87560266,0.8801745,4.292761,6.924809,11.856712,3.7428927,7.65569,0.7652755,5.1943173,1.6806681,-2.4064186,0.010326881,-4.4253235,6.002631,-3.125666,-8.808776,-8.252357,6.1986294,9.564871,15.15836,4.761781,11.800503,0.059487313,-0.33959222,0.74469095,0.03448486,0.085489646,4.992082,0.86892706,5.229355,4.3077917,4.688686,6.9504156,0.46014497,7.597353,6.2671285,7.4183526,4.3938346,0.6234271,4.8177114,3.925268,4.379914,6.4242187,0.39933228,6.373426,6.2141833,6.722562,7.0820165,0.91312283,7.7534003,6.8654284,7.757645,7.5359178,1.3924426,8.519547,7.0158243,8.355382,400.26324,18.43412,16.027405,25.221918,2.7964554,1.8008769,57.747005,28.035715,49.452408,13.486838,16.077986,17.48773,14.289636,17.075771,5.6877847,8.024292,93.67925,81.869125,148.83842,40.48862,106.810776,69.52203,11.477681,71.955925,59.67422,61.766483,492.81046,26.944084,430.3313,375.46622,425.79974,21.66926,2.8904371,21.727488,18.73914,18.898912,0.4965982,1.32982,0.79605526,0.006372476,0.0074466113,153.52525,24.278175,161.35907,127.58536,157.14977,0.7568554,0.6401186,1.1002706,0.005982393,0.0051559964,29.20742,9.699537,34.515854,24.127842,20.286943,13.800865,3.4716082,15.693825,10.669202,11.87635,206.31718,21.400259,241.19635,140.6439,178.05888,80.94356,50.19551,95.52199,61.003967,73.13339,0.20334543,90.45205,20.367138,87.46844,61.631084,61.527676,529.1636,1.8122095,-0.044421617,608.1379
3.2466652,2.3344948,3.4244227,1.7791185,3.3286593,-0.93614304,-0.445119,1.4596848,1.8057556,0.26368752,0.02039309,-9.382906,-7.9511795,-15.298017,0.17595924,-0.21525913,-0.021050017,-0.1260902,0.0420872,0.16488479,0.045598388,0.21015283,0.19609839,0.044463612,0.06820606,-0.44187564,-0.42318738,1.935071,1.8518077,-0.3018561,1.9321253,50.141453,0.92669326,0.72716475,1.0109773,278.54517,282.92633,334.86694,301.65753,-54.198967,4.5738134,20.243896,40.929077,12.579647,17.932564,10.068938,24.632286,13.367746,22.845837,0.92867744,0.07710655,0.9400455,0.8802757,0.89043236,6.6354213,5.4051275,10.511745,6.8781204,9.3885765,-0.30642092,3.8625417,1.3275447,-3.0897865,-0.08253616,-7.1609626,3.699348,-6.413355,-8.143282,-8.242912,8.594576,4.8464365,13.561081,11.126516,12.54216,0.058393247,-0.3721863,0.6975124,0.07702143,0.2452229,4.932066,1.07418,5.049783,4.058008,4.806905,8.119497,1.158537,9.0393505,7.7472506,8.107037,4.6396227,1.0016749,5.0587373,3.8971424,4.653558,6.802332,0.93073535,7.4760213,6.6058545,6.525715,7.273014,0.8555439,7.8488207,6.9994884,7.5651593,9.242085,2.999068,11.010579,7.3494377,10.4189415,539.3901,16.137335,27.982395,22.88133,0.367368,1.3340474,61.000237,43.565933,38.670544,3.2150362,3.1185045,18.040724,18.849075,20.711758,5.1507945,5.7416697,97.7195,50.912415,160.72766,76.70279,112.92407,65.474594,18.38345,77.921074,58.33751,56.733704,517.6546,62.98304,544.6045,451.27728,511.7971,20.385403,5.2291794,22.640846,18.327454,17.520067,0.0194244,0.5563232,0.43230113,0.0064449087,0.007467947,156.57176,25.408733,168.7387,154.59958,179.25679,0.15121055,0.8536475,0.95434713,0.006157246,0.0051559964,35.218037,19.977814,37.645412,18.18928,17.119808,12.841438,6.018848,16.394194,10.597207,12.166393,212.41418,45.774242,208.20424,188.46268,191.66695,69.44327,34.63752,82.828835,51.037663,75.239975,0.16294749,86.94207,44.516056,106.61752,61.98695,59.169624,549.7965,1.8026397,-0.06358504,650.82434
2.3740234,2.8699472,4.465798,1.2409793,3.3349805,-0.82019347,-0.6374979,1.539327,1.8726156,0.24011195,0.012962425,-5.631036,-11.727059,-18.378944,0.17171632,-0.20106366,-0.020386048,-0.11205367,0.036077473,0.17687869,0.054216433,0.24108571,0.23943554,0.04621208,0.04994336,-0.46556136,-0.46945587,1.9483829,1.9418747,-0.27889276,1.8796152,49.431427,0.9386455,0.8298276,1.120488,308.9358,322.0253,351.49155,349.29324,-54.18992,4.9377437,20.172112,38.69108,12.896816,19.493244,5.6189156,25.71105,19.95531,25.625214,0.87176186,0.040949266,0.8970458,0.8657841,0.8586536,8.574171,7.7443867,10.824121,4.540652,8.351609,-0.31142426,6.3267875,2.6237144,-3.9002347,0.30560574,-8.422654,6.0849247,-4.8754725,-11.046316,-9.502419,15.343438,9.557041,14.461367,7.0038276,14.041246,0.061023924,-0.33587047,0.7088983,0.040007036,0.23760438,5.067562,0.77020484,5.3042517,4.35694,4.928036,6.7091665,0.5216177,6.880626,7.1511874,7.0488143,4.643049,0.60186493,5.1071267,4.219984,4.8503075,6.1753836,0.38576818,6.35563,6.330713,6.608687,7.245801,0.7506165,7.7723556,7.012592,7.4712977,8.008578,1.758861,9.279542,7.949168,9.513747,447.29633,20.854036,20.418047,18.533545,1.854401,2.4414048,53.160126,33.20159,61.12221,4.928851,5.0592904,21.603525,17.0297,18.844751,5.9159946,7.6279597,60.52622,59.9178,82.9151,32.952274,45.118607,68.70902,10.513807,73.38996,62.29724,59.719807,423.51138,41.53246,421.565,457.06406,454.86484,20.40948,2.3082902,21.065302,18.770618,18.99804,0.022099992,0.40546128,0.33720404,0.003654053,0.061864678,129.46635,15.572225,135.79489,125.3108,123.01247,0.17686157,0.5294498,0.7519406,0.0051030605,0.0051559964,35.6485,14.406968,37.221264,19.112305,19.85506,13.828013,3.519109,14.927762,10.994202,11.761669,154.63316,20.91335,153.33101,118.909515,136.01076,81.64815,28.549475,90.91716,62.210304,82.21897,0.1955936,79.24896,20.995707,97.45917,64.1963,60.208313,451.46323,1.8376443,-0.07021787,526.15265
0.79024106,0.5453635,1.348453,0.941789,1.3598822,-0.7940682,-0.71413136,1.4856781,1.8444536,0.24639443,-0.021781066,-12.511239,-10.494967,-23.149422,0.13099615,-0.20786633,-0.062243942,-0.12963797,0.060377624,0.20520712,0.022391604,0.236444,0.23305626,0.047393434,0.044564426,-0.4760145,-0.47479668,1.9525101,1.9516805,-0.2911642,1.8662217,44.6376,0.7964628,0.7641967,0.96652925,309.48077,324.07864,353.6447,330.05328,-54.18135,5.3750167,21.422905,40.542194,13.474041,24.83347,4.3922615,28.370346,26.100616,23.667274,0.8133018,0.047409244,0.8374569,0.830362,0.88418454,4.4667683,1.596871,6.3089404,3.9114773,6.744529,1.1067427,2.883432,2.050947,-1.1071916,0.53477633,-8.001721,2.3442621,-6.001579,-8.79584,-7.18871,9.827806,1.5285186,11.070308,8.131525,10.42163,0.016028807,-0.3263623,0.703704,0.016258048,0.29274157,5.0155425,0.35989064,5.310844,4.8975744,5.2798023,7.608138,0.36868748,7.8225565,7.3032956,7.930755,4.628015,0.33866155,4.83101,4.3149915,4.569365,6.991662,0.104972,6.9877353,6.756586,6.7608123,7.1499205,0.5427871,7.7323165,7.209983,7.592191,8.006558,0.48688975,8.868871,8.524348,9.309205,483.90677,7.415362,2.6028352,7.494696,6.7178693,4.359274,34.480957,9.747177,28.560743,20.109104,12.311387,7.4736204,2.4697642,9.651721,5.817297,6.963594,63.447678,30.73268,79.45108,61.7994,72.12921,70.07069,3.3718464,71.743095,59.649075,61.042225,487.86148,7.3030148,499.3712,457.45468,496.7374,19.323288,0.7004163,19.953766,18.162048,20.215607,0.108541444,0.11931879,0.31992295,0.30315042,0.26591143,149.1621,4.3454137,149.07614,146.14165,162.58742,0.8649323,0.51609766,1.1859442,1.7518537,0.4032286,23.826025,3.2006714,24.959915,23.696161,22.22825,14.25415,1.6825535,14.925634,13.093506,13.747531,157.39635,10.877984,160.84032,158.13495,157.65514,80.64331,14.402941,97.04539,63.30238,97.91216,0.17303514,74.2777,9.131855,76.52466,69.521706,63.310608,520.36194,1.813972,-0.046817854,625.9907
1.669476,2.667204,3.4716833,1.1173313,2.9067879,-0.801652,-0.7137977,1.5080916,1.8622895,0.25790653,0.024891783,-7.5759816,-10.583794,-16.493336,0.18759649,-0.21497907,-0.02154135,-0.12022241,0.037959073,0.37281114,0.10149557,0.23983876,0.2204611,0.042314142,0.04266589,-0.47556928,-0.47042364,1.9520779,1.9522442,-0.2930501,1.8865921,49.446827,0.82118154,0.79420155,1.4017732,323.27795,324.56296,345.2881,344.61154,-54.182335,4.7121887,20.122606,39.037296,12.370749,20.571333,5.234454,23.407593,17.857178,21.556713,0.92237306,0.03768054,0.9251206,0.88393295,0.8983241,7.7512784,8.937279,10.981159,3.1718736,8.236421,0.80410033,9.430306,4.1744847,-4.2633653,0.1512687,-7.7414255,6.8573475,-3.7331123,-10.24766,-7.1712055,13.40509,7.5683484,15.533934,5.712394,11.71849,0.06301995,-0.36255464,0.71618706,0.11704318,0.4826779,4.8676386,1.4233408,5.2297535,4.0683036,4.5486264,6.931128,1.2003903,7.8895884,6.257693,7.035398,4.472309,1.1573095,4.9267454,4.098443,4.4508996,6.547918,0.6403086,6.9400725,6.2861404,6.549329,7.118665,0.77594906,7.5527005,6.8489356,7.41317,8.093902,2.8926704,9.9435,7.3277483,9.388367,425.80014,6.0339518,10.792759,15.69965,3.436765,3.0894938,16.379313,37.36245,35.282234,6.9691486,10.606317,9.626976,15.985954,19.205927,4.142498,7.624837,54.54185,60.852573,83.15198,30.938694,56.85764,65.00112,11.2696705,68.478584,58.580437,55.253365,424.72266,39.616623,429.52942,377.21686,426.02753,18.97364,4.3493123,22.224949,17.195908,18.920675,0.027667483,0.6525417,0.41683438,0.063125774,0.010944161,136.85977,53.356617,134.27853,122.04775,130.29416,0.32315227,1.4328811,1.7432195,0.20518689,0.0051559964,24.494862,12.2566595,34.405552,22.81873,21.11407,13.207391,4.682134,13.936768,10.875843,11.537972,133.31612,29.667423,140.12112,129.89053,130.59665,68.79868,41.423622,90.84479,60.14535,81.03837,0.18801293,66.04422,27.053799,80.14344,55.765285,56.71653,468.65353,1.8467164,-0.058279376,554.73413
3.126626,2.2383997,3.863822,1.545198,3.025428,-0.94668317,-0.5364248,1.5515324,1.9153423,0.26961225,0.0031343466,-9.1027975,-8.046463,-18.140345,0.17720257,-0.22030218,-0.03476321,-0.12786414,0.04277683,0.2910993,0.03228523,0.21698356,0.21103114,0.05707598,0.071717314,-0.50288814,-0.46777046,1.9547988,1.9488909,-0.3086491,1.9144804,51.899517,0.8098292,0.84205073,1.1414678,158.02022,258.66013,308.33505,216.39253,-54.16978,4.489789,20.269457,36.52111,13.20329,19.024094,5.12035,22.35105,14.737287,19.809664,0.9161974,0.038833458,0.9493929,0.8938019,0.9156078,6.9322157,3.7530465,7.478475,5.8765845,5.20121,1.8371325,2.9938855,1.7749767,-0.20681122,0.7933426,-8.536676,2.9294727,-7.5293517,-7.4117045,-7.3047924,9.262248,3.263236,10.330628,8.374656,11.353612,0.04033465,-0.36164194,0.7281606,0.037577424,0.26946795,4.3766537,0.44905066,4.860949,4.0618052,4.705039,7.692236,0.75037616,8.786782,7.3139176,8.028428,4.1107244,0.3719403,4.461073,3.9120877,4.243369,6.3839273,0.5745507,6.9688854,6.310125,6.625259,7.1120443,0.4738794,7.7103086,6.8912725,7.3505335,8.266732,1.9424732,9.447073,7.5286617,8.187752,444.64667,12.301505,15.302776,14.414531,0.9974312,1.858437,46.604145,25.435627,52.807827,4.065495,3.2340379,17.285507,8.045878,13.344268,5.8122225,9.046878,99.39235,16.48773,78.06426,58.64078,85.29838,60.52176,6.3478756,61.20199,55.16629,56.89219,395.9695,20.68243,424.2231,381.306,415.46518,17.63035,2.068021,19.049047,15.897702,17.344097,0.062995896,1.6372895,2.9393072,0.024305409,0.017288595,156.87424,6.857041,146.11322,132.21106,152.93552,0.22548167,0.85962576,1.3431401,0.0059665074,0.0028936903,25.730547,8.789488,26.511984,16.728937,20.073818,11.279587,2.2571146,14.5761,10.308933,10.489386,191.01462,26.553205,181.74106,169.04778,158.17009,64.890434,11.669998,68.033745,49.0893,65.84602,0.16916357,70.085594,13.831169,77.47874,63.47393,63.562016,437.0577,1.8262633,-0.05275999,554.2416
3.1640768,1.971097,3.955667,1.7600716,3.313282,-0.77599514,-0.68441385,1.5311992,1.8659352,0.2695902,-0.0068553756,-10.064752,-10.725661,-18.927855,0.17453364,-0.22562063,-0.04548331,-0.13310774,0.04736125,0.16351512,0.043133676,0.22134782,0.2123473,0.045861017,0.052040815,-0.49443904,-0.48346975,1.9535098,1.9509256,-0.31377104,1.8884869,50.16383,0.7901804,0.81126493,1.0437669,266.67233,279.98334,328.16232,275.2251,-54.16888,4.506398,20.166592,36.019295,13.250902,17.869766,1.7115209,19.760592,17.19834,18.844706,0.92333776,0.01091629,0.9317864,0.9201796,0.92570174,8.554609,4.45917,10.036902,5.8047695,6.994133,1.9168794,3.053282,1.8777536,-0.43479165,0.81585354,-8.73642,2.0236459,-8.1559725,-10.032294,-8.813891,11.600031,4.5942554,12.948663,10.25773,12.606031,0.040607076,-0.35822397,0.718123,0.037671477,0.10249373,4.40229,0.2713495,4.611485,4.307924,4.8090024,7.6319213,0.5199888,8.97451,7.497604,7.8089423,4.272499,0.12097904,4.342353,4.1167917,4.3125486,6.2938685,0.2924574,6.982773,6.2032175,6.62903,7.099792,0.27729255,7.4483514,6.94038,7.2197366,8.446599,1.3933326,8.839915,7.771273,8.309833,407.02185,1.7767359,5.449,5.0455747,1.0963702,1.9689101,27.125608,4.5518847,20.64994,2.479436,2.3804884,8.618916,3.077485,11.446662,5.9402504,8.22307,69.5677,20.140951,83.35072,55.76919,79.398315,50.96117,2.7689035,50.25722,50.268406,52.326027,415.32385,1.5085151,416.14075,408.35196,388.47162,16.358925,1.3532482,16.78919,15.8057375,15.059551,0.014123665,2.2402892,4.2996516,0.006372476,0.0074466113,145.09554,11.702709,146.44675,131.69794,138.08145,0.21730354,1.5058806,1.7395446,0.005989834,0.0051559964,19.401094,2.6180534,21.119053,15.234227,19.60484,11.434871,3.6341956,15.8026905,10.754744,11.05182,174.79999,6.495068,161.89888,156.41786,155.18901,63.73952,3.2285492,64.59314,59.47295,68.791695,0.13435136,55.178528,4.2354507,55.676205,57.144627,61.34175,435.63367,1.8693098,-0.043979008,482.2164
1.3858845,0.3171706,1.7373453,1.3311427,1.613467,-0.74722886,-0.7132448,1.4578265,1.785454,0.268989,0.01516025,-7.620436,-7.4272966,-14.538748,0.19609477,-0.22310601,-0.029064052,-0.12584414,0.04142457,0.3481278,0.041156705,0.23000373,0.22430867,0.03873611,0.041349944,-0.47484726,-0.4721425,1.95257,1.9514718,-0.30271593,1.8941969,48.721764,0.7964628,0.7461236,1.154613,280.4913,310.13135,329.66116,306.15125,-54.182087,4.270022,19.573874,35.25426,13.128435,17.973394,4.031514,22.140182,18.404459,22.354548,0.9268559,0.03049609,0.92831594,0.89879847,0.90033203,4.909182,1.2228771,5.8187513,3.4839163,6.437811,0.23253931,2.918498,1.6873527,-1.0020989,0.45159456,-4.834733,2.2041066,-4.52311,-6.9047585,-6.836558,8.281844,2.0534556,9.492407,6.0538373,9.077869,0.058377214,-0.38889438,0.76059407,0.038077913,0.4610852,4.284926,0.1108771,4.3153863,4.2264175,4.3840165,6.612292,0.2053719,6.757503,6.5216327,6.647054,4.261416,0.12276884,4.2474637,4.165312,4.207376,6.137953,0.14019209,6.3425913,6.0382385,6.083338,7.037447,0.5834224,7.5645356,7.0283747,7.6269403,7.4008336,0.69700396,8.220246,7.421766,8.051684,340.1177,0.564027,1.1650406,-0.48465607,0.16800196,0.360998,0.1563827,0.6293772,0.09335703,0.35529122,1.4702816,7.116137,3.231048,8.223463,4.4099417,4.5296597,50.278152,6.4357967,50.220543,41.201504,43.50597,56.320305,4.3832426,55.93193,52.890736,51.411304,317.33255,0.12315861,323.33298,323.3803,336.5537,18.417252,2.461333,18.458603,16.265526,16.355207,0.0009475537,-0.057103626,-0.041382704,0.0062520695,0.0074542775,105.18572,1.4785337,105.645294,100.161934,102.86503,0.082795985,0.14265981,0.15429305,0.005982866,0.0051559964,18.842024,3.051838,19.049711,16.042517,16.057928,11.077749,0.40164477,11.347112,10.977401,11.107325,110.19146,4.167915,111.86254,105.036354,104.91149,61.168797,5.2932467,61.137886,59.97874,60.856346,0.17172909,56.361248,7.0321455,56.265686,52.39867,51.55955,328.92905,1.8401008,-0.04834053,372.45847
1.4955992,0.14434084,1.6541598,1.3564713,1.6034018,-0.74675584,-0.7129307,1.4594393,1.7884263,0.26590595,-0.0052647027,-9.544926,-8.784456,-18.37055,0.18163146,-0.22441779,-0.04720686,-0.13565764,0.05079439,0.24443291,0.031647667,0.22249773,0.21584249,0.03743705,0.03865868,-0.48039085,-0.4795259,1.9526305,1.9520543,-0.31302956,1.9020928,49.60366,0.8021489,0.76789296,1.0377812,286.23947,293.3768,325.87482,298.928,-54.17173,4.089065,20.077387,34.978455,12.851208,17.668194,-0.076204,17.879501,17.819029,17.85715,0.9326626,-0.0002775431,0.93356997,0.9365494,0.93361664,6.6136355,1.1645757,8.316032,5.4460964,7.411143,0.4594396,3.6900403,2.086087,-1.3955348,0.4454338,-6.878259,3.8739278,-5.7442884,-9.886662,-7.198182,10.579774,2.3067791,11.808694,8.288896,9.071497,0.034704942,-0.36017665,0.7249418,0.023254143,0.2809312,4.2993693,0.1995915,4.393249,4.3250556,4.4766736,10.367292,0.3176213,10.650443,10.440582,9.505512,4.245427,0.052267127,4.1998363,4.234679,4.224693,5.9861565,-0.04019151,6.0817647,6.0926023,6.018148,6.9921484,0.030608695,6.96456,6.9896207,6.974653,8.191932,1.0395699,8.862755,7.779136,8.907674,361.4045,-0.0036425935,0.34892124,-1.0915607,0.11931403,0.33099872,-0.42913306,2.4671414,-0.008618848,1.3012487,1.580805,1.3446925,-0.22037652,1.9206848,2.0163257,2.1960962,83.169014,17.370317,85.103195,83.181274,103.8843,50.63127,-0.48252562,50.197506,50.2414,50.134975,369.99554,-1.2806021,373.60974,376.629,364.17496,13.963028,0.17937683,14.1409445,14.083373,14.300749,0.0009475537,-0.053931892,-0.050610416,0.006372476,0.0074466113,142.2,-0.70285386,156.05676,148.42769,151.26215,0.089235544,0.11929181,0.20233925,0.005986149,0.0051559964,13.93144,-0.0067983856,14.969014,13.8660965,14.185599,11.232328,0.1784897,11.300484,11.19636,11.166344,163.90529,3.1229088,154.10867,163.61678,155.98027,61.05111,0.5424592,59.445198,59.373173,61.612366,0.124265574,49.974426,0.60165155,49.54597,50.037518,50.16954,372.634,1.8689849,-0.045740448,421.02884
3.1037786,3.771492,4.7776847,1.4980966,4.3039193,-0.7516569,-0.6783406,1.5271575,1.9491608,0.26290944,0.0044054254,-7.989181,-10.958328,-19.078915,0.17690533,-0.21951416,-0.034472764,-0.12786387,0.04532272,0.10918932,0.06479241,0.22026677,0.21611938,0.042539373,0.050746124,-0.48510695,-0.47881106,1.9535455,1.9499428,-0.31901467,1.8928186,49.9219,0.9825392,0.79624027,0.88542813,282.76144,293.05994,326.8227,285.5138,-54.164948,4.616559,20.082989,36.21536,13.16722,17.836466,4.4679546,20.40745,16.81645,19.114428,0.93030447,0.042638335,0.93340707,0.9142484,0.92371726,8.568575,8.761224,14.988859,3.9793346,8.800158,1.5534748,9.448777,3.5532672,-3.0492017,0.28198245,-8.720999,9.449281,-6.229229,-12.849238,-10.0455065,13.828394,9.381983,18.025913,8.169685,11.730441,0.045063794,-0.35939786,0.69900537,0.05354988,0.04526815,4.4406757,0.7854099,5.444042,4.223029,4.807753,8.291056,1.8992742,9.62432,6.619115,7.6114564,4.316946,0.4640033,4.6774497,4.114786,4.332857,6.4942064,1.1537671,7.1193624,6.02526,6.339873,7.1311026,0.40961185,7.4843526,6.8601184,7.2840385,8.900085,3.0863807,9.679237,7.738641,8.404414,433.57336,6.838725,10.050027,11.872379,1.1044226,2.1267173,27.493668,8.370968,24.770866,3.6591012,2.3804884,14.67832,8.147418,11.250013,6.281597,8.494191,78.95845,57.11272,93.084335,48.66747,65.2438,54.04113,5.649141,54.87663,52.726513,54.34885,455.0754,7.492983,462.49078,502.9223,413.65475,15.818062,2.3125322,15.421711,17.788458,15.49955,0.015848614,1.6365905,2.8797998,0.0064102574,0.0074466113,150.29149,31.026793,165.64366,126.32967,166.26471,0.2192165,1.6329592,1.7803185,0.014215738,0.0051559964,27.37381,6.138913,26.352137,15.952794,20.341402,12.086222,4.6410413,16.411633,10.77445,11.02459,177.78801,12.342777,151.35352,164.98544,161.40457,82.303535,23.3239,97.90819,59.377464,83.857765,0.11976448,64.31437,13.327428,64.8133,60.584167,63.778404,446.37607,1.8329002,-0.04674677,554.94977
3.22841,1.4222969,3.418957,3.0046675,3.5520895,-0.8115886,-0.6959734,1.4972978,1.8586549,0.27733806,0.01412505,-3.8941798,-11.821228,-16.568565,0.1866476,-0.22023009,-0.031778626,-0.12251994,0.04979764,0.36250302,0.04207853,0.21684578,0.21203227,0.03803106,0.04227323,-0.47354713,-0.47327974,1.9522951,1.9504149,-0.31505066,1.8786914,49.798607,0.8042583,0.7642815,1.1798108,292.14218,320.23038,351.48312,324.72363,-54.17488,4.5399375,19.592104,37.295734,11.750848,21.699682,1.6377386,22.227879,19.268003,20.141285,0.9060332,0.016683249,0.9140261,0.9047777,0.9173971,10.113244,7.4330397,11.46273,8.183424,10.023113,-0.23183665,4.059737,1.9344847,-3.6823096,0.21916397,-10.239327,3.5137498,-10.311651,-11.423163,-9.849831,14.270305,3.4716468,15.451382,13.580506,15.563394,0.05599908,-0.37570935,0.72537863,0.032216474,0.5170907,4.708978,0.20088139,4.777102,4.5857334,4.7912645,6.322554,0.22977242,6.4093914,6.115897,6.893144,4.4482,0.1864231,4.726619,4.34594,4.5255957,6.1025915,0.16656573,6.287426,6.0596704,6.1080327,7.125898,0.27122828,7.3184013,7.0521674,7.139102,8.173967,0.38312003,8.200999,8.488209,8.353256,379.42987,3.7498138,3.2290967,5.8051357,2.79958,2.6651218,15.038498,5.0036435,17.959074,6.4211683,9.305209,13.077484,7.3694305,14.668215,7.7643065,12.116981,47.735985,21.878464,67.499695,34.208447,38.55758,61.392044,4.871962,61.75166,59.587673,59.671425,365.99994,8.6236315,362.3459,342.87326,350.47397,18.926193,2.1365685,20.417131,18.970299,19.143045,0.0020265006,0.046218447,0.041986164,0.00328081,0.0074194027,100.4975,11.448439,105.02774,100.076416,107.091095,0.103790075,0.11679141,0.14223927,0.0047932914,0.002588697,23.414917,5.678054,27.316847,23.610449,23.576231,11.583453,0.6204714,11.484994,11.112283,11.000638,109.34556,8.721968,111.74906,106.47743,111.38074,69.15362,5.3597627,77.69922,67.935356,74.184265,0.16183503,65.2454,9.554202,70.05927,60.7503,60.65092,350.0254,1.8813384,-0.06363892,412.54208
2.4145403,0.8928623,3.3174787,1.9449389,2.309518,-0.78545177,-0.68394095,1.5132562,1.8560865,0.25625658,-0.0011167654,-8.95716,-9.90589,-17.768778,0.17752656,-0.20137525,-0.04035127,-0.13172355,0.05018921,0.1889311,0.04669392,0.22013365,0.2074702,0.040320054,0.045681756,-0.50981253,-0.4870239,1.9543422,1.9507986,-0.31776056,1.8958355,48.16373,0.77700835,0.75164783,0.9361493,266.61017,302.22092,342.4906,298.89407,-54.161613,4.1810904,19.88533,35.43448,13.221203,18.50883,1.5139959,21.522894,17.407894,20.180626,0.927195,0.00836508,0.9236781,0.90938056,0.9138919,7.4850464,5.8611164,12.15397,5.045007,9.28403,0.21814205,3.4799912,1.6979296,-1.5096024,-0.041172307,-6.9125915,4.306331,-6.097252,-8.691932,-8.401652,9.050283,8.811402,15.988908,8.086885,12.363169,0.046121746,-0.36944172,0.76334184,0.045197513,0.081869364,4.2800612,0.6033419,4.2382383,4.1331244,4.351787,6.717316,0.45654526,7.5017357,6.0399823,7.045351,4.205382,0.30724168,4.3112874,3.895016,4.203624,6.3707266,0.3224728,6.326092,5.971449,6.26205,7.18489,0.40884474,7.3984604,7.0086207,7.3875413,7.513299,0.60762143,8.05746,7.228477,7.8002644,346.6454,1.8015804,3.8050349,5.445622,0.07269057,0.36718,15.101841,9.6034565,22.789776,11.743756,15.663514,11.503145,4.7637124,8.328048,3.8913388,4.4178777,85.77503,74.93789,132.22868,41.702053,93.36731,56.061527,7.6905107,61.053314,51.87534,53.61055,448.25635,9.1518755,355.58463,334.19894,354.9683,19.450401,2.126114,18.344965,15.464905,16.149828,0.0009475537,1.1550733,0.6659242,0.006372476,0.0074466113,139.16216,22.472656,151.59547,116.44512,142.29147,0.09314585,1.3496493,1.3432063,0.0059877704,0.0051559964,20.016884,3.2857616,22.777832,15.0771675,15.284963,11.025209,1.8517141,13.300345,10.61448,11.000663,193.9081,10.869598,221.03267,125.178894,152.91417,60.831264,27.888313,62.09096,57.69639,63.698677,0.15747377,59.712368,4.362555,67.89989,53.751904,52.01805,469.02707,1.8783107,-0.03515559,512.4707
2.6359546,3.2429628,4.2595477,1.5187126,3.3137445,-0.7821452,-0.67645395,1.5317085,1.9664203,0.24864438,0.006366718,-8.895114,-10.450194,-20.17732,0.18498637,-0.19676135,-0.029112985,-0.12613435,0.043582406,0.10082847,0.054560274,0.21970697,0.2139851,0.041148845,0.045734122,-0.49795076,-0.47888535,1.9537101,1.9498199,-0.32310343,1.8961238,48.089043,0.9679376,0.7266045,0.779644,282.48926,305.0169,336.52643,305.6698,-54.16417,4.5669103,20.15623,36.136898,13.108397,18.594625,4.496781,21.89585,17.363504,20.50112,0.9295153,0.040162265,0.92659515,0.8999519,0.91042453,7.825061,8.464637,16.046309,4.0553336,10.189292,0.2467129,9.404696,3.4143357,-3.56517,-0.12378082,-7.935728,9.069027,-3.570564,-13.398351,-9.524448,11.468538,11.577539,18.307703,6.034287,12.754224,0.04868662,-0.35724702,0.70876247,0.055672392,0.036639526,4.383345,0.9737571,5.561699,4.152667,4.689762,8.091654,1.8375175,8.801012,6.37308,7.542806,4.2574,0.67436296,4.7291465,3.898523,4.261131,6.6090856,1.2719175,7.104385,6.053789,6.381147,7.203004,0.5489703,7.4344616,6.970262,7.3888288,8.629099,2.368343,9.611105,7.192376,8.488693,427.42026,7.5518975,8.2077265,15.266048,0.08074286,0.400441,27.56399,10.686976,25.925812,11.579086,13.157693,17.95667,9.61536,11.302871,4.8849473,5.318174,101.58556,92.30344,147.75636,45.108204,88.5053,59.5073,10.479365,64.53691,53.915062,56.263786,539.15155,17.246555,449.328,435.67578,434.39264,18.777227,2.804321,18.157307,17.531996,16.566006,0.005171154,0.9740547,0.33743036,0.0064102574,0.0074466113,144.10219,37.46789,156.09172,119.63845,183.67256,0.103031084,0.43590373,0.19973254,0.014213674,0.0051559964,29.664196,6.6828876,29.036417,15.678497,16.316027,11.833881,2.5005689,12.969194,10.6456785,11.04944,212.47491,16.896406,162.04971,144.30898,178.88924,70.322815,49.804043,98.60726,58.00432,79.94877,0.13030905,71.21053,13.198242,72.88897,58.28377,53.774414,535.4118,1.8330976,-0.04199557,621.1068
3.6595738,1.8296038,2.7753608,1.7484804,3.0537715,-0.9744004,-0.49498567,1.5444531,1.8650172,0.26045775,0.020929001,-6.768596,-8.390507,-15.078186,0.1766678,-0.21909681,-0.024441568,-0.12872164,0.047847625,0.21320976,0.03716969,0.19615626,0.17790791,0.06401977,0.08856796,-0.4372525,-0.4040302,1.9282994,1.8687719,-0.3013712,1.9288449,48.68171,0.92150235,0.80900306,1.055845,238.93124,267.37955,332.88943,254.97388,-54.196377,4.0148854,20.086765,39.38827,12.579207,26.187862,1.9312366,25.962976,24.168495,26.258137,0.8576309,0.019041121,0.8615438,0.8654721,0.85527706,6.4963427,3.4354908,9.314661,6.3338714,9.306081,-0.053990386,1.2771662,0.6903619,-2.256764,-0.08424824,-7.3311977,2.6216073,-6.8938727,-7.3213544,-7.9622416,9.387322,2.9585423,12.425993,11.386674,12.082873,0.055810306,-0.36813357,0.7510149,0.06941242,0.39298928,4.496481,0.13478509,3.966179,4.0443387,4.738222,7.7805076,0.6556124,9.081822,7.4764514,8.008339,4.238541,0.22854187,4.1189647,3.9514077,4.5520573,6.508872,0.45859423,7.275289,6.731273,6.543958,7.0263934,0.07257741,7.21438,6.919719,7.289064,8.9982815,1.4422944,10.23172,7.3668795,9.673182,533.84827,19.000149,11.654258,21.867138,9.934994,10.601335,88.095924,30.067041,66.622,30.318352,29.487356,14.094874,4.5691504,16.517368,11.820255,13.952593,90.98431,25.922628,142.44658,86.302124,98.63476,70.99832,2.515895,73.54702,70.161705,69.00134,457.53098,35.077072,444.23105,412.17468,472.56757,20.251654,1.2917053,21.566977,22.569092,20.200872,0.36148125,1.7173728,1.4750428,0.0064449087,0.0075209206,160.3482,17.146076,168.08195,164.55557,174.54529,0.5209044,1.0857824,2.2734268,0.0061656456,0.0051559964,32.94006,6.8911943,33.287895,31.818752,28.466887,14.680729,2.128258,16.185339,13.675799,14.589371,210.63489,27.85908,187.4589,181.58662,188.30234,65.964066,13.681122,83.35717,51.145866,67.079636,0.23290986,96.745445,14.021627,101.890366,82.45664,77.44625,505.30374,1.8118918,-0.06368251,664.99713
1.4309402,1.205347,2.2512245,0.9228771,1.7734563,-0.95568395,-0.5971939,1.6023222,1.9945323,0.27431917,0.019900389,-6.955147,-6.4312882,-12.71916,0.18929961,-0.22092217,-0.023735035,-0.119544916,0.03856202,0.22686891,0.05112866,0.22263373,0.21127848,0.058617774,0.0707743,-0.49073562,-0.46302244,1.9567335,1.9514177,-0.30523553,1.9195997,50.8084,0.9564362,0.88611406,1.1692144,166.39542,245.32785,295.9452,227.57193,-54.18427,4.0004697,19.238605,33.606304,13.063218,19.410328,6.885374,23.023039,16.56306,23.03831,0.92344636,0.056379873,0.9487042,0.881091,0.88830894,3.4904928,1.314438,3.518753,2.3566172,3.4766386,0.6894242,2.04617,1.5701153,-0.358472,0.45524797,-3.8470843,2.709943,-3.014459,-5.016324,-5.508071,5.99256,3.5392451,7.493314,3.800694,6.9166837,0.0686609,-0.38085613,0.78381175,0.089255124,0.2912253,4.258483,0.3965868,4.3871737,3.866577,4.286309,6.4279175,0.49692208,6.6925755,6.2269516,6.6576643,4.0606093,0.41778225,4.176095,3.8182182,4.084331,5.955432,0.32323667,6.468948,6.1568055,6.2586145,7.087345,0.42804012,7.4456816,6.9955153,7.2823334,7.45937,0.61506134,8.176875,7.284765,8.080141,343.4975,5.111558,10.138545,5.0662055,1.6168773,1.532298,14.121983,12.474078,0.1190667,5.345255,3.4157603,13.166672,6.86826,10.2210045,5.226366,7.221718,41.210766,10.4517765,44.46828,35.660847,42.614017,63.834717,6.582655,66.98695,57.647556,60.327606,326.788,2.756846,325.93762,313.28232,328.21396,19.992126,1.9027328,18.557608,17.606066,19.02191,0.09213987,0.16904828,0.3326521,0.011852442,0.018335717,98.483536,6.8825984,112.29911,101.68426,98.6685,0.115190916,0.51609766,0.8807459,0.06541891,0.026451236,23.255568,5.2633452,23.68215,19.216492,19.532328,11.345381,2.3665595,14.711852,10.1105385,10.683787,114.72039,10.201063,120.251205,105.60591,104.57369,60.24871,13.646588,71.76602,46.0539,55.757267,0.20641512,71.15586,11.957294,75.0848,60.510803,76.29243,339.4434,1.8110613,-0.05082514,425.68213
1.3840635,0.98470217,2.0143747,1.1851022,2.0810635,-0.7581145,-0.7132448,1.4923747,1.8207994,0.25227553,0.01944739,-7.480012,-7.7705736,-15.535483,0.18222488,-0.20849037,-0.028170345,-0.12044466,0.038976613,0.23633918,0.043722484,0.23325814,0.23365037,0.040673837,0.04434423,-0.46559,-0.4693251,1.9505309,1.949583,-0.2987792,1.8979605,49.686317,0.81409526,0.77801496,1.0261207,271.2353,305.58463,322.69766,304.13083,-54.185955,4.286906,19.766619,35.244736,13.303442,18.043034,6.6365113,23.639433,17.67462,23.306791,0.9430214,0.054826118,0.93750143,0.8871407,0.8870398,4.622584,3.5430582,7.450748,2.7425425,5.5084133,0.470316,4.7246366,1.7312737,-2.139323,0.48726872,-4.5213246,3.7489636,-3.4336004,-7.9328923,-6.581257,6.221412,4.6886334,11.111462,5.234739,9.698021,0.060864635,-0.3654488,0.7494093,0.038077913,0.30630562,4.2732954,0.33053908,4.4442782,4.1825957,4.3895454,6.52496,0.2603492,6.8268332,6.2352595,6.6159167,4.2674546,0.2831698,4.3933344,4.123735,4.31871,6.2116065,0.27663973,6.362626,6.045768,6.0343084,7.0412226,0.6992405,7.7825456,7.013539,7.776948,7.679179,1.1340702,8.569386,7.456407,8.532365,370.19937,10.644957,11.720866,17.270687,0.93416137,1.062149,16.8076,21.209326,22.605627,0.8101063,1.4702816,9.996369,10.1668825,13.436107,4.4640794,5.7225647,51.112713,14.076977,59.627617,44.2606,45.46413,58.6651,6.3119593,58.55654,53.95342,53.447773,347.22375,12.5181675,356.45447,347.96902,367.72058,19.862106,3.0813355,20.326782,16.602488,16.089485,0.434922,0.3397727,0.48006684,0.006372476,0.0074466113,113.552986,6.162426,116.66649,108.18576,114.38964,0.71555626,0.14265981,0.15429305,0.005978696,0.0051559964,26.675325,8.790208,27.926651,17.314941,16.757978,12.34794,1.2948666,12.106853,10.744058,11.396433,117.297615,10.535222,124.3726,112.47652,116.62795,60.519268,14.584838,68.22351,59.34815,63.666283,0.19313306,77.97614,16.40916,66.83001,54.900314,55.122448,362.88882,1.8224188,-0.050788924,429.84613
1.5705826,1.3674859,2.2254972,0.92002076,1.5635508,-0.95049685,-0.5199083,1.5918369,1.9602737,0.26703098,0.017645191,-7.047844,-6.381024,-14.019441,0.17476434,-0.21288662,-0.019696765,-0.12156086,0.038299017,0.20654707,0.058994014,0.22170876,0.22041215,0.059314754,0.07078601,-0.50298244,-0.47654927,1.9536866,1.9440705,-0.30612287,1.8902664,49.32319,0.9383493,0.8760615,1.0727793,147.496,240.00063,276.51675,223.57289,-54.173904,4.0402045,19.39669,34.071564,13.061854,25.515411,6.794237,26.17166,22.127563,26.385214,0.8520124,0.05344034,0.89178073,0.84590316,0.85681623,3.4132786,2.889664,4.3564143,2.8736324,3.7816062,0.5463465,3.3143792,1.6922947,-1.0677189,0.43584728,-3.652182,2.8614624,-2.8740656,-6.135804,-5.555403,6.4221187,4.2102575,7.9973636,4.362294,7.496059,0.06511838,-0.3785404,0.773801,0.09143518,0.26149845,4.182391,0.47030896,4.4004855,3.871564,4.3032055,6.559715,0.5515635,6.759916,6.2710857,6.849101,4.050416,0.40480056,4.2207594,3.8131855,4.1026955,6.0752563,0.3985721,6.6731195,6.278955,6.1618977,7.099234,0.64294285,7.460707,6.9660244,7.4429493,7.245897,1.4112314,8.615203,7.270167,8.698317,357.83115,22.686537,15.063298,17.180387,1.7801882,1.1040742,56.1245,18.784126,27.297314,4.095807,3.4157603,20.327394,8.588435,12.767764,3.6802485,6.288399,39.96596,17.827543,52.48638,36.304462,43.00503,65.225845,6.582655,69.183914,59.25749,59.738426,388.0737,26.342426,361.01636,359.15204,358.4314,20.986183,2.1228075,19.355593,17.163652,18.247765,0.04763957,0.2469251,0.37750363,0.00582515,0.01797279,108.746155,9.400249,116.87641,110.35897,112.23791,0.09426983,0.5176602,0.9075766,0.0048044804,0.0028108733,34.525158,8.467011,28.564487,16.41505,17.580397,11.923381,2.4331186,15.075051,10.204454,10.775406,134.5226,13.120558,131.90193,105.8352,105.71754,59.29494,14.14199,72.70603,45.833122,54.100124,0.20884846,82.23639,15.470637,84.213936,59.59665,72.45759,346.345,1.8206996,-0.050006647,429.13593
2.9911304,2.1821733,4.112676,2.088638,3.722683,-0.7739698,-0.6825133,1.530854,1.8666316,0.2898309,-0.009658201,-8.630396,-11.383409,-19.050806,0.17497471,-0.23785844,-0.055545196,-0.13924558,0.058073785,0.18211879,0.039603323,0.21464655,0.20763211,0.04531626,0.05211043,-0.5008784,-0.48450464,1.954864,1.9516649,-0.3191614,1.8919481,50.315697,0.7919731,0.8023546,1.047264,257.54657,280.10736,328.16232,275.81955,-54.16853,4.637327,19.804441,35.977997,11.1959505,17.733465,1.7153845,19.760592,17.175522,18.844706,0.9229706,0.011210676,0.9302639,0.9209129,0.92570174,9.353097,3.6061037,10.908062,8.357974,8.052246,1.6661854,3.1198316,1.9869573,-0.5837643,0.83089525,-9.372745,2.6136425,-9.818196,-10.652667,-8.995872,13.64315,2.630911,13.400437,12.699477,13.128659,0.036352105,-0.37988913,0.7207555,0.03587179,0.09698829,5.526203,0.27923614,5.1143794,4.670642,5.1254134,7.011649,0.5848721,8.321801,7.1179795,7.698356,4.2886415,0.12097904,4.397572,4.1115236,4.3325405,6.279126,0.21153674,6.978428,6.1178627,6.448187,7.063397,0.2942806,7.396385,6.8948154,7.2514243,8.182324,0.99261034,8.37352,7.60467,8.145111,411.57605,1.9717683,5.449,5.4016204,1.0963702,1.9689101,26.763937,4.753272,19.237906,2.6300528,2.3804884,8.618867,3.3599458,9.482854,5.967752,8.597869,64.64524,19.929447,85.24556,51.94365,72.730515,49.768394,2.1111317,50.147144,49.928192,51.82453,386.5802,1.4512397,412.99374,354.94464,391.1176,16.149954,1.3432847,15.740805,15.704911,15.264153,0.014123665,2.2402892,4.2996516,0.006372476,0.0074466113,129.06862,6.362021,132.24939,131.41582,131.19737,0.21730354,1.5058806,1.7395446,0.005989834,0.0051559964,19.08093,2.8399398,20.14085,14.997084,19.60484,11.460286,3.6341956,15.806967,10.744903,11.065792,158.71002,6.495068,154.99078,145.36766,143.25494,71.46412,3.5703912,68.69451,66.46093,72.7884,0.13442169,53.262436,4.2354507,55.766296,57.79757,60.378136,414.76514,1.8855679,-0.042585287,505.97034
1.5016406,0.76213866,2.144706,1.4595854,2.345785,-0.770997,-0.7132448,1.4976087,1.8582484,0.2526824,0.017556982,-7.284485,-7.7183986,-15.514079,0.17630468,-0.20557976,-0.02789189,-0.11940365,0.040421646,0.16113098,0.09061934,0.23473455,0.23235446,0.040006172,0.044987936,-0.47073913,-0.4694512,1.9513903,1.9493257,-0.29386893,1.8864596,48.574966,0.87712145,0.79157513,1.0223167,275.47763,298.20975,335.28796,306.4088,-54.183247,4.4040585,20.094177,36.25361,13.2543335,20.664667,3.109733,23.918491,21.63019,22.218992,0.9097178,0.033879172,0.9188926,0.8876395,0.8947008,5.1825542,1.2121162,5.7943077,3.7811615,4.960793,0.41053954,1.1655356,1.4459498,-1.1416403,0.4599113,-5.2951593,1.6927449,-4.13026,-7.153111,-6.2584257,7.1632156,2.7588508,10.410724,6.5553255,9.086429,0.057943307,-0.35222512,0.74953294,0.06843138,0.21561962,4.508378,0.16834956,4.5380697,4.465894,4.4912624,6.672286,0.50701964,7.0422397,6.5295806,6.7998614,4.3873334,0.09859915,4.4206386,4.4424877,4.4101224,6.108568,0.31393582,6.4284964,6.2339506,6.250301,7.4466324,0.23771568,7.4257417,7.361096,7.4094357,8.263785,0.55414665,8.379229,7.9476676,8.242411,376.18927,12.046645,4.985849,13.542454,2.1804235,2.9139252,7.2753263,7.810016,11.169327,5.118654,4.6614575,14.495033,3.9423,15.611773,9.971852,9.365216,50.434696,3.4328494,68.34629,45.22108,48.764565,59.63644,4.4115953,61.016453,58.11356,57.044514,358.89682,3.5423954,368.88208,367.92764,363.7003,20.182203,0.789975,20.94558,19.934454,18.450874,0.0009475537,-0.065204725,0.038202263,0.0063474486,0.0074194027,116.54608,3.916965,101.97992,117.4556,112.469666,0.12339628,0.12483983,0.14223927,0.0058004903,0.0051559964,30.72227,4.9718757,28.65382,24.633615,22.256388,11.234707,0.6839908,11.877942,11.160859,11.604796,120.14943,6.0529075,130.26717,123.72215,118.95863,63.551456,-0.03206034,64.94294,62.08324,66.22197,0.18328463,79.04865,9.235472,71.17172,63.445145,63.30144,379.05136,1.8471235,-0.05091543,446.2743
2.0000746,2.8778017,3.8064408,1.2253339,3.3399715,-0.7934912,-0.74367374,1.5459925,1.8919276,0.2421272,0.028216453,-4.6881485,-12.220491,-17.380417,0.18211684,-0.19520563,-0.013134201,-0.10811827,0.031317346,0.35628211,0.086443745,0.24551006,0.23964125,0.043561623,0.04728987,-0.46766654,-0.46524006,1.9515741,1.9496586,-0.27096677,1.8733819,49.746067,0.8364991,0.84663475,1.354666,340.5607,340.54175,359.05792,349.8922,-54.185284,4.906459,20.325737,39.23947,12.063656,24.36901,4.5401497,25.5037,21.824512,22.78186,0.8699346,0.03172175,0.91733223,0.8500392,0.88657576,4.274132,9.486098,11.700968,1.5865068,8.677524,0.040342905,7.5119915,3.8522232,-4.2436986,0.13091063,-5.6762986,6.1997266,-3.3323865,-9.613727,-9.266412,11.301774,8.715178,15.942628,5.078974,12.112851,0.0703479,-0.35138655,0.70368916,0.116419956,0.46736842,5.2486887,1.2982732,5.584475,4.4953327,4.916546,6.9308176,1.366153,7.8775635,6.4636602,7.014455,4.709877,1.1309489,5.4481797,4.642092,4.7948647,6.5259085,0.9277352,6.822549,6.218611,6.4271646,6.9091454,0.9418095,7.548135,6.6827216,7.279282,8.223098,2.1330135,9.931273,7.469729,9.477532,462.3833,8.873678,6.756482,13.493205,4.9230204,6.306558,30.4738,28.075624,37.198135,14.460338,20.869326,9.219724,12.107274,13.204251,3.792787,9.869633,45.19895,59.315735,77.60555,17.703703,52.84518,65.20576,10.450728,66.55198,67.0162,64.52308,489.21707,26.76433,489.0422,426.89685,464.8815,19.438028,4.644319,22.408564,17.145555,18.121399,0.50212455,0.79781395,0.8091962,0.16612695,0.09129302,135.58516,52.263054,139.56885,124.257935,133.04898,0.7811908,1.5530901,2.1023655,0.4121222,0.039972983,23.356783,7.4728284,29.25016,24.505478,22.309196,15.3096695,4.680895,15.784823,12.097538,12.831314,132.78177,26.628235,148.94807,141.7548,138.65749,93.24156,38.20414,119.53877,86.410774,93.10334,0.1733214,71.07176,18.786549,76.23092,68.01526,72.85095,512.1373,1.8381993,-0.07133535,605.0991
2.302216,0.6281367,2.7318683,1.8967438,2.3289042,-0.7526322,-0.6900075,1.4387025,1.7687336,0.29604343,0.00641055,-6.36124,-8.37472,-14.854071,0.19444156,-0.2407206,-0.03851998,-0.13388675,0.05300084,0.3623952,0.045590308,0.20883052,0.20315363,0.038047176,0.04139058,-0.48295078,-0.4791411,1.9525315,1.9513878,-0.3141307,1.8913271,49.014565,0.7961288,0.7104314,1.1562936,282.15005,310.0742,336.91342,310.79538,-54.171265,4.379535,19.289143,35.754578,11.203931,17.948645,3.4213758,21.581478,18.19979,20.99184,0.9270378,0.026381608,0.92778474,0.9033983,0.9099411,6.3513775,1.8619229,8.398924,6.5018134,7.535963,-0.2144262,3.1889784,1.9747372,-1.2384228,0.47292206,-6.39227,2.694213,-6.9977365,-8.11825,-7.160645,10.21197,2.201356,10.890254,9.61666,10.910345,0.052612215,-0.40695807,0.75733835,0.03075848,0.52769655,4.4884987,0.12318745,4.430244,4.446743,4.5205207,6.515478,0.199873,6.530777,6.1195397,6.7225447,4.2413125,0.117770284,4.2372103,4.138036,4.204625,6.118498,0.1654297,6.315318,6.061673,6.0699196,7.0290093,0.6018971,7.505651,6.9876566,7.5518513,7.2802258,0.5702861,7.702047,7.34879,7.635741,334.72162,0.4402932,1.1650406,-1.1915394,0.38379842,0.360998,16.752151,0.8719654,-0.21194066,0.40510446,1.4702816,6.4550333,4.2128816,8.474917,3.9379845,4.90669,42.696983,4.646216,48.117382,34.356476,37.94247,56.536453,4.304056,56.38747,52.234943,51.244633,310.0439,-0.025060304,309.05573,310.18533,310.04178,17.633781,2.2104626,18.355192,15.897884,16.178093,0.0009475537,-0.057103626,-0.041382704,0.006227887,0.0074542775,91.81458,3.5835004,92.873764,91.15604,100.204346,0.082795985,0.14265981,0.15429305,0.005986563,0.0051559964,18.583946,2.86824,18.600237,17.297222,16.775475,11.158097,0.40164477,11.317239,10.970455,11.018609,97.70751,4.5595083,99.67778,91.84363,97.700005,62.85513,6.1449685,65.879585,59.587563,68.68004,0.1676938,55.53038,7.0321455,58.192047,52.16388,51.653854,305.76096,1.879257,-0.044530496,362.1224
2.8272943,3.0604491,4.7062874,1.2303098,5.061095,-1.2017995,-0.61294526,1.5704908,2.0100162,0.24071695,0.023826605,-7.3733306,-12.819926,-18.24357,0.1643481,-0.19632669,-0.021137083,-0.10945754,0.033165675,0.23143351,0.12546909,0.23614864,0.23301038,0.044399876,0.0468993,-0.4705869,-0.47205168,1.950747,1.9492338,-0.28851077,1.8860804,51.9045,0.92862076,0.880997,1.224637,259.63153,315.77667,343.3709,338.8067,-54.185165,4.9767966,20.1036,38.803596,12.21848,19.766537,5.845291,24.76367,17.026003,21.853916,0.9381606,0.043404706,0.93294525,0.87466896,0.8907953,8.002395,9.364993,15.870268,4.5391703,11.706757,-0.3871534,9.342046,3.5586047,-4.8719726,-0.017398067,-6.9985175,8.397997,-5.465211,-11.390301,-10.33165,15.480264,10.607182,18.618996,7.1355395,14.754906,0.059535377,-0.34253556,0.6945962,0.16180724,0.2688031,5.3241496,1.6347778,5.8287544,4.3387756,4.927328,7.5725265,1.2904398,8.768131,6.265451,7.689952,4.6179247,1.2928369,5.3631663,4.144973,4.620577,6.6195984,0.94096076,6.930561,6.2907805,6.655968,7.0856485,0.75669307,7.8198915,6.888515,7.369457,8.845888,2.3551142,10.274265,7.7999578,9.3303995,463.77625,16.266628,13.875368,13.745664,5.512079,3.8144186,37.066364,45.09405,45.766808,8.298933,10.8247175,14.10592,18.803068,22.427555,5.127622,8.411844,68.04722,70.080666,75.03153,41.547462,66.454605,62.761387,12.200999,64.40767,57.640614,51.400265,523.42395,38.005566,512.817,425.4947,448.11905,18.310272,5.0053406,22.66728,18.10763,18.0442,0.12838697,0.8086405,0.49163055,0.055561155,0.01601917,157.72784,51.57098,175.36214,142.3748,148.70798,0.5401043,1.4328811,1.7432195,0.22934614,0.005216785,30.43983,13.5837,38.06942,26.112335,20.188755,14.127385,4.973819,14.469452,10.558835,11.469596,158.9541,25.236591,171.18948,143.57307,163.56097,82.613716,42.72188,103.98985,68.10161,90.378654,0.17725258,75.17078,28.814827,86.09469,54.650017,62.232952,531.9662,1.8412309,-0.0653647,642.92737
3.3243978,2.3471744,4.1995473,1.9038793,3.9117172,-0.7793298,-0.715796,1.5098432,1.8533902,0.24430865,0.017798472,-5.2673144,-11.670215,-17.167646,0.18504952,-0.19898677,-0.019734424,-0.11789392,0.03383576,0.3061181,0.06043098,0.23409574,0.23454079,0.03973951,0.041675813,-0.46458367,-0.46509564,1.9508461,1.9478538,-0.28817528,1.8856024,49.29161,0.8058147,0.721232,0.9793786,290.8826,315.6197,363.9145,311.25494,-54.188946,4.6575,19.885624,37.064655,12.720564,21.050808,4.9218183,24.770761,21.012234,22.3646,0.89350414,0.05986302,0.9228055,0.87427694,0.8931711,9.619151,9.434443,15.094571,5.189749,10.830484,-0.4207213,10.121893,3.2418306,-4.5371966,0.027046453,-10.042714,10.103701,-4.921156,-13.958297,-9.667836,16.072662,10.692814,19.455421,8.234199,11.394544,0.055743553,-0.34337455,0.69962156,0.041921075,0.36155614,4.754381,0.85832524,5.5448184,4.531553,4.978954,7.6111846,1.2631197,8.406766,6.660979,6.9612813,4.4828906,0.5111641,4.836118,4.696986,4.703151,6.5643883,0.39126945,6.8465075,6.2224655,6.0457845,7.14253,0.3535015,7.3545465,7.0595756,7.185284,9.105121,1.337018,9.2498045,8.738444,9.132817,438.82172,13.92393,15.329421,18.638845,3.5055175,3.001512,23.517773,10.577825,24.12984,6.7597046,10.8248415,13.363695,7.9634876,16.630451,9.699225,12.486791,60.62852,58.946953,77.47493,33.449253,51.562138,64.88937,6.5052514,63.348557,58.28724,57.536278,434.81116,20.043728,440.77094,428.29422,433.08826,20.060127,2.1563575,20.6972,19.755125,19.291956,0.0062501086,0.68589824,0.5464155,0.006078668,0.0074194027,136.25317,13.375727,143.32455,138.75761,146.17741,0.13843535,0.30383447,0.20298932,0.012750713,0.0051559964,29.851177,8.062544,33.306084,24.096376,25.403563,12.412252,2.7656314,13.0611515,11.160964,11.393719,133.17712,8.925838,132.23134,132.98543,145.0392,77.6716,29.424454,90.87705,62.70898,92.14951,0.13169657,79.01906,21.031908,83.88915,66.198616,69.51846,430.92038,1.8362461,-0.066324264,561.4469
2.4145403,0.8928623,3.3174787,1.9449389,2.309518,-0.78545177,-0.68394095,1.5132562,1.8560865,0.25625658,-0.0011167654,-8.95716,-9.90589,-17.768778,0.17752656,-0.20137525,-0.04035127,-0.13172355,0.05018921,0.1889311,0.04669392,0.22013365,0.2074702,0.040320054,0.045681756,-0.50981253,-0.4870239,1.9543422,1.9507986,-0.31776056,1.8958355,48.16373,0.77700835,0.75164783,0.9361493,266.61017,302.22092,342.4906,298.89407,-54.161613,4.1810904,19.88533,35.43448,13.221203,18.50883,1.5139959,21.522894,17.407894,20.180626,0.927195,0.00836508,0.9236781,0.90938056,0.9138919,7.4850464,5.8611164,12.15397,5.045007,9.28403,0.21814205,3.4799912,1.6979296,-1.5096024,-0.041172307,-6.9125915,4.306331,-6.097252,-8.691932,-8.401652,9.050283,8.811402,15.988908,8.086885,12.363169,0.046121746,-0.36944172,0.76334184,0.045197513,0.081869364,4.2800612,0.6033419,4.2382383,4.1331244,4.351787,6.717316,0.45654526,7.5017357,6.0399823,7.045351,4.205382,0.30724168,4.3112874,3.895016,4.203624,6.3707266,0.3224728,6.326092,5.971449,6.26205,7.18489,0.40884474,7.3984604,7.0086207,7.3875413,7.513299,0.60762143,8.05746,7.228477,7.8002644,346.6454,1.8015804,3.8050349,5.445622,0.07269057,0.36718,15.101841,9.6034565,22.789776,11.743756,15.663514,11.503145,4.7637124,8.328048,3.8913388,4.4178777,85.77503,74.93789,132.22868,41.702053,93.36731,56.061527,7.6905107,61.053314,51.87534,53.61055,448.25635,9.1518755,355.58463,334.19894,354.9683,19.450401,2.126114,18.344965,15.464905,16.149828,0.0009475537,1.1550733,0.6659242,0.006372476,0.0074466113,139.16216,22.472656,151.59547,116.44512,142.29147,0.09314585,1.3496493,1.3432063,0.0059877704,0.0051559964,20.016884,3.2857616,22.777832,15.0771675,15.284963,11.025209,1.8517141,13.300345,10.61448,11.000663,193.9081,10.869598,221.03267,125.178894,152.91417,60.831264,27.888313,62.09096,57.69639,63.698677,0.15747377,59.712368,4.362555,67.89989,53.751904,52.01805,469.02707,1.8783107,-0.03515559,512.4707
2.3232887,0.9947809,3.1775706,1.9362472,3.0612228,-0.76390624,-0.6937819,1.4526049,1.846318,0.28102547,0.008685204,-5.634294,-8.556107,-16.228428,0.17987269,-0.21548475,-0.036004916,-0.118861064,0.04743631,0.19199674,0.09031657,0.21533908,0.21109128,0.03931724,0.043892357,-0.47794098,-0.47472095,1.9515823,1.9476597,-0.3170635,1.8821144,48.095325,0.41018608,0.76096374,1.0027225,289.0371,301.8466,371.29156,323.579,-54.170757,4.5080876,19.790209,36.985214,11.368794,20.930157,2.580774,23.687963,21.231255,22.226118,0.91095054,0.027867487,0.8984611,0.8865928,0.89421463,6.7120275,1.4152597,7.254287,5.943873,5.8631377,0.39368334,1.001811,1.7088853,-1.2900171,0.4728939,-6.5924544,1.5738041,-5.475974,-8.195848,-6.3563547,9.4264965,2.1778643,11.22795,8.754104,10.880552,0.0556615,-0.3689257,0.7459063,0.06253906,0.3360396,4.7510943,0.17905405,4.784633,4.6536593,4.7040877,6.281967,0.29495195,6.6736193,6.5409303,6.9897227,4.3977036,0.094839014,4.4178057,4.4292145,4.4175515,6.034055,0.3130165,6.3875775,6.1990037,6.2030163,7.3189297,0.30679688,7.273392,7.247976,7.0184927,8.098345,0.47853255,8.003435,7.775086,7.7837234,373.63638,14.907775,4.956288,13.347133,3.1092167,3.0098534,9.065084,6.971311,10.437941,5.9074726,5.294093,14.256487,4.0369925,15.745631,8.27428,7.4301267,37.976105,4.1685805,59.36858,36.856735,42.556408,61.929615,4.332409,60.88178,57.063354,56.347866,344.4669,4.2804055,349.87042,350.44162,334.739,19.46532,0.9238587,19.78597,19.823608,18.02972,0.0009475537,-0.065204725,0.065108076,0.014133706,0.0074194027,104.80247,4.45003,90.54261,106.798225,107.65941,0.12339628,0.12483983,0.14223927,0.005397401,0.0051559964,32.62457,4.710934,28.356178,24.837976,22.046085,11.358218,0.65422046,11.878192,11.154238,11.5727005,108.31304,4.9666257,118.09772,115.03988,112.39492,69.94486,0.6999273,69.449135,66.43879,77.65309,0.18299322,83.31746,9.196355,71.63115,64.217674,63.395744,353.07642,1.8770036,-0.04681445,401.1172
3.569578,3.787005,5.5054245,1.8877997,4.779397,-1.2265443,-0.6027507,1.5831231,2.0152316,0.24188168,0.014624069,-7.657069,-10.545752,-18.207233,0.17855638,-0.2015986,-0.02498134,-0.1175064,0.034636535,0.13323267,0.098560534,0.22799404,0.23533146,0.040055826,0.041269414,-0.46761864,-0.46906868,1.9505018,1.949238,-0.2953181,1.8960763,50.26887,0.8913578,0.80938697,0.9004299,219.7089,301.49805,316.59125,302.25674,-54.18801,4.631147,19.640774,35.85214,13.029111,17.804703,7.363254,24.007212,17.501307,23.095886,0.9463582,0.059317484,0.9453217,0.8800876,0.88995105,10.020553,11.221964,19.972904,6.5618176,13.846537,-0.3057466,12.075502,3.093289,-5.304725,-0.162539,-9.729338,11.284944,-6.545779,-16.180101,-11.459845,17.299307,17.358618,22.48748,9.298134,15.8408785,0.05169286,-0.33975747,0.6944576,0.081668004,0.09142428,4.5695353,1.1952329,5.6081605,4.3966146,5.0012984,8.232054,1.5193354,8.958354,7.1488156,7.318446,4.336605,0.51438725,4.7127113,4.1928825,4.3137794,6.469178,1.1262132,7.0125527,6.063956,5.977003,7.0052266,0.6247723,7.6954203,6.973696,7.422103,8.81418,2.0642061,9.807384,7.75508,9.098291,445.7445,6.9572525,6.878903,10.267914,0.0512907,0.47714773,7.2001166,13.164845,16.211443,0.5879,1.726992,8.723759,7.4722414,13.05128,3.9625928,5.5881,67.97766,24.712353,59.575077,44.36022,53.291077,58.75576,9.812642,61.635227,52.7834,51.675198,462.0823,7.094097,441.434,435.3789,438.4027,18.732845,3.6204839,19.011889,16.36407,16.207144,0.005171154,0.31835192,0.28669086,0.055635057,0.0074541466,137.37592,12.425008,148.00288,139.20233,148.8807,0.29256582,0.32970285,0.20063744,0.014479767,0.005216785,22.503588,7.767119,25.49504,18.182777,16.637922,11.829494,1.8420783,12.615654,10.765054,11.50143,130.04593,5.5588093,134.28958,138.88405,146.01746,73.67653,18.780937,84.31895,60.35646,78.94163,0.14324106,61.280617,16.896574,64.45346,53.962505,56.22656,486.77933,1.8302634,-0.056432087,539.09357
2.1744065,1.7434546,3.2092416,1.5422597,2.610324,-0.8231109,-0.71189696,1.4730407,1.8145139,0.2494399,0.02150852,-7.560832,-10.775995,-18.009857,0.18372305,-0.21321239,-0.024141073,-0.12044728,0.0376196,0.37273565,0.041248187,0.2346266,0.22718695,0.037532415,0.04177242,-0.46641225,-0.46929157,1.9507095,1.9506841,-0.2918514,1.8731215,47.24082,0.7985225,0.77509844,1.2348763,314.73358,315.87418,352.6818,317.0989,-54.18476,4.690357,20.487375,40.137856,13.1582155,23.479906,4.206292,25.59621,21.422224,22.174671,0.8497299,0.06245069,0.91382265,0.86596113,0.8900283,8.211228,5.871074,10.616622,5.482331,9.106086,0.2046186,3.4429357,1.7122962,-2.681954,0.19067393,-7.5681047,4.6772447,-4.9838786,-10.283088,-6.989364,10.480446,5.9197693,14.064189,7.049448,11.0380535,0.060922757,-0.3484677,0.7279573,0.028531842,0.4948692,4.6226053,0.48399,4.8184342,4.4941807,4.680559,6.710301,0.6246755,7.6085916,6.717632,7.156893,4.5466557,0.3619756,4.9531302,4.452195,4.6457877,6.0959716,0.8189454,6.5004635,6.1618643,6.410461,7.244937,0.29841438,7.3542547,7.161701,7.308721,9.193516,1.1190137,9.50826,9.034933,8.963937,454.6696,14.075354,16.623308,24.734217,4.2778516,4.5723057,36.22279,21.597898,56.681534,22.722662,23.915169,15.674599,7.9598413,17.502064,10.251098,14.468908,47.917988,39.178425,85.8056,45.267902,50.10043,65.957085,9.10514,69.10443,61.519783,62.076027,409.9968,30.739412,480.7899,412.13474,422.3397,21.065353,2.1512828,21.826342,19.080109,19.643585,0.0091901105,0.80471367,0.7729921,0.003984754,0.0074558984,121.93543,11.938219,141.25096,120.009,135.66086,0.16422683,0.37440524,0.21738437,0.07733803,0.0026247841,30.439962,8.546447,35.578922,23.83092,25.886997,12.582935,2.44492,13.366964,11.253701,11.182481,153.22546,17.644974,153.786,130.0728,150.62358,76.08735,12.510192,82.01188,68.90905,80.962845,0.15534398,83.999466,25.134838,97.800156,70.38682,74.46815,441.83936,1.8441154,-0.061136294,556.0833
3.2184503,1.3936194,4.038436,1.9526122,3.1356385,-1.3184856,-0.4890288,1.609024,1.969269,0.27256995,-0.0023658467,-9.504234,-9.46586,-18.741915,0.19017294,-0.22516099,-0.039085478,-0.13180287,0.04789679,0.18680331,0.07302561,0.20488031,0.1540518,0.05707634,0.08657188,-0.5156257,-0.47357807,1.9543374,1.9437243,-0.32240722,1.9135925,52.305458,1.0121554,0.8595393,1.0759399,195.3964,282.32138,343.29022,273.46036,-54.155945,4.4860516,20.253428,35.471455,13.237146,16.655048,2.1969435,20.099537,16.864588,18.815777,0.92822134,0.0033142515,0.9342097,0.92483944,0.9269766,7.23437,3.8351943,9.421842,5.6999207,6.4752574,0.15283395,3.403389,1.7479787,-1.2163941,0.41551068,-7.230044,4.834196,-5.506609,-9.205832,-7.369241,10.018436,7.5822167,11.528515,7.9587283,10.947487,0.040823318,-0.36056024,0.7201897,0.066018134,0.11935157,4.228221,0.2981656,4.6694036,4.029836,4.391017,7.532409,0.51924837,9.014409,7.313497,7.7361097,4.076356,0.3295699,4.3941803,3.9606967,4.02969,6.6167645,0.3522738,7.087424,6.570331,6.897281,7.2381186,0.2326058,7.573645,7.1388345,7.408508,8.589856,1.1702526,8.668051,7.7929187,9.0141115,416.16498,1.8067305,1.4447666,8.765641,1.2143863,1.4891845,25.349787,4.2167478,70.220406,1.3893323,2.3804884,7.182184,2.2328467,11.280719,6.183956,9.158786,78.67028,13.594546,99.88504,76.66047,89.277916,54.967175,4.625988,55.759315,50.64117,52.981586,432.73022,0.84375644,419.17957,353.02414,385.7687,18.225845,1.0628061,17.90071,16.171824,15.898497,0.0009475537,-0.056139573,-0.068680465,0.0058848634,0.0074466113,136.47597,19.151857,136.6397,130.16853,135.60078,0.09906607,0.12483983,0.14223927,0.011402575,0.0051559964,21.7065,3.7622056,21.391628,16.31017,19.701935,10.929844,0.71235955,11.256655,10.632605,10.921469,160.16347,11.902152,173.37894,151.06287,161.33672,55.522385,7.0127687,66.56475,50.415543,60.214703,0.14040004,60.70101,4.7256165,67.27528,56.933037,59.441563,459.80267,1.8882399,-0.04414347,494.45456
2.4145403,0.8928623,3.3174787,1.9449389,2.309518,-0.78545177,-0.68394095,1.5132562,1.8560865,0.25625658,-0.0011167654,-8.95716,-9.90589,-17.768778,0.17752656,-0.20137525,-0.04035127,-0.13172355,0.05018921,0.1889311,0.04669392,0.22013365,0.2074702,0.040320054,0.045681756,-0.50981253,-0.4870239,1.9543422,1.9507986,-0.31776056,1.8958355,48.16373,0.77700835,0.75164783,0.9361493,266.61017,302.22092,342.4906,298.89407,-54.161613,4.1810904,19.88533,35.43448,13.221203,18.50883,1.5139959,21.522894,17.407894,20.180626,0.927195,0.00836508,0.9236781,0.90938056,0.9138919,7.4850464,5.8611164,12.15397,5.045007,9.28403,0.21814205,3.4799912,1.6979296,-1.5096024,-0.041172307,-6.9125915,4.306331,-6.097252,-8.691932,-8.401652,9.050283,8.811402,15.988908,8.086885,12.363169,0.046121746,-0.36944172,0.76334184,0.045197513,0.081869364,4.2800612,0.6033419,4.2382383,4.1331244,4.351787,6.717316,0.45654526,7.5017357,6.0399823,7.045351,4.205382,0.30724168,4.3112874,3.895016,4.203624,6.3707266,0.3224728,6.326092,5.971449,6.26205,7.18489,0.40884474,7.3984604,7.0086207,7.3875413,7.513299,0.60762143,8.05746,7.228477,7.8002644,346.6454,1.8015804,3.8050349,5.445622,0.07269057,0.36718,15.101841,9.6034565,22.789776,11.743756,15.663514,11.503145,4.7637124,8.328048,3.8913388,4.4178777,85.77503,74.93789,132.22868,41.702053,93.36731,56.061527,7.6905107,61.053314,51.87534,53.61055,448.25635,9.1518755,355.58463,334.19894,354.9683,19.450401,2.126114,18.344965,15.464905,16.149828,0.0009475537,1.1550733,0.6659242,0.006372476,0.0074466113,139.16216,22.472656,151.59547,116.44512,142.29147,0.09314585,1.3496493,1.3432063,0.0059877704,0.0051559964,20.016884,3.2857616,22.777832,15.0771675,15.284963,11.025209,1.8517141,13.300345,10.61448,11.000663,193.9081,10.869598,221.03267,125.178894,152.91417,60.831264,27.888313,62.09096,57.69639,63.698677,0.15747377,59.712368,4.362555,67.89989,53.751904,52.01805,469.02707,1.8783107,-0.03515559,512.4707
2.8465533,2.0278993,3.4661708,2.026956,3.2480025,-0.81258905,-0.69659555,1.4470346,1.8046101,0.27493298,0.013156268,-6.5791707,-11.333434,-18.632526,0.18929836,-0.22495623,-0.033185333,-0.12516397,0.04638644,0.38615996,0.040945407,0.21282615,0.20306347,0.036750052,0.040947326,-0.4740554,-0.47578833,1.9515069,1.9510394,-0.31236923,1.8713211,47.527935,0.78209597,0.7590405,1.2101616,327.8036,314.59723,348.20148,328.17416,-54.17149,4.5804596,19.937025,40.23155,11.7679615,23.251122,3.6442695,25.280937,21.277771,22.11321,0.848644,0.054558955,0.9119609,0.86597127,0.888834,9.328219,7.8583364,12.943177,8.045661,10.663332,0.114478186,4.6521955,1.9752314,-3.9055226,0.348337,-8.688533,5.0250807,-7.47052,-11.477095,-7.318113,11.722003,4.8160586,15.838397,9.817355,13.615514,0.053338055,-0.37521276,0.7234078,0.021847062,0.5646652,4.9042907,0.5961386,5.0727563,4.6381254,4.939878,6.402638,0.45201877,7.0541873,6.260607,7.2734942,4.532483,0.37744626,5.055795,4.4193225,4.637366,6.08426,0.4723657,6.461308,6.0937796,6.39824,7.187243,0.3408285,7.350371,7.114984,7.142235,9.044616,0.90767306,9.134104,8.79412,8.645164,460.28876,13.91174,16.934656,24.06024,4.698526,4.5723057,44.081722,21.656155,63.19011,23.691435,24.078697,15.036666,9.760981,17.154701,9.261422,13.250276,44.913258,41.782036,87.58755,38.153694,43.478344,67.26849,9.025953,68.26388,59.618855,61.36195,414.18842,30.123013,430.5027,396.67288,410.74136,19.763664,2.0021148,21.042358,19.051895,19.666107,0.0091901105,1.1443003,1.1145197,0.05259091,0.0074558984,118.78356,15.513635,132.03906,109.35163,129.4235,0.17254251,0.37440524,0.21738437,0.0765497,0.0026247841,29.973932,9.111697,35.466953,23.813864,25.676695,12.663283,2.7316315,13.427472,11.227932,11.079996,146.47435,17.553951,150.25978,133.203,142.20305,79.01535,14.907018,92.24875,66.00917,93.10411,0.15388556,82.877304,25.061274,95.75962,69.384544,74.56245,407.13998,1.8701516,-0.057781532,560.2278
2.762253,1.3511658,3.4480176,1.6878965,2.6328745,-0.7805963,-0.67229366,1.5316676,1.8522211,0.25306046,-0.0045541376,-9.250659,-12.38224,-21.798725,0.16985036,-0.2020007,-0.044997502,-0.13235575,0.052820183,0.25785694,0.05766071,0.21752022,0.20781928,0.04051784,0.045362882,-0.5197187,-0.49274245,1.9519674,1.9505283,-0.3232443,1.894804,47.952686,0.78324664,0.80173564,0.93112296,280.40268,309.00266,348.94403,310.60742,-54.16698,4.4581156,20.372322,36.439228,13.349399,18.216185,2.3170831,21.824862,16.706007,21.651672,0.9271304,0.014813719,0.9272272,0.9051707,0.904978,7.758686,6.24653,13.159698,4.8394947,9.621449,0.10591118,4.2920136,2.3828053,-2.1444528,-0.036400765,-8.232224,5.8524733,-4.8032446,-10.606955,-11.019892,9.788682,8.71011,16.673094,6.7716484,16.31579,0.03971807,-0.35320848,0.7241842,0.09328511,0.12624219,5.547786,0.69084567,5.570687,4.5108767,5.096223,6.9568396,0.39717144,7.8395214,6.760374,7.6520777,4.2196693,0.38971776,4.6625314,3.823697,4.255022,6.5872393,0.42474812,6.36538,6.2489176,6.4648113,7.211234,0.6245869,7.4532833,7.0065484,7.678737,7.606478,1.424076,8.146432,7.5199747,8.564646,431.0469,8.39724,12.407994,18.819761,1.1891191,0.8622367,34.600964,21.227743,63.061295,14.190459,16.071583,14.90836,9.555299,18.702986,5.1807365,8.550035,100.259476,83.15783,135.93613,39.04601,109.693565,61.052986,9.169937,65.87082,55.196083,57.46385,586.1645,27.172525,442.0374,417.77835,409.05905,20.759209,1.8103985,20.11953,17.077093,18.564222,0.0009475537,1.1887194,0.68134356,0.006372476,0.0074466113,145.26349,28.246021,206.51242,127.301346,162.72629,0.09314096,1.3674692,1.3552601,0.005989834,0.0051559964,27.487131,6.878202,32.282066,18.082436,19.007738,11.040756,2.0000112,12.928406,10.723179,11.045643,233.87637,40.61038,236.6147,151.11595,169.48012,85.3186,42.66329,124.31773,61.370125,76.533516,0.13445728,71.59368,8.568181,75.10847,58.49496,56.179234,545.3549,1.9012991,-0.035374302,635.2478
1.2165728,1.5039413,2.4334784,0.8546937,2.2651575,-0.92908967,-0.59191334,1.561796,1.9600344,0.2552471,0.023836408,-6.538167,-6.639639,-13.790696,0.17571183,-0.19854517,-0.01794974,-0.10872401,0.03353921,0.26688644,0.062010378,0.22714294,0.23082797,0.057384547,0.055088356,-0.48736787,-0.4599545,1.9548025,1.9490715,-0.2733879,1.910744,48.877163,1.0068046,0.92759824,1.0134841,187.74019,255.27621,299.49777,257.7115,-54.185215,4.440048,19.760336,35.899292,13.1857605,31.92319,6.0136604,27.915173,23.601192,28.461334,0.80557007,0.057458103,0.8381075,0.8136478,0.81527185,4.6963944,1.7793891,2.6671147,1.5317527,2.9711914,0.6105542,2.0637615,1.4375271,-0.68685067,0.47790897,-3.1194856,2.6945329,-2.1021814,-5.373691,-5.5904913,5.1242647,4.5940666,7.5537505,3.4339585,6.2475057,0.06768303,-0.34575546,0.76668197,0.04901588,0.24190177,4.197187,0.5122689,4.622942,4.0519094,4.4863443,6.6236863,0.4793355,7.1690726,6.2675877,6.8413477,4.1493263,0.43262452,4.466499,4.018873,4.379636,5.9627156,0.71002537,6.7064295,6.226611,6.180628,7.29566,0.34674683,7.5418816,7.051577,7.246451,8.015209,0.6218926,8.639503,7.7390666,8.166215,387.58984,16.751688,9.855321,13.60711,6.264873,5.8617687,17.404762,19.434881,15.9848385,13.736863,9.304275,13.602366,10.554627,14.744902,10.608218,10.46415,61.51491,14.040839,60.88093,36.64839,44.590534,68.23991,8.057126,71.23621,70.809616,69.9345,385.90778,9.499306,375.96085,368.805,368.3943,20.518064,2.904321,19.814302,18.854328,19.334417,0.3878242,0.20684005,0.6031159,0.02653462,0.08760597,125.79282,9.706324,111.704956,115.49326,110.73461,0.4319214,0.49827757,0.96435153,0.12578617,-0.011862389,27.046507,7.9141116,30.89062,28.751322,23.100618,14.288245,2.3851666,16.801931,11.7550535,13.528144,124.59502,11.24357,143.97955,119.44015,118.61244,68.42614,14.25554,85.83613,52.387123,65.73197,0.20429082,91.09828,13.790884,95.07324,75.62565,78.56013,408.81235,1.7881461,-0.05662465,489.93607
1.4386083,0.50671476,1.7084202,1.3509245,1.837529,-0.75317085,-0.6778914,1.4410955,1.7746805,0.24576366,0.018835489,-9.768776,-8.348725,-15.944881,0.18532547,-0.2173359,-0.022437107,-0.12358923,0.03712178,0.40672743,0.030990079,0.23318157,0.22591247,0.0385825,0.04180696,-0.46490338,-0.4721671,1.9514089,1.9417211,-0.29678634,1.8852468,48.331413,0.8006422,0.7381846,1.0212697,289.69464,310.5077,336.71793,304.14893,-54.186035,4.50526,19.888397,36.69055,12.951626,18.964407,2.9464939,22.17392,19.969849,22.155779,0.9261705,0.024017723,0.92836815,0.90135765,0.90348166,8.631569,2.508382,8.522034,5.5079393,7.9718637,-0.11655827,1.7366773,1.6652964,-1.3784919,0.48802963,-6.1630087,2.4406834,-4.950926,-8.012958,-9.729549,13.012723,2.7727904,12.581655,8.990907,12.682291,0.062154923,-0.36567196,0.7385233,0.057786588,0.43631962,4.7131157,0.50635415,4.534637,4.385064,4.649196,8.161013,0.2806421,8.68637,7.483403,8.478917,4.2458,0.2452474,4.2257996,4.095628,4.231934,6.486526,0.52562755,6.767772,6.367932,6.26666,6.9080687,0.59775096,7.4221997,6.8648376,7.4838934,7.413707,1.3355683,8.039713,7.2418027,8.160229,395.50677,6.889068,5.3461213,0.56562924,2.8176057,4.595595,31.369884,2.8402543,7.9047756,23.95224,20.41287,11.132677,5.6287603,11.054893,7.7933965,8.946959,101.433495,26.935669,97.7208,121.3607,124.46086,60.681206,5.2155495,59.3022,58.975456,58.348194,352.53366,5.0625415,429.33713,425.21976,397.23633,19.489435,1.5554667,19.041983,17.806719,17.903082,0.0009475537,-0.057103626,-0.041382704,0.005408969,0.007380401,156.60567,8.461211,151.48303,166.7331,163.5792,0.082795985,0.14265981,0.15429305,0.005982866,0.0051559964,24.433302,5.072268,21.016592,18.434814,21.87064,11.094111,0.50335854,11.362602,10.998361,11.195521,183.25584,3.3868861,174.00844,166.87473,189.09383,63.65459,4.4771004,69.12787,61.62706,64.82262,0.14709964,60.591137,8.767861,59.86514,58.960663,60.89864,435.53177,1.835835,-0.051436834,470.3084
2.9333448,1.2239336,3.080565,2.2268605,3.4795194,-0.7975404,-0.6702172,1.5164707,1.8419261,0.25353846,0.0021561345,-9.926707,-10.435635,-19.979528,0.16513306,-0.21571903,-0.042133175,-0.1303773,0.05229535,0.17042606,0.0060333256,0.22169837,0.2230857,0.043131497,0.057066943,-0.49366143,-0.486762,1.9364028,1.8499241,-0.3174022,1.9048785,48.14871,0.77579004,0.7248072,0.91920793,284.50244,294.78705,342.6571,298.1472,-54.16355,4.0815787,20.153614,34.62922,12.380064,18.486998,0.6093018,19.401443,17.496023,19.488712,0.9245721,0.0016528508,0.9238676,0.92455596,0.91995466,8.172651,5.3989806,11.858966,8.230939,14.013202,0.07476018,5.618372,2.1874683,-3.5889332,0.1931226,-8.62168,3.206742,-7.909082,-10.6272335,-6.9237223,14.082085,9.0246315,14.317062,11.15402,10.816316,0.040735852,-0.35233486,0.7474067,0.056940235,0.10313298,4.2270794,0.3358077,4.372535,4.2632437,4.489867,9.504543,0.457894,10.07298,10.259888,9.023418,4.230671,0.15369044,4.2318697,4.103391,4.2449007,6.1510925,0.09856162,6.120195,6.059714,6.333906,7.144077,0.13120106,7.320356,6.996748,7.0871634,8.243192,1.0224354,8.1755495,7.8818336,8.375873,355.30075,1.9224782,2.9688072,2.7216997,1.6945027,1.8762239,26.567858,0.453637,19.378881,12.405178,16.026806,10.3118925,2.591355,2.947276,3.9640472,5.860208,116.55277,63.758087,135.51973,85.704895,121.010994,57.64216,-0.6551313,55.6577,55.122524,60.608646,420.93466,4.128476,373.32834,366.59528,360.46237,16.204952,0.45696118,15.839703,14.993548,17.278011,0.000669513,0.34057805,0.22885752,0.0054618125,0.0074466113,196.6249,17.980604,188.82864,143.74966,191.07991,0.2282937,1.1984615,1.3923227,0.011503276,0.0051559964,21.181171,1.5960703,17.225925,16.475752,19.305784,11.32972,0.4875698,11.872357,11.169852,11.219604,242.87053,14.327191,231.1992,164.45747,194.16394,59.93685,20.231813,60.784584,58.69223,69.68087,0.12833643,60.451534,1.2621446,58.353928,57.837254,52.04458,500.17715,1.8794333,-0.040640276,550.3824
3.0553417,1.971097,3.9363306,1.8656356,3.313282,-0.77599514,-0.68717545,1.5311992,1.8659352,0.27060005,-0.0066765137,-10.064752,-10.725661,-18.746279,0.17105865,-0.22635013,-0.04548331,-0.13310774,0.04736125,0.16351512,0.044870924,0.22134782,0.20960447,0.045861017,0.0523946,-0.49443904,-0.48346975,1.954493,1.9509256,-0.3138596,1.8916044,50.16383,0.7901804,0.8034734,1.0410594,256.2501,280.4478,328.16232,275.2251,-54.16888,4.506398,20.141014,36.019295,13.250902,17.869766,1.7115209,19.760592,17.19834,18.844706,0.92333776,0.011323887,0.9317864,0.9213829,0.92570174,8.554609,4.5412226,10.036902,5.643137,6.990469,1.9168794,3.053282,1.8777536,-0.4867642,0.81585354,-8.6163225,2.0236459,-8.117696,-9.811522,-8.813891,11.600031,4.5942554,12.948663,10.134626,12.209259,0.040607076,-0.36123598,0.7193951,0.037671477,0.10249373,4.40229,0.2713495,4.611485,4.2764826,4.8090024,7.5992293,0.6751708,8.97451,7.1477575,7.732744,4.274823,0.12097904,4.3371553,4.0956764,4.3125486,6.2738934,0.2924574,6.982773,6.1264987,6.5448694,7.099792,0.27729255,7.4483514,6.9220915,7.239313,8.446599,1.3933326,8.839915,7.771273,8.309833,404.1569,1.7767359,5.449,4.4970484,1.0963702,1.9689101,26.795252,4.5518847,18.828362,2.479436,2.3804884,8.425745,2.9207382,9.482854,5.967752,8.22307,69.5677,21.504862,83.35072,55.76919,79.398315,49.623253,2.1903183,49.99731,50.025337,51.96975,415.32385,1.5085151,416.14075,408.35196,389.37152,16.001778,1.3532482,15.692211,15.704911,14.816983,0.014123665,2.2402892,4.2996516,0.006372476,0.0074466113,145.09554,11.702709,146.44675,131.69794,138.08145,0.21730354,1.5058806,1.7395446,0.005989834,0.0051559964,18.741257,2.6180534,20.14085,14.877452,19.60484,11.434871,3.6341956,15.8026905,10.744903,11.05182,174.79999,6.495068,161.11166,155.62633,154.7238,63.73952,2.9510179,64.05198,59.4884,68.791695,0.13435136,53.22665,4.2354507,55.676205,57.144627,60.378136,432.63916,1.8693098,-0.043979008,478.095
2.1312327,0.7904361,2.6781857,1.9664538,2.5782576,-0.7511115,-0.6641146,1.4346786,1.7634041,0.27128983,0.009119117,-8.512343,-9.196218,-17.826437,0.18552205,-0.23510218,-0.038957722,-0.1331305,0.052346975,0.39633194,0.032164898,0.21551786,0.20815203,0.036892295,0.038322575,-0.48399827,-0.48040217,1.9518267,1.9427503,-0.31219047,1.8915676,49.280388,0.8062475,0.73350203,1.0159152,279.2713,291.65408,339.49957,299.89563,-54.172432,4.4220743,19.659552,36.333996,11.430799,18.808565,-1.1923598,18.491583,19.339392,19.570963,0.9283025,-0.009776823,0.9222025,0.9296257,0.9215763,8.914083,0.8090685,8.993913,9.723864,8.639752,0.23881997,0.35361236,1.6813085,0.06190323,0.45505622,-7.813497,1.3736387,-8.591484,-10.048643,-9.568366,14.970879,1.5524285,13.127076,12.477457,12.803644,0.05037601,-0.38422132,0.755236,0.05233444,0.4841318,4.5573244,0.49336565,4.407036,4.398539,4.536464,9.257368,0.29653507,8.697044,7.06553,7.951194,4.217113,0.1486999,4.1857023,4.1167345,4.233448,6.329579,0.46967152,6.5467796,6.339857,6.031713,6.8579593,0.11494159,6.9047174,6.7930484,6.986283,7.607055,0.98761857,7.506166,7.0089674,7.768269,348.6658,8.502047,1.5941764,0.52737933,2.8029737,4.418951,27.396593,0.5696618,2.0907643,23.95224,20.41287,3.6510208,2.0909655,3.1092126,5.4779177,3.9552624,93.7263,5.549143,84.74375,125.58338,121.031395,54.8052,0.39522773,50.976795,51.740036,54.042408,291.01056,4.6613383,381.8099,359.75662,338.8292,14.764507,0.25265816,14.322745,14.245052,15.170753,0.0009475537,-0.053931892,-0.050610416,0.0054286183,0.0073727346,157.35715,7.2433724,129.60126,208.82942,157.72949,0.083004504,0.12859541,0.14223927,0.0059877704,0.0051559964,20.15139,1.5655599,15.345234,17.88816,18.667252,11.196126,0.28366658,11.373174,11.233912,11.380074,158.00404,2.8349314,156.86484,155.63158,182.28853,63.234932,1.3120536,67.71763,60.94388,62.893818,0.15011026,57.18884,2.1152198,50.922718,55.670273,56.878643,383.4076,1.8646104,-0.045370974,426.0169
3.3934422,1.7720428,4.4118757,2.21841,3.5450394,-1.2948828,-0.4907434,1.6086788,1.9699652,0.2896233,-0.006156193,-8.151174,-9.470392,-18.660973,0.19186802,-0.23597354,-0.048882388,-0.13815063,0.058964778,0.20309934,0.07288067,0.2013067,0.14980689,0.056581337,0.086287715,-0.5203099,-0.47296184,1.9547083,1.9441307,-0.32558143,1.918422,52.422092,1.0139481,0.8598786,1.0767742,200.77145,282.32138,343.29022,274.76312,-54.154945,4.349843,20.103767,34.85814,11.084224,16.518747,2.2008069,20.099537,16.841772,18.815777,0.92738444,0.0034783515,0.9337551,0.9255802,0.9269766,8.426801,3.5226183,11.027676,7.9300084,7.8415008,-0.25670388,3.3343604,1.857183,-1.3632551,0.43055233,-8.014377,5.3458767,-6.38539,-10.017597,-7.5536776,12.061556,6.418051,12.075306,10.347757,11.683674,0.03868447,-0.3738844,0.72829604,0.05618876,0.10635148,4.161265,0.30605227,4.4021354,3.9680166,4.338615,7.195931,0.4265374,8.566231,6.8587804,7.9351263,4.0560603,0.3295699,4.34316,3.93288,4.0202503,6.6352553,0.29317233,7.082445,6.604763,6.800336,7.1849093,0.24959372,7.5326786,7.088522,7.413702,8.325582,0.7695304,8.160612,7.6736674,8.817779,421.65875,2.1457791,1.4447666,9.571527,1.2143863,1.4891845,25.306602,4.4181333,69.004654,1.5399493,2.3804884,7.34941,2.0480134,11.280719,6.183956,9.533584,85.210884,12.634002,100.379395,74.650345,88.7357,54.971424,4.5468016,55.90915,50.485172,52.870766,393.6374,0.40054077,372.0608,297.70898,381.5268,18.331352,1.1392021,17.911804,16.171824,16.345663,0.0009475537,-0.056139573,-0.068680465,0.0058848634,0.0074466113,122.47689,18.906683,115.43411,129.88644,129.95427,0.09906607,0.12483983,0.14223927,0.011402575,0.0051559964,21.943716,4.1808724,21.391628,16.4298,19.701935,10.939905,0.71235955,11.255529,10.632605,10.872928,151.18396,11.902152,167.28477,145.22049,154.29163,54.378513,7.806145,62.96014,49.28674,58.49551,0.14157675,60.196808,4.7256165,67.2214,57.57004,59.441563,439.78275,1.9067701,-0.04262165,518.7427
2.4340496,1.5804497,3.372237,1.5214072,2.7021313,-0.9779538,-0.5665125,1.6895167,2.0592704,0.2809414,0.010640179,-8.027047,-9.644375,-17.364697,0.18103777,-0.23003529,-0.033058006,-0.12874916,0.04570724,0.19009276,0.11017752,0.21955045,0.21825758,0.072813734,0.07590061,-0.5444897,-0.47228923,1.9541552,1.9490987,-0.31583738,1.919147,52.91325,0.9445454,0.9883672,1.0582515,151.2919,225.98885,296.23126,206.45921,-54.15215,4.396346,19.531721,34.82455,13.084499,18.580278,6.6240425,21.97003,14.15835,20.583498,0.9124122,0.050313212,0.94888675,0.8965414,0.9065567,6.3472285,3.9072075,7.7198277,4.424746,5.8758497,0.21304907,2.8563907,2.143175,-1.0937248,0.44141573,-7.2481995,3.5734801,-3.814684,-8.153443,-8.9684725,7.9925404,3.8978488,10.220941,6.358087,12.915289,0.055757005,-0.368068,0.73198026,0.123635136,0.10854912,4.1668606,0.37310508,4.8731065,3.9105031,4.4007077,7.137813,0.51067793,7.851224,6.7198405,7.3909664,3.9787211,0.44491512,4.2231226,3.618863,4.096612,6.3402915,0.40556777,6.438441,6.306517,6.361342,7.0912886,0.49344122,7.5826564,7.0990753,7.537118,7.8347077,1.5062624,8.507191,7.468265,8.260285,402.346,9.587891,14.152569,19.460062,2.4849174,1.1870944,21.769882,17.73724,28.892088,3.5344758,1.878353,16.297388,8.134883,16.698183,6.5627937,9.034655,89.629585,44.947334,77.77456,55.4532,67.99852,58.35021,11.654052,63.295654,54.606865,54.337936,441.98273,21.26096,349.28445,282.53287,351.31702,21.690155,3.7274904,18.88375,17.76428,17.756136,0.0009475537,0.67893684,0.2674186,0.006382361,0.007456702,130.49124,12.332125,175.20317,107.731735,126.43355,0.08299962,1.2759192,1.3774664,0.006034982,0.0051559964,26.809418,9.236907,30.104778,19.559132,19.477884,10.624311,2.988075,12.654303,10.0936365,11.065036,179.42075,42.21773,153.93912,139.21895,136.28976,52.86775,16.080534,72.87385,46.34328,58.110287,0.17562382,71.34844,16.013893,76.02323,59.36619,59.713078,414.62106,1.8898834,-0.04533667,460.29434
2.0275013,2.140251,3.4686425,1.099711,2.556193,-0.893602,-0.60726583,1.4841033,1.8915489,0.25342232,0.027286228,-4.7552958,-8.953188,-14.055191,0.18135314,-0.21013966,-0.018432567,-0.11372286,0.03172408,0.37267494,0.073853485,0.21739456,0.19151433,0.04574967,0.047094963,-0.44617668,-0.4468873,1.9522399,1.9482075,-0.29395494,1.9220278,51.565414,0.82167995,0.70559853,1.2250068,273.3432,303.43185,350.72623,291.58725,-54.193626,4.5028005,19.431253,36.781216,13.035396,20.46959,8.094549,26.286983,18.346203,21.586206,0.9035516,0.07430642,0.93421614,0.86836153,0.89410865,9.860283,5.77483,11.409128,3.8899488,10.531119,-1.2384461,6.0480833,2.1065264,-4.678452,-0.09092467,-8.160107,4.256801,-4.156073,-9.465695,-8.442549,12.073176,4.9070554,14.504631,6.647266,13.411458,0.07223865,-0.35256267,0.74987614,0.04195009,0.5034989,4.0614533,0.94011563,4.541948,3.52326,4.0921345,6.7923007,1.0697899,7.0364966,6.370234,6.8667426,3.8715026,1.0333481,4.5276513,3.5674665,3.8354533,6.3842874,0.76712567,6.9621725,6.152949,6.498906,7.2018533,0.8446548,7.670963,6.8020797,7.4174356,8.1361885,1.8029333,9.448857,7.822424,8.730814,401.75256,18.078417,15.146838,16.387484,1.5014008,1.4841629,26.754162,17.413078,31.553616,6.68198,9.124829,14.160025,9.930002,15.457002,5.697978,8.130843,59.010548,49.07386,87.3555,37.74712,54.742054,67.46922,12.6638155,68.48092,59.65384,57.332535,350.7384,30.19491,371.45084,340.9578,378.20935,20.927063,3.818157,21.27978,17.849588,17.267809,0.01922784,0.8012312,0.7139074,0.009580367,0.0074194027,127.19798,18.491613,129.46442,118.26259,122.51114,0.13246763,0.5003196,0.7341193,0.077040166,0.0051559964,32.69757,9.0081415,31.15578,19.992863,22.060333,13.092816,4.2933073,15.070024,9.781179,10.201244,128.98283,19.122618,139.36427,118.19971,119.338646,59.14612,27.796848,67.36552,34.221348,70.58794,0.1831854,93.37386,24.562428,85.621216,61.745186,61.270966,368.31265,1.8168025,-0.065179236,526.60455
3.8000295,2.6322591,4.729555,1.6715024,4.884861,-1.2739968,-0.62185794,1.6278379,2.067448,0.23259562,0.021011762,-4.7591605,-13.121543,-17.983437,0.16507052,-0.19176835,-0.022468586,-0.109937005,0.03259572,0.21520528,0.08556296,0.23777004,0.23815298,0.044093624,0.04391825,-0.46506664,-0.46764785,1.9494145,1.948021,-0.28582823,1.8826472,51.534683,0.92952526,0.84947115,1.07877,256.05756,322.135,347.62964,346.04367,-54.19063,4.9184074,19.930204,38.178703,12.895839,19.43356,5.809325,24.911303,18.598564,22.911957,0.93509597,0.04424052,0.9263982,0.8791004,0.8898576,8.966435,10.620987,17.669426,5.571327,13.791396,-0.42635974,8.921292,1.7462447,-4.736704,-0.14069088,-7.894194,8.723528,-5.509876,-11.089274,-10.4297695,16.07751,15.834801,20.281204,8.470796,15.906122,0.059671856,-0.32086965,0.70174676,0.082591005,0.26743564,5.2323904,0.71485156,5.493453,4.7357836,5.087354,7.7919106,0.3892364,8.268249,6.5010076,7.5930653,4.7219768,0.62166417,5.013968,4.655456,4.870855,6.413392,0.51229495,6.7590857,6.166243,6.388622,7.0528255,0.6174545,7.845711,7.0043426,7.420839,8.769725,0.19979718,8.900554,8.270868,8.673097,449.07184,16.07333,9.726547,6.8929405,4.6939507,2.904922,27.553537,16.381483,23.925783,6.623656,6.3542686,14.512263,14.282208,17.866095,6.701996,9.305935,58.58665,29.511753,65.32229,41.167484,54.298225,67.93921,7.29752,67.69642,59.960167,57.842983,482.2609,9.168752,450.27225,469.1259,449.76855,19.174923,2.9556978,21.245495,19.487679,19.509151,0.1228195,0.5338055,0.41390547,0.010521025,0.01601917,144.20282,11.513326,149.18465,149.46251,135.21327,0.31513944,0.5294498,0.7519406,0.05318548,0.005216785,30.515186,8.682451,33.87077,24.14393,21.243763,14.384628,3.1060734,15.035962,10.801486,11.521727,146.10034,6.261524,160.42845,131.57324,153.5488,88.41425,16.182383,93.01291,70.138016,89.36672,0.17289641,79.7171,18.162634,86.40244,62.120827,61.753006,482.72125,1.8298498,-0.068221934,563.62634
1.8589122,3.7833574,4.1746097,1.1466938,3.09898,-0.78689283,-0.62259793,1.5110102,1.9157543,0.2527009,0.003457202,-8.397624,-9.293343,-19.05145,0.18588044,-0.20782335,-0.031210557,-0.12070263,0.041566275,0.081618845,0.056153312,0.23065113,0.23721711,0.042040326,0.04791107,-0.4692125,-0.47657004,1.9502546,1.9440274,-0.2999009,1.8868635,48.245277,0.9978984,0.81464756,0.8533009,275.98495,303.09015,318.97134,312.10672,-54.17315,4.6659703,19.964493,36.63929,12.706841,20.82682,6.8310256,25.759642,21.945337,25.639784,0.81498027,0.057215028,0.8826345,0.8468754,0.8644683,8.37624,6.9881153,14.570268,4.4670076,8.005854,0.42999867,10.0279455,4.1590977,-4.61369,0.28379038,-7.601295,11.700156,-4.393946,-14.044262,-9.120218,13.94836,10.543001,18.18355,7.8618097,13.587363,0.046180055,-0.3610615,0.69800305,0.05325374,0.08981274,4.544141,1.1297604,5.4597664,4.21903,4.7335796,8.214106,1.798164,8.614148,7.483758,7.354935,4.37406,0.5816651,4.733833,4.126903,4.3755903,6.8110194,1.2921314,7.1177545,6.4792147,6.3282647,7.144712,0.6330498,7.689464,6.9606094,7.5581365,8.268787,3.9140778,10.325696,7.3720403,9.70642,441.55423,20.936977,17.937494,20.834236,0.7738811,0.649917,45.031628,21.551937,56.27706,0.5503866,1.726992,19.599237,12.276218,15.47525,4.5976925,5.0961485,79.01751,67.20165,79.9605,46.36103,52.122444,62.50787,10.535004,65.93059,58.184708,53.624268,442.3121,37.784557,436.74454,455.68274,447.47934,20.221893,3.6343012,19.72131,16.791218,16.484812,0.009215602,0.20907027,0.15893638,0.048260614,0.053701747,137.85503,27.100695,153.9758,133.77364,138.92075,0.09178725,0.32970285,0.20063744,0.04913539,0.0051559964,32.662148,13.233738,34.259254,15.74622,17.594437,11.859635,2.2366266,13.445608,11.048482,11.554457,159.28162,22.848345,144.63823,137.33768,153.72398,72.15981,35.642868,87.2,59.716106,79.26401,0.15493852,71.13801,25.409225,77.88762,58.1417,58.02275,432.15796,1.8495756,-0.05217705,555.1617
1.3840635,0.98470217,2.0143747,1.1851022,2.0810635,-0.7581145,-0.7132448,1.4923747,1.8207994,0.25227553,0.01944739,-7.480012,-7.7705736,-15.535483,0.18222488,-0.20849037,-0.028170345,-0.12044466,0.038976613,0.23633918,0.043722484,0.23325814,0.23365037,0.040673837,0.04434423,-0.46559,-0.4693251,1.9505309,1.949583,-0.2987792,1.8979605,49.686317,0.81409526,0.77801496,1.0261207,271.2353,305.58463,322.69766,304.13083,-54.185955,4.286906,19.766619,35.244736,13.303442,18.043034,6.6365113,23.639433,17.67462,23.306791,0.9430214,0.054826118,0.93750143,0.8871407,0.8870398,4.622584,3.5430582,7.450748,2.7425425,5.5084133,0.470316,4.7246366,1.7312737,-2.139323,0.48726872,-4.5213246,3.7489636,-3.4336004,-7.9328923,-6.581257,6.221412,4.6886334,11.111462,5.234739,9.698021,0.060864635,-0.3654488,0.7494093,0.038077913,0.30630562,4.2732954,0.33053908,4.4442782,4.1825957,4.3895454,6.52496,0.2603492,6.8268332,6.2352595,6.6159167,4.2674546,0.2831698,4.3933344,4.123735,4.31871,6.2116065,0.27663973,6.362626,6.045768,6.0343084,7.0412226,0.6992405,7.7825456,7.013539,7.776948,7.679179,1.1340702,8.569386,7.456407,8.532365,370.19937,10.644957,11.720866,17.270687,0.93416137,1.062149,16.8076,21.209326,22.605627,0.8101063,1.4702816,9.996369,10.1668825,13.436107,4.4640794,5.7225647,51.112713,14.076977,59.627617,44.2606,45.46413,58.6651,6.3119593,58.55654,53.95342,53.447773,347.22375,12.5181675,356.45447,347.96902,367.72058,19.862106,3.0813355,20.326782,16.602488,16.089485,0.434922,0.3397727,0.48006684,0.006372476,0.0074466113,113.552986,6.162426,116.66649,108.18576,114.38964,0.71555626,0.14265981,0.15429305,0.005978696,0.0051559964,26.675325,8.790208,27.926651,17.314941,16.757978,12.34794,1.2948666,12.106853,10.744058,11.396433,117.297615,10.535222,124.3726,112.47652,116.62795,60.519268,14.584838,68.22351,59.34815,63.666283,0.19313306,77.97614,16.40916,66.83001,54.900314,55.122448,362.88882,1.8224188,-0.050788924,429.84613
2.5709105,1.2765042,3.6100757,1.7920182,2.633628,-0.7677405,-0.68441385,1.5176601,1.8448731,0.26394728,-0.0047839396,-9.000113,-11.731532,-21.02684,0.16954874,-0.22162928,-0.04539118,-0.13295174,0.05729276,0.21025637,0.055474915,0.21859062,0.20209369,0.040902775,0.044634696,-0.5083527,-0.49103013,1.9520013,1.9503591,-0.3151084,1.8949349,48.097507,0.7781945,0.79087913,0.95634615,274.6294,305.9242,342.95886,301.52054,-54.165718,4.2312675,20.253141,35.97891,13.246028,18.404018,2.7345796,22.520569,17.486155,22.624046,0.925767,0.017529527,0.92156476,0.8978003,0.899486,8.061327,4.8210196,8.950575,5.6235833,7.100724,-0.07579866,3.7996824,2.432789,-1.5588298,0.43642855,-7.8643126,3.2865453,-6.421512,-9.385914,-9.3921995,9.728417,4.649145,11.937837,8.4493265,14.118887,0.040910516,-0.36598724,0.73820037,0.099556096,0.15023397,4.2643175,0.19884843,4.769084,4.259919,4.523381,6.984345,0.36723244,7.6006837,6.9361696,7.582071,4.150429,0.14327706,4.391272,4.023108,4.2293906,6.481384,0.17117016,6.359575,6.235972,6.673638,7.159589,0.5962715,7.5394998,7.088724,7.6459413,7.8347077,1.4197806,8.684121,8.132911,8.740141,396.28247,6.1191483,11.093694,14.312728,1.1891191,0.8622367,21.083197,13.33751,41.830696,2.5890694,1.878353,15.239967,8.064753,18.483002,4.9495144,7.0565624,70.699265,35.98948,71.68176,43.450264,67.678986,57.441467,3.794376,62.09131,54.022312,55.127934,494.84528,19.593554,403.2336,360.32352,379.89597,20.151268,2.5682027,19.259163,16.629295,17.481394,0.0009475537,0.67893684,0.27905115,0.006372476,0.0074466113,129.70908,15.197204,167.99995,110.96242,130.36935,0.08299962,1.2319202,1.3442765,0.005989834,0.0051559964,27.186228,6.760402,31.034964,17.203142,18.55301,10.796844,0.6119342,11.620511,10.780987,10.9977,181.8874,35.51894,159.85568,135.8604,139.67014,60.749695,8.088029,75.392105,58.992294,66.79615,0.14109202,69.66267,8.677108,71.13909,56.988655,56.179234,439.767,1.897397,-0.04008837,515.54596
3.3883176,1.6528549,4.663355,2.0384955,4.155456,-1.246976,-0.5811517,1.5554901,2.0053444,0.23410095,0.0081175715,-9.820522,-11.918264,-20.54948,0.16425246,-0.19601962,-0.032798003,-0.1168346,0.041510034,0.16928403,0.07367813,0.22218923,0.21960863,0.043680687,0.051025145,-0.49452338,-0.47991174,1.9507891,1.946602,-0.30253604,1.8848565,49.497993,0.34276396,0.73342127,0.75860405,201.63434,293.78323,370.709,305.9639,-54.184498,4.887305,19.997747,38.410442,13.374602,18.997673,4.927156,24.769712,17.11768,24.36968,0.9280523,0.036400903,0.93923444,0.8724396,0.87989855,7.2668805,7.431267,17.10876,8.348379,12.595438,-0.4995978,5.753562,1.7209821,-3.7038362,-0.30166054,-6.3668165,5.337976,-5.7703996,-10.18598,-10.113879,11.786436,9.997414,19.147638,9.655096,13.915872,0.054801513,-0.32601488,0.7199269,0.07799127,0.055924542,5.2013683,0.87129676,5.6596136,4.5051165,4.970869,8.407703,0.5053331,8.843438,7.8327494,8.50064,4.4410667,0.6111241,4.879996,4.1202636,4.388293,6.4317613,0.45904514,6.926608,6.1547074,6.8770304,7.0792317,0.6620304,7.5373783,6.906505,7.6109524,8.213982,0.9078326,8.6997,7.6560044,8.19272,468.72137,13.337435,9.089463,11.620256,2.0865693,1.205074,34.123695,16.470106,52.294704,13.37315,15.561018,16.715082,9.063637,14.6414995,5.4576807,7.5312204,118.69889,60.164845,150.01227,54.61696,107.032394,68.35699,10.480291,72.005165,59.578568,59.103447,584.3202,16.44476,488.52823,460.68274,472.5974,21.271645,2.4590588,21.375376,18.243752,18.607681,0.07015706,1.0863591,0.46798384,0.006387142,0.0074541466,155.43446,27.28596,185.80553,149.35545,176.65054,0.30643126,0.6401186,1.1002706,0.006277849,0.005216785,26.217857,7.067455,32.160454,22.59029,19.459856,13.654305,3.0747867,15.8299,10.712465,11.981078,219.12971,10.147719,249.62665,152.234,204.4783,92.82131,41.206512,92.2472,66.203,79.59508,0.17337306,87.97714,15.312286,83.51675,59.194332,60.71177,557.76227,1.8397081,-0.050527014,654.5127
3.7258348,2.9893823,5.205382,1.5458472,4.329223,-1.2889686,-0.6207665,1.5953019,2.0292127,0.23167896,0.020531623,-8.5169525,-13.077073,-20.503536,0.16370921,-0.19260642,-0.021892417,-0.10757624,0.030236237,0.2554373,0.08514249,0.23809266,0.23336643,0.042930327,0.042723637,-0.46325868,-0.46994042,1.948951,1.949031,-0.2832272,1.8720932,49.350315,0.9025463,0.85109824,1.1044146,292.30273,320.51804,338.43893,354.0895,-54.19141,5.059334,20.419945,39.977432,12.993296,21.604662,7.39078,28.096212,20.601603,23.824915,0.87332076,0.06985323,0.9221922,0.8407373,0.88036484,9.405316,9.992868,18.062195,6.2253537,12.916141,-0.42965975,8.06015,1.6259468,-4.7696486,-0.092486374,-8.566258,8.883222,-6.1032743,-12.337139,-10.593776,17.448696,14.633222,18.916899,8.694453,16.599453,0.059499204,-0.31869903,0.6962096,0.077806085,0.36530215,5.3732386,1.0704054,5.84267,4.734686,5.328156,7.8159165,0.5471477,8.651254,7.3419094,8.062453,4.814313,0.7169452,5.359197,4.703681,4.980011,6.412967,0.7286969,6.8218923,6.2080564,6.5404286,7.078189,0.669735,7.792237,7.078213,7.4294505,9.271681,0.7367194,9.718835,8.971679,8.747946,509.7031,18.351385,19.867092,22.774986,6.8031287,5.15469,48.24872,39.468826,57.47527,24.063572,19.422226,16.157188,14.44735,19.633303,8.313368,10.609964,63.848522,36.97541,83.97318,45.81854,58.764656,73.3655,11.986301,74.342834,61.390694,59.63444,517.3873,33.13788,548.48303,485.35513,509.57834,19.609549,2.5001953,21.903292,19.732046,19.439796,0.13316382,1.6877937,1.4069631,0.058589693,0.016055664,152.5313,14.50998,169.21454,153.18306,173.86224,0.42051956,0.60002065,0.7519406,0.06176895,0.005252872,33.16202,12.112828,39.934475,26.860603,24.587988,15.4873085,5.44712,16.40099,10.93313,11.945293,180.41768,15.354216,181.59659,152.62596,194.02248,94.50846,18.246607,114.03277,70.26821,94.98515,0.16519852,89.13431,32.51393,111.043686,68.99935,75.702,574.3148,1.8211246,-0.06972106,673.08875
1.3858845,0.3171706,1.7373453,1.3311427,1.613467,-0.74722886,-0.7132448,1.4578265,1.785454,0.268989,0.01516025,-7.620436,-7.4272966,-14.538748,0.19609477,-0.22310601,-0.029064052,-0.12584414,0.04142457,0.3481278,0.041156705,0.23000373,0.22430867,0.03873611,0.041349944,-0.47484726,-0.4721425,1.95257,1.9514718,-0.30271593,1.8941969,48.721764,0.7964628,0.7461236,1.154613,280.4913,310.13135,329.66116,306.15125,-54.182087,4.270022,19.573874,35.25426,13.128435,17.973394,4.031514,22.140182,18.404459,22.354548,0.9268559,0.03049609,0.92831594,0.89879847,0.90033203,4.909182,1.2228771,5.8187513,3.4839163,6.437811,0.23253931,2.918498,1.6873527,-1.0020989,0.45159456,-4.834733,2.2041066,-4.52311,-6.9047585,-6.836558,8.281844,2.0534556,9.492407,6.0538373,9.077869,0.058377214,-0.38889438,0.76059407,0.038077913,0.4610852,4.284926,0.1108771,4.3153863,4.2264175,4.3840165,6.612292,0.2053719,6.757503,6.5216327,6.647054,4.261416,0.12276884,4.2474637,4.165312,4.207376,6.137953,0.14019209,6.3425913,6.0382385,6.083338,7.037447,0.5834224,7.5645356,7.0283747,7.6269403,7.4008336,0.69700396,8.220246,7.421766,8.051684,340.1177,0.564027,1.1650406,-0.48465607,0.16800196,0.360998,0.1563827,0.6293772,0.09335703,0.35529122,1.4702816,7.116137,3.231048,8.223463,4.4099417,4.5296597,50.278152,6.4357967,50.220543,41.201504,43.50597,56.320305,4.3832426,55.93193,52.890736,51.411304,317.33255,0.12315861,323.33298,323.3803,336.5537,18.417252,2.461333,18.458603,16.265526,16.355207,0.0009475537,-0.057103626,-0.041382704,0.0062520695,0.0074542775,105.18572,1.4785337,105.645294,100.161934,102.86503,0.082795985,0.14265981,0.15429305,0.005982866,0.0051559964,18.842024,3.051838,19.049711,16.042517,16.057928,11.077749,0.40164477,11.347112,10.977401,11.107325,110.19146,4.167915,111.86254,105.036354,104.91149,61.168797,5.2932467,61.137886,59.97874,60.856346,0.17172909,56.361248,7.0321455,56.265686,52.39867,51.55955,328.92905,1.8401008,-0.04834053,372.45847
3.9531443,2.583923,4.946719,2.052695,5.14563,-1.2422705,-0.5843862,1.56448,2.0450797,0.24742861,0.006216498,-9.613053,-12.318621,-19.58384,0.15670809,-0.20777972,-0.03855493,-0.11759036,0.041236073,0.17600271,0.06679199,0.22136919,0.2183569,0.046236012,0.052847512,-0.47827834,-0.47988272,1.9504455,1.9469187,-0.30148906,1.8819532,51.572975,0.33541393,0.7959313,0.8432336,201.22757,281.0277,357.3787,292.76285,-54.186123,4.93889,20.059721,38.427624,13.4000435,18.143152,4.701547,23.726248,16.717062,24.355207,0.92730933,0.038655818,0.9368117,0.8806907,0.86145294,7.7221913,5.662926,14.061039,8.707494,10.373302,0.5903328,4.455122,1.8599136,-2.488668,0.35297292,-8.195861,2.3507736,-8.596231,-9.654514,-10.21672,14.048623,4.857356,15.667373,11.691692,15.318768,0.050846457,-0.33562544,0.70799005,0.07308216,0.14266188,5.8471894,0.50669056,5.718923,4.8032436,5.2664175,8.3687525,0.49895105,9.198978,7.9553714,8.499167,4.483249,0.3873099,4.8188443,4.332277,4.4741464,6.345571,0.37597853,6.9501967,6.138545,6.806178,6.9981704,0.5469224,7.5827985,6.829365,7.454322,8.531891,1.4120789,9.031363,7.8052506,8.236313,469.02173,17.329361,8.539411,9.142391,3.1270459,2.871563,45.81534,10.088894,48.242092,3.9553084,2.79496,14.042455,7.4230847,15.810465,6.2655225,10.803525,76.11759,2.3248081,83.25164,61.572155,76.943085,61.10531,5.650065,60.379753,57.229687,57.1526,520.2852,6.6313996,491.30463,526.74023,449.14456,18.070818,1.6468763,19.426449,17.81517,17.862612,0.07015706,1.703054,3.0885973,0.006387142,0.0074541466,153.24371,14.005577,165.4462,157.72493,152.62885,0.4105707,0.87588334,1.1035273,0.006449653,0.0068033054,25.9984,6.5576735,29.732597,21.612118,22.41356,13.8504715,2.3345714,13.657703,10.843376,11.898187,186.44449,6.670155,179.05133,162.82893,172.07837,108.35833,13.96172,116.67395,68.27551,82.52908,0.1688486,90.96939,13.815328,73.024345,64.13618,69.07183,470.0679,1.8442482,-0.055569433,578.358
2.714401,2.4743712,3.917263,2.087303,4.5039687,-0.80744296,-0.70123583,1.480826,1.8020325,0.2782837,0.011254884,-5.9994335,-10.935154,-16.91827,0.18918583,-0.22860351,-0.03417925,-0.12900726,0.04946116,0.36468276,0.099515885,0.2141687,0.20382969,0.036547985,0.042182453,-0.48771024,-0.4759316,1.9533079,1.950679,-0.3201098,1.892412,50.211422,0.80135256,0.7694005,1.3127412,286.60086,305.9075,341.4618,310.289,-54.171135,4.6409917,19.64671,38.161945,11.936116,19.96354,2.9364727,20.689905,17.784828,20.427473,0.92016345,0.016514247,0.924884,0.9000079,0.9102333,8.518257,7.1102557,11.383892,6.5849557,9.519454,0.22525853,5.6645603,3.8821204,-3.5841346,0.35614222,-9.553327,4.810949,-6.7762175,-10.440072,-7.2033076,12.936894,2.7400627,16.240454,8.481357,13.243375,0.053808104,-0.38983494,0.71829844,0.10709929,0.48668647,4.8696012,0.9285642,5.1208124,4.3662615,4.5506663,6.7237873,1.5610085,7.3091574,5.981253,7.1283336,4.2056336,0.4016533,4.682053,4.2472014,4.2950563,6.5297923,1.0325997,6.9576697,6.142679,6.2366457,7.1899843,0.44112834,7.3760805,7.059249,7.325413,8.394267,1.9777491,9.589994,8.20311,9.140833,407.06268,5.725299,5.947938,9.84799,3.7172434,3.1990569,19.476767,21.465063,28.607162,9.806273,16.143131,13.829584,9.188302,13.525689,6.4312925,9.574692,67.03418,40.164272,82.79589,31.773132,53.275665,58.075733,8.841885,57.817192,55.722847,51.298454,407.26254,17.830784,405.5756,347.50082,379.55063,18.948843,4.440611,20.525383,17.294048,17.159595,0.007593995,0.32105377,0.15311718,0.047963016,0.0074194027,123.93507,55.792374,116.34498,115.37526,120.24339,0.28016654,1.0380425,0.93368626,0.18053105,0.0051559964,25.109478,7.3835692,26.750307,25.475357,21.625515,11.101841,0.9817967,11.501444,11.050853,11.218691,131.00513,22.174704,132.8318,128.15958,124.01065,67.33966,22.263494,71.02293,62.44268,76.27344,0.16879885,61.152126,15.708255,68.50656,51.35088,56.443172,388.3412,1.8763818,-0.05491091,459.07794
1.7093527,2.414567,3.2157533,1.053854,2.3293934,-0.8926398,-0.6238902,1.6304849,2.053176,0.26501167,0.017491626,-6.798866,-7.3795695,-15.141619,0.20236447,-0.21608956,-0.025731305,-0.12454579,0.039494127,0.25776502,0.038688418,0.21229781,0.18055707,0.045783926,0.0587384,-0.49448004,-0.45428953,1.9515556,1.9525572,-0.31773102,1.9364133,53.054623,0.8405051,0.75919306,1.0625468,105.9757,238.3767,310.45944,189.69275,-54.17658,4.468784,19.276531,34.786167,13.065071,16.43779,4.810358,21.404295,16.109608,19.891548,0.92598736,0.043363392,0.9417288,0.89630604,0.91879886,6.3640614,6.378215,12.212,3.9794896,8.389289,-0.027013687,9.212531,3.110541,-4.0453196,0.15203291,-7.2349877,7.7301254,-2.5059683,-11.461995,-7.384555,11.976072,8.098533,16.259512,5.5809054,9.418014,0.061044775,-0.37633717,0.7225973,0.040432446,0.23456076,3.8796086,0.85940456,4.790928,3.4741826,4.0075026,8.038985,1.3539462,8.293108,6.2163076,6.942137,3.7635412,0.8244735,4.249907,3.4306521,3.6166148,6.6910233,0.64383745,7.023788,6.1530547,6.2797427,7.137944,0.4465342,7.274404,6.815436,7.11427,8.642308,2.6607656,9.642079,7.232433,8.914518,386.68472,0.7115223,4.653803,0.18481474,0.05013657,0.26010266,2.7059512,12.527605,14.108092,0.26686162,1.726992,5.087661,4.197855,10.111411,2.9724977,4.2750115,69.950745,76.05625,91.34463,56.54124,68.2001,54.701218,10.169867,58.67249,51.17928,51.60336,360.2603,10.546942,384.93488,355.45477,359.08096,15.018279,2.5526252,15.621787,14.822505,15.217313,0.005171154,0.17542407,0.11851797,0.055620387,0.0074466113,129.7225,14.527182,120.898605,114.16809,136.3988,0.087921575,0.31188285,0.20298932,0.0061561726,0.0051559964,16.709452,4.2323966,15.7552595,15.023465,15.251707,11.370605,2.0146375,12.318563,9.7834835,10.274459,124.48609,16.492544,125.404305,124.6084,135.31967,48.65318,21.811203,57.83712,34.69626,55.917374,0.14797276,55.835842,14.898594,60.39462,51.82923,50.22209,373.76886,1.8262783,-0.05126855,454.5728
1.5865173,0.05484175,1.5989053,1.5872465,2.0222476,-0.7818887,-0.71394587,1.5117666,1.846768,0.24301353,-0.036327284,-14.0293865,-10.33811,-24.290651,0.12281484,-0.20434736,-0.074813485,-0.13665989,0.07625105,0.17699301,0.017807994,0.2246274,0.22052407,0.042361468,0.045281548,-0.48320568,-0.4792849,1.9528495,1.9516588,-0.29256007,1.8754388,46.63971,0.8034301,0.7748184,0.9995508,278.51898,310.59055,341.72763,309.75034,-54.172688,5.1128893,21.709015,39.168293,13.783063,24.977823,2.8752282,27.65288,24.292347,24.529942,0.8792847,0.027677596,0.86672324,0.8385863,0.8800453,7.4611545,1.230273,8.361335,7.0295997,8.22014,0.45571968,0.671938,1.9435247,-1.2809159,0.56493455,-7.172252,2.1417727,-6.4796515,-8.295875,-7.391988,10.172725,1.6521053,12.307832,9.587595,10.957636,-0.000342815,-0.3209961,0.70852846,0.02083305,0.23004283,4.871772,0.14450009,5.1252604,4.6402783,4.9191847,7.5435123,0.3089475,7.7937884,7.330122,7.4981265,4.542538,0.23498654,4.74887,4.528475,4.614983,7.110654,0.0503125,7.104391,6.98307,7.0230007,7.417897,0.123621225,7.4480987,7.4491916,7.4232836,8.995711,0.10268947,9.622386,9.326388,9.879508,466.58624,8.035495,0.75683594,6.8481736,6.443627,4.751885,29.642311,1.4953502,28.712069,21.216604,11.8969145,11.460805,0.63187134,12.114331,8.58215,8.9121475,91.98107,-3.1378336,93.62615,87.975845,95.22425,62.612602,3.40137,61.471546,58.55718,59.567825,462.84726,3.6649852,471.53885,461.181,478.01578,20.44434,0.4970799,20.450897,20.677706,19.952524,0.05632486,-0.06313604,0.13256624,0.11210248,0.01652944,161.89645,1.2836193,161.66505,157.62819,168.15842,0.5605906,0.12483983,0.31767866,0.23671412,0.23421882,26.1645,1.3627024,25.771208,26.251362,23.893244,12.79235,0.34320986,11.757381,11.963515,12.65533,175.08896,8.553984,179.364,176.8304,166.76816,71.39134,4.477973,81.39391,61.613865,77.56591,0.1415494,69.76258,3.7992208,71.47186,64.8962,67.68276,537.7777,1.8462803,-0.044007566,562.46027
3.599812,0.86896825,3.8747475,3.0408504,3.5402899,-1.2460836,-0.5650492,1.4885803,1.9503632,0.2374438,0.018966638,-10.272894,-10.979836,-20.278429,0.17230377,-0.20286222,-0.01983456,-0.11650213,0.03206426,0.22556698,0.07254277,0.2299038,0.23610808,0.039027974,0.042231265,-0.45854113,-0.4695146,1.950115,1.9407307,-0.29038343,1.8889424,50.289577,0.8273059,0.73418856,0.86264867,209.93907,304.48944,318.03244,304.82724,-54.19226,4.7469726,20.058062,36.470802,12.951308,18.995522,4.2870784,23.06585,19.504189,23.165901,0.9466606,0.026353685,0.93355227,0.8904883,0.89421767,13.168396,5.4519014,14.829366,10.386435,13.595294,-0.29544795,3.772117,1.7495314,-3.065722,0.057965744,-10.984038,2.0699039,-10.340477,-12.864241,-13.227556,17.304548,5.238662,18.505106,16.296625,18.062874,0.05914804,-0.3437333,0.7096956,0.102344096,0.23287997,5.1288047,0.62432224,5.046617,4.6965594,4.9812384,9.130364,0.41337538,9.559421,8.00027,9.2481785,4.3027873,0.32303104,4.42278,4.1034627,4.3065367,6.774506,0.5956135,6.8931575,6.330227,6.3265886,6.9098697,0.41714007,7.457326,6.8837385,7.492543,8.335975,0.84118897,8.526806,7.7121296,8.504171,466.24057,9.490749,5.338148,2.7458136,2.765863,4.6289845,32.42192,7.92902,14.408248,23.952822,20.669582,12.829973,6.196349,12.962274,7.672884,9.550302,119.01527,11.805003,109.99599,139.98917,136.44336,61.767426,6.1301084,60.624344,58.76177,56.723854,453.8083,8.07098,495.11816,476.65356,473.22836,19.99748,1.5226682,19.89304,18.028852,16.954103,0.0009475537,0.0799327,0.09793229,0.0054432843,0.00738027,187.72777,12.385551,181.61394,166.73933,179.42389,0.29928324,0.14265981,0.15429305,0.006274152,0.005216785,27.264547,6.176427,24.431917,18.325329,21.502024,11.39025,0.6940888,11.295094,10.741671,11.452974,200.95576,-2.4658284,188.19817,182.13817,192.75783,72.83376,0.5951973,74.0427,66.97709,71.40751,0.13460782,69.23547,12.255341,65.87918,58.657883,63.060818,509.01337,1.8404149,-0.057351615,559.6209
2.3695788,0.504577,2.6559563,2.0238278,2.3188393,-0.7481205,-0.699468,1.4564149,1.7771604,0.29114667,0.00077235315,-5.742016,-8.478095,-14.669374,0.19742273,-0.24039713,-0.0485792,-0.14112349,0.05625049,0.3604346,0.04456433,0.2136277,0.20992321,0.037200022,0.038362443,-0.4874519,-0.48134497,1.9528072,1.9519076,-0.31890488,1.8966368,49.641804,0.8018149,0.7495119,1.1587454,282.73932,293.39935,332.4428,302.858,-54.16803,4.077451,19.400167,34.95486,11.063853,17.817553,-0.3310515,18.00599,17.624548,17.88312,0.9327141,-0.0022986983,0.9326723,0.9339073,0.9339231,7.688623,-0.1642371,7.5541987,8.49949,7.4843264,0.25139144,0.45799747,1.5686394,0.08698316,0.45450515,-8.777029,0.49739859,-8.633861,-8.11628,-6.6523304,10.475143,0.44539514,10.705519,11.329959,10.656265,0.046019744,-0.40659332,0.7803438,0.031714436,0.48611948,4.1823525,0.068147466,4.1080003,4.194051,4.1954293,6.338378,0.15555787,6.2115693,6.33126,6.1742635,4.209155,0.050196122,4.2319536,4.202677,4.211716,6.0242167,-0.0072494852,6.185432,6.04097,6.038481,6.9820433,-0.015197072,6.9445734,6.9699254,6.9639006,7.5084233,0.10074647,7.4321,7.295914,7.2909355,294.4739,0.000773101,0.33483276,0.17482077,0.069394045,0.30127054,-0.5220973,-0.47144094,-0.7730474,0.35529122,1.4702816,2.0633655,-0.11937615,1.6423881,2.1093848,1.9727072,28.864075,-1.6491295,27.036844,30.630308,35.839237,50.21915,-0.43707934,50.20488,50.09859,50.26813,278.37933,-0.57967055,291.9526,272.7902,292.09943,13.984575,0.12144616,13.912897,14.085908,14.124877,0.0009475537,-0.053931892,-0.050610416,0.006372476,0.0074466113,86.01848,0.33919936,86.96832,87.77846,91.16613,0.083004504,0.12859541,0.14223927,0.0059877704,0.0051559964,13.88285,-0.05977796,13.765916,14.048881,14.079707,11.15825,0.158224,11.299358,11.239809,11.268349,85.90994,1.3250992,87.49143,85.67082,94.27972,59.645885,0.037384383,56.104015,59.260105,59.542812,0.17006561,50.218777,0.5999558,49.702454,49.711967,50.263844,295.73145,1.88162,-0.04218584,327.92557
2.2747223,1.8857015,3.3743083,1.7484431,4.0298834,-0.81420743,-0.7133374,1.4929733,1.8044947,0.2582276,0.021572838,-7.3107023,-10.3559265,-16.462246,0.18572053,-0.21749242,-0.025666496,-0.12386854,0.038482867,0.35606986,0.09871071,0.23393765,0.21846336,0.037330348,0.042683,-0.47829217,-0.4702302,1.953133,1.9505737,-0.3000693,1.8925029,49.859676,0.81749165,0.7860434,1.3279,280.49786,305.68326,345.9421,310.1299,-54.18089,4.5566974,19.862862,37.671745,11.854071,19.824749,3.202875,21.146399,18.239157,20.681683,0.92077196,0.019343102,0.9237656,0.89856905,0.911977,7.108306,5.4803996,9.333816,4.1189356,7.4982853,0.3958201,4.72943,3.992486,-2.6250124,0.25651363,-8.305587,4.307813,-4.6078105,-9.24403,-6.734316,11.1886835,3.894752,14.393445,6.0087695,10.564871,0.061974015,-0.36691505,0.7241706,0.11743849,0.44555527,4.6474113,0.91761065,4.956831,4.2787175,4.439736,7.1731343,1.1628282,7.632846,6.318782,7.0419106,4.323727,0.34151173,4.573159,4.2719955,4.321701,6.528348,0.6282844,6.7977247,6.2185345,6.309329,7.248488,0.3664504,7.3593645,7.1741805,7.2121453,8.381048,1.9995611,9.998703,8.498375,9.376717,411.46353,5.6919966,5.9423885,10.289768,3.1202967,3.1990569,14.706994,20.675545,28.868074,8.915868,15.979599,13.493496,7.7222385,13.37896,7.7461753,10.334824,62.33114,43.646088,72.10611,36.73149,61.90903,55.276142,8.04324,57.695103,56.0879,52.298225,407.25803,26.318735,416.75122,348.55597,400.1137,19.475872,4.522987,21.596336,17.297129,17.3079,0.007593995,0.3019913,0.11741563,0.048137806,0.0074194027,133.0867,47.54692,120.26417,123.43374,126.414505,0.27643207,1.0380425,0.93368626,0.18131937,0.0051559964,24.960615,6.878935,26.933716,25.399498,21.716703,11.021493,0.83634514,11.511969,11.087763,11.391782,134.91615,24.951569,136.70387,134.20709,133.18336,61.456974,19.75848,71.10722,60.492302,67.72327,0.17388988,61.15122,16.027506,66.61085,50.490543,56.34887,423.8741,1.8510778,-0.058720376,478.62524
2.9393067,1.0526186,3.0305846,2.637073,2.8310833,-0.8114245,-0.7084092,1.511224,1.8645983,0.25203553,0.022252252,-5.048548,-11.291125,-15.459818,0.18389942,-0.20913132,-0.0227636,-0.11746251,0.036093872,0.34652823,0.04238131,0.23601384,0.2297181,0.038813423,0.042802025,-0.46637276,-0.46771944,1.9518261,1.950255,-0.2920797,1.8813549,49.2332,0.8203974,0.78118163,1.1897165,285.14993,321.49234,355.96344,321.6423,-54.187164,4.5313544,19.857365,36.63333,12.985047,21.712599,2.1773133,22.760944,19.666939,20.25803,0.90650165,0.021782385,0.91572225,0.9010919,0.916685,8.15773,5.511117,9.0064945,5.1648817,7.833838,-0.47391254,2.8622532,1.7888392,-2.949816,-0.012679246,-6.0170565,3.122849,-4.325779,-9.729335,-8.478471,12.383774,4.9598374,13.073242,8.466695,11.824405,0.064105526,-0.35223135,0.73334473,0.0381088,0.44747838,4.5549173,0.19202462,4.6186123,4.446366,4.6087112,6.698911,0.4123684,6.6108003,6.552261,6.7228575,4.455854,0.18067396,4.5782948,4.329572,4.5158205,6.11066,0.5397677,6.324973,6.113234,6.1841874,7.1743855,0.18266377,7.3456125,7.090837,7.294161,8.248079,0.49893108,8.48042,8.806216,8.578604,384.93362,3.8972337,2.569963,6.930247,2.8453999,2.615809,10.979788,5.015747,13.914723,5.874262,9.14168,12.566454,5.4453564,14.625175,9.263269,13.188057,54.136337,26.6392,69.74161,42.41383,44.438496,59.58872,4.9511485,61.818115,60.343704,60.39805,370.9408,7.7203045,379.75983,364.5034,373.84772,19.585217,2.2538028,21.201115,18.967323,19.243303,0.0020265006,0.027155966,0.019063683,0.003884796,0.0074194027,114.47372,4.6031346,114.53424,110.73379,111.43976,0.09903324,0.11679141,0.14223927,0.0055816155,0.002588697,23.179197,4.8457875,27.500256,23.697563,23.440199,11.503105,0.48502946,11.49808,11.14059,11.138038,122.628296,7.463322,124.99616,118.3137,119.80127,67.50502,3.8967495,73.93559,68.73643,66.33158,0.1658918,65.262436,9.627765,69.40857,60.87922,60.556618,376.98264,1.859334,-0.066768296,432.9919
1.8914282,3.5043092,3.837888,1.027098,3.2987406,-0.7628731,-0.70585644,1.4805619,1.8565884,0.24584302,0.015160302,-7.94322,-8.901377,-17.585037,0.18435399,-0.20595133,-0.024756335,-0.11850406,0.037183136,0.20172377,0.05202819,0.23147112,0.2381855,0.041244674,0.043156847,-0.4623146,-0.4681981,1.9498912,1.9490477,-0.2983394,1.8960631,49.383797,0.8027652,0.81143755,0.9687591,287.01636,305.3236,320.4735,308.08105,-54.186153,4.608609,19.794638,36.284985,13.189736,17.81027,8.140174,24.095722,17.456238,22.711193,0.9425365,0.07476927,0.94624406,0.8812866,0.8887999,6.5823073,8.862859,13.545104,2.4230673,7.3322344,0.36890987,10.625417,3.4476795,-4.3802547,0.15543565,-6.056723,10.6946745,-3.2852592,-13.722105,-7.9978156,10.890236,10.918828,17.59609,5.0313034,11.6096115,0.05423804,-0.35060441,0.69712263,0.03538716,0.20884185,4.458335,0.949927,5.438081,4.233696,4.7846794,8.055191,1.5991462,8.434895,6.4084296,7.195789,4.333701,0.5077514,4.6053534,4.1754117,4.3526335,6.738367,1.2584224,7.1171913,6.109072,6.1216083,7.0530157,0.738247,7.9092584,6.9613495,7.668543,8.551576,2.626567,9.82053,7.4912243,9.280293,433.43256,11.445608,11.6605,19.515425,0.77582127,1.0360156,17.78214,26.866959,26.482275,0.86697245,1.726992,11.900424,12.591284,14.75009,4.5966573,6.373754,62.95289,50.34044,72.01323,42.895084,51.1676,61.836285,10.81003,63.90463,53.5644,55.47846,456.09137,17.14041,439.60208,418.72128,433.86298,19.576603,4.1958623,19.489656,16.584093,16.177208,0.43914557,0.57819206,0.66882586,0.0064102574,0.0074466113,126.95719,20.98899,141.74777,130.96541,145.21783,0.6568131,0.32970285,0.20063744,0.014209976,0.0051559964,27.216516,9.925434,31.213236,20.005236,17.206432,12.400762,2.303798,13.277544,10.741294,11.612321,136.2883,14.988676,132.76201,139.25154,143.54832,70.60907,33.208225,85.74305,59.50721,79.28516,0.156845,74.86317,22.467272,74.80968,56.457783,55.2291,449.13937,1.8134176,-0.051203053,521.7075
1.6843009,0.8444358,1.8388096,1.1377628,1.6367562,-1.030954,-0.56483525,1.5877095,1.9780556,0.28049704,0.020735288,-7.163224,-6.3208055,-13.208438,0.19891158,-0.22715275,-0.028726649,-0.1285532,0.04062018,0.28913277,0.08691822,0.22652163,0.2236795,0.052889165,0.061661154,-0.50417167,-0.47141865,1.9570364,1.952098,-0.30762568,1.9122876,50.75852,0.9893091,0.900664,1.2812659,138.41335,241.04665,288.6517,223.04738,-54.169243,3.971965,19.224592,32.559425,12.785115,19.149094,6.016448,21.09057,14.598464,19.44239,0.9200877,0.04550069,0.95757145,0.908557,0.92174906,3.9816923,1.3303094,3.7902102,2.520773,4.2014155,1.1202796,2.0575128,1.5546104,-0.4454795,0.43176877,-5.7926903,3.0289454,-2.8987994,-5.8788104,-6.089485,7.3219333,3.6706212,8.34315,4.1562595,7.7859664,0.06711199,-0.38728213,0.7787536,0.09038227,0.37563577,4.180624,0.35634795,4.3318086,3.9059649,4.2880692,6.463827,0.37750396,6.4585085,6.2493176,6.4412665,4.0248117,0.3759599,4.171274,3.7956479,4.073636,6.060966,0.30101985,6.4075503,6.044987,6.0481906,7.156361,0.21725705,7.266886,7.051876,7.2237635,7.530783,0.37974462,7.951869,7.4798064,7.598533,318.34488,0.47099957,3.5956054,0.77227396,-0.028094525,0.23722936,1.3562716,5.1250644,2.259423,1.0908333,2.0601943,6.882156,6.665431,9.2029,3.4213064,4.888187,37.700676,10.257825,43.17968,33.409073,38.72916,52.447754,6.1221685,57.683857,51.835987,51.74717,301.76694,6.764648,304.41586,299.04367,308.45728,16.813332,4.2393875,18.949081,14.67281,16.112513,0.0014335593,-0.053931892,0.047584638,0.0063891625,0.0081450995,96.37925,5.1133747,100.15739,94.0011,96.999886,0.09228074,0.12483983,0.29121754,0.00685461,0.0028108733,17.247831,5.481113,21.202879,14.530485,15.789413,10.16396,1.8397994,12.010517,9.95959,10.148628,98.423775,9.776729,98.93835,92.46891,101.21747,55.05655,13.95417,62.531723,46.373833,55.757267,0.17485526,53.15961,7.270099,59.59618,51.580997,51.816788,311.3184,1.836057,-0.050654337,366.80292
0.89032876,0.5717056,1.4655006,0.9247954,1.3317521,-0.80154425,-0.62365246,1.4375678,1.7665431,0.27379626,0.020121306,-6.4998393,-6.5107045,-11.714891,0.19929218,-0.22440869,-0.025575828,-0.12241927,0.03894548,0.3753274,0.03769105,0.21429645,0.19306314,0.042090125,0.044663798,-0.4602319,-0.45024398,1.954656,1.9504691,-0.30819714,1.9211173,51.04967,0.77930135,0.7307094,1.1801776,290.2406,304.03857,330.88846,311.62537,-54.189274,4.020146,19.236471,33.154217,12.973104,17.83546,7.939973,25.002949,16.529264,23.82713,0.9312414,0.06251309,0.936372,0.8733826,0.8862053,3.5529604,2.3259451,4.93748,2.8080769,4.4053164,0.26341328,2.8880143,2.036012,-1.1737623,0.4516757,-3.6867034,3.0083897,-2.8607013,-5.55385,-5.4109435,5.471498,3.08899,8.174085,4.11244,6.567239,0.066632025,-0.38640273,0.78228253,0.036618017,0.4739888,3.9594069,0.8529578,4.2231236,3.3336813,3.8114605,6.550979,0.67692244,6.850116,6.379239,6.6136413,3.8191853,0.88484323,4.0419893,3.3056314,3.676503,6.1154666,0.21758385,6.6313434,6.126895,6.1396346,7.1137123,0.8019934,7.6847095,6.861715,7.552133,7.5943737,1.2229531,8.759842,7.3332553,8.0776615,326.22144,3.7444046,7.4463177,5.9991326,0.18691796,0.3427587,4.7920585,9.714391,8.365571,1.0115933,1.8847537,8.930207,9.471637,15.438527,3.8574672,5.947757,63.994003,27.40014,65.55789,44.320473,57.466087,64.81449,9.846863,65.678,57.96176,58.309338,291.48093,10.7618685,311.13776,295.29977,323.12405,20.38334,3.05906,20.64872,17.673965,18.003521,0.014986079,0.2117937,0.19995265,0.006352827,0.0074542775,103.725494,7.869107,116.05399,104.434456,108.87129,0.08791292,0.51609766,0.73176754,0.005982866,0.0051559964,23.400417,8.931465,26.888752,17.63041,17.2084,11.620899,3.0837896,13.4237175,9.988218,10.691293,120.76856,18.532484,118.889824,104.45904,117.95993,47.396633,18.338911,56.07875,36.33176,49.28243,0.21733871,67.865746,23.925787,72.18119,54.499016,54.42804,319.67734,1.8142437,-0.052693676,370.71405
2.386032,1.0538068,3.7560625,1.5167123,2.9503808,-1.2558038,-0.47837585,1.4846556,1.9518263,0.24850221,0.024220003,-7.1361423,-8.386487,-15.24675,0.17870662,-0.20574105,-0.022450935,-0.1087656,0.03153162,0.14772615,0.059911855,0.214195,0.19983612,0.044242933,0.04976993,-0.46035475,-0.45542967,1.9524424,1.9494424,-0.29884845,1.927506,50.579582,0.7775315,0.79515404,0.9139632,207.71124,285.97903,314.75583,295.17844,-54.19635,4.5156527,19.458357,34.685024,12.791834,19.127441,8.539192,26.019215,16.362558,24.370306,0.90805763,0.06654219,0.9507323,0.86500806,0.880343,6.287457,3.6390936,11.500181,6.151389,9.130318,-1.5036128,3.4816337,2.0661788,-3.3243184,0.032055665,-4.8637156,2.7710884,-4.5160713,-6.490041,-7.9530706,10.34202,5.4716177,12.250966,8.313617,9.608175,0.06770628,-0.34761456,0.73979133,0.07714853,0.17374295,4.0656147,0.9847636,4.359466,3.5418813,4.059306,7.8683834,0.7218123,8.224813,7.4855704,8.134185,3.8663194,1.0152602,4.2214994,3.2843163,3.7650974,6.471112,0.67063916,6.9251,6.0897245,6.2888007,7.067272,0.84481555,7.806162,6.8140798,7.5394773,8.447852,0.8859293,9.498204,7.8568335,8.493865,430.81207,9.334233,10.070937,9.264324,2.1819298,1.0810099,7.245285,15.564903,19.851313,1.6028205,2.1414635,8.8941345,9.65434,17.853712,4.5230517,6.278674,90.42194,47.35176,110.982086,60.828114,76.33402,65.30627,11.236541,68.76361,55.2046,52.607243,395.33426,11.623013,408.32877,358.45428,415.90488,20.832352,3.9256,20.61117,16.705355,17.371166,0.014986079,0.19339862,0.16743954,0.006387142,0.0074541466,148.53908,11.241673,173.21002,136.20352,149.48212,0.1396471,0.51609766,0.73176754,0.0062697497,0.005216785,26.364983,10.135195,30.419987,20.586557,18.231295,13.103848,3.5738335,14.990397,10.154889,11.337927,150.86438,14.401936,166.2306,137.7061,151.42574,51.44241,16.674984,62.8174,36.582096,53.029743,0.19706754,80.53708,27.27844,83.45129,57.219944,60.618187,417.10474,1.7934461,-0.059296574,475.20743
1.4009218,0.40307766,1.6878625,1.3692962,1.8628201,-0.74570817,-0.68000835,1.4424145,1.7778552,0.24697793,0.015395752,-9.870118,-8.189366,-16.918728,0.18257162,-0.22003515,-0.026843634,-0.12692796,0.041100353,0.3711445,0.030323485,0.22584455,0.2174045,0.03743705,0.038553845,-0.47462544,-0.47856188,1.9520909,1.9430299,-0.30340132,1.8963852,49.00179,0.80658144,0.73686725,1.0222752,280.44626,290.33136,332.2473,294.18964,-54.17438,4.316686,20.023756,35.95547,12.837684,18.813549,-0.9037104,18.508045,19.406109,19.604284,0.9296903,-0.006901895,0.923938,0.9291556,0.9212198,7.2874527,0.72702676,6.6991878,5.285824,6.530874,0.69844985,0.1955282,1.7092174,0.1913676,0.4454338,-6.600298,1.6119466,-5.6157484,-8.0251465,-9.098618,12.762446,2.061783,12.291168,9.041048,10.228938,0.057597816,-0.3673507,0.7481425,0.060443264,0.39733353,4.30578,0.46908283,4.172571,4.283585,4.3092666,8.3132305,0.2784564,8.7188635,7.4757338,8.226445,4.214683,0.1486999,4.2210603,4.1327333,4.2346563,6.3361397,0.46278122,6.5886836,6.371852,6.099545,6.8737235,0.17733285,6.948371,6.842335,7.000165,7.629415,1.0247501,7.976827,7.1406827,7.9027224,358.0801,8.418325,1.5941764,-0.61168844,2.8029737,4.5542455,27.409286,0.32707357,1.5215644,23.921827,20.41287,3.67155,1.9416507,3.1092126,5.2279797,3.6709883,97.80298,6.236526,91.11192,118.32572,114.23706,54.647762,0.47441438,50.774387,51.81536,52.749924,312.33514,4.2561474,373.47232,376.08795,370.03668,14.617186,0.2946569,14.312053,14.188436,15.087287,0.0009475537,-0.053931892,-0.050610416,0.0054286183,0.0073727346,143.56314,5.3964114,142.35988,166.20535,153.08577,0.083004504,0.12859541,0.14223927,0.005978696,0.0051559964,19.373756,1.0575339,15.188698,17.76853,18.667252,11.292973,0.25993788,11.374299,11.231303,11.439258,155.98528,2.443338,172.12357,155.64651,187.4149,59.562958,0.6926805,60.5558,59.636036,58.711777,0.1335483,56.86221,2.1152198,50.598984,55.789635,56.78434,402.7094,1.8442317,-0.047623307,435.073
1.7414938,2.9368782,3.9459157,1.0371113,3.6844416,-0.8219976,-0.71792686,1.5191823,1.8691607,0.2441222,0.027086819,-7.207651,-11.142444,-17.384048,0.17130949,-0.20408396,-0.016545214,-0.11116155,0.033569455,0.31458703,0.09965189,0.24397896,0.23058277,0.045685492,0.047764283,-0.4633283,-0.46980762,1.9502283,1.9498345,-0.29049948,1.8926849,51.2094,0.82840157,0.884784,1.3991133,320.73514,320.38147,344.1729,346.26227,-54.185276,4.8673353,20.070702,39.01245,12.208195,19.586441,5.9932003,23.83864,16.691082,21.926926,0.9380758,0.052530132,0.93475664,0.87868804,0.892526,7.003543,9.262287,10.984049,2.6793866,7.5255394,0.83864015,8.392585,4.2184067,-3.7339106,0.26658332,-6.3847466,7.7121077,-3.174626,-10.630972,-6.9647274,11.663414,7.886638,14.564138,4.6189637,11.652236,0.06780201,-0.34901634,0.70631653,0.11704318,0.41016302,5.1524982,1.5221595,5.584988,4.1020947,4.6826477,6.8771296,1.2204715,7.8081775,6.035924,6.914021,4.645555,1.2264088,5.333279,4.126355,4.622677,6.5172215,0.8129775,6.933191,6.2849784,6.4979253,7.125702,0.8647724,7.781408,6.8327346,7.4552135,8.347536,2.8723693,10.114424,7.474042,9.33767,448.96518,17.970291,17.005924,31.04286,5.6802635,4.4609814,36.851532,57.35442,59.9273,9.054742,10.606317,13.040715,19.068916,23.843035,4.749927,8.783324,53.53395,67.6028,81.96571,27.450914,56.755123,65.533745,13.516298,68.463036,60.808193,55.10106,453.09314,55.665604,452.30603,385.69086,451.17908,19.072325,5.1279597,23.218008,18.776793,17.656124,0.55482817,1.0785089,0.81102294,0.04695487,0.0074194027,139.29335,59.34998,140.3719,126.23059,131.04398,0.87159765,1.4328811,1.7432195,0.18083681,0.0051559964,29.592283,15.533294,41.41384,25.928234,20.672052,14.261357,5.0617223,14.545675,10.651894,11.744504,136.47484,34.28691,152.8833,135.2218,142.40157,77.849396,50.09149,109.83028,61.301437,85.44522,0.2021593,82.62753,29.91672,87.4131,56.284386,61.52459,483.6936,1.8154768,-0.061480425,569.59595
1.7863517,1.5772576,3.7564986,1.4239029,2.7405715,-0.7909518,-0.69415915,1.5489877,1.8993783,0.23337412,0.011631379,-9.01779,-10.206359,-19.11081,0.16363692,-0.19044359,-0.025228642,-0.116278924,0.04247326,0.13868159,0.09142721,0.22514732,0.21558982,0.05006319,0.05719631,-0.5049374,-0.4790531,1.9484879,1.9462918,-0.30733082,1.8771294,47.96117,0.3982599,0.7704805,0.841258,268.6997,294.3863,374.88,288.1456,-54.173763,4.657277,20.739563,39.925205,13.451909,22.418924,3.1659775,27.6911,22.068018,23.313885,0.8730702,0.0349692,0.90498346,0.8514775,0.8854094,6.297032,6.5472517,11.436287,4.157297,7.6244483,1.1975064,4.458065,1.8006523,-2.0541506,-0.013614041,-5.041429,5.1760592,-3.2760458,-8.981019,-8.105885,7.018183,9.108225,15.051135,4.8978944,11.89741,0.0565777,-0.33399424,0.73992145,0.06509503,-0.035493635,5.0304556,0.77286893,5.2555814,4.4753294,4.945417,7.061781,0.62094694,7.8004217,6.506222,7.5334606,4.4439974,0.49233332,4.8143144,4.2838583,4.785568,6.4017577,0.7301201,6.4642577,6.301882,6.8626375,7.309808,0.6486014,7.5440397,7.0272555,7.4650702,7.9737473,0.8412298,8.722809,7.3555026,8.165327,417.34464,14.488025,9.2611885,18.044447,3.6426077,3.7579148,24.25047,17.593445,44.06589,16.820015,14.910844,16.975286,9.796424,16.00526,8.129392,7.949292,91.61832,63.755276,139.59422,43.941826,106.39855,68.37483,9.577317,77.38569,66.49729,67.75517,518.5362,18.461237,477.9586,419.7199,439.53677,19.56099,2.0458214,21.291643,20.070686,19.800474,0.018136263,0.99332416,0.46913943,0.006038823,0.0074194027,158.77922,23.650805,122.18534,116.2024,157.44121,0.21015805,0.6222985,1.0882168,0.0054540373,0.0051559964,26.611603,7.347038,34.79261,30.12766,22.937527,12.959138,2.5647388,15.269114,11.515336,12.737445,213.73376,18.115652,181.69218,142.66771,183.81197,91.59154,35.98486,95.1234,68.65361,86.60978,0.17630428,84.79982,12.999167,85.86951,67.84839,66.19807,549.0168,1.8398342,-0.043356612,637.98254
1.7663465,2.103608,3.5936537,1.4359785,2.2584167,-0.76432884,-0.60844976,1.4608015,1.8344657,0.24597494,-0.00025618193,-9.532354,-9.152915,-19.685127,0.16899924,-0.19678314,-0.024789928,-0.120421134,0.041041784,0.22920117,0.04553019,0.22278331,0.2143167,0.045067355,0.051712397,-0.5085666,-0.4885449,1.9486085,1.9425371,-0.30253774,1.8793577,47.672855,0.77002925,0.7365627,0.9296485,283.2497,306.18384,341.3919,298.8894,-54.164207,4.7938957,20.390787,39.105827,13.147033,24.089302,5.540047,26.846636,20.948545,26.55957,0.8149795,0.038894985,0.875654,0.84270453,0.85223496,6.205265,6.4610457,12.0713215,4.9436574,8.360948,1.0980982,4.377761,2.3932755,-1.2825508,0.21852604,-7.466201,5.412422,-5.479187,-10.351673,-9.194458,9.403846,6.6883183,16.515505,7.3078923,13.612339,0.048332077,-0.35674012,0.73484236,0.035312176,0.14953849,5.2365613,1.1832151,5.2183094,4.233132,4.6152654,7.232528,0.8094768,8.036445,6.9860225,7.346212,4.401364,0.68949205,4.895578,3.7998183,4.3442125,6.532658,0.64682347,6.408194,6.430079,6.5717993,7.071536,0.79248434,7.4558315,6.8626537,7.611062,7.376286,2.532639,9.2587595,7.1838574,9.46626,422.097,19.980461,20.127575,24.555841,1.3435134,0.6866776,62.79201,39.131084,53.362858,11.933838,16.077986,20.122862,13.999899,18.420986,4.4585714,6.6620097,91.66641,101.49369,144.90096,36.596375,99.77653,69.17243,13.122097,74.938995,61.495598,62.809963,546.05316,45.245594,443.22363,421.3508,431.60895,22.16242,3.0260735,21.824135,17.861843,17.972195,0.018136263,1.3893299,0.9523971,0.006382361,0.007456702,164.17918,35.553314,170.25449,134.04492,150.27237,0.11724694,1.7424697,2.780889,0.006017674,0.0051559964,36.447998,11.967078,36.35883,17.545588,17.870943,12.652077,4.0422444,16.489754,10.685096,11.716584,217.27017,23.513256,238.03036,138.57623,174.91705,81.95295,51.936413,97.38016,60.756668,70.15012,0.18987297,86.47491,19.143656,92.92527,61.114853,59.48964,561.6855,1.8293092,-0.043900516,592.9972
1.4955992,0.14434084,1.6541598,1.3564713,1.6034018,-0.74675584,-0.7129307,1.4594393,1.7884263,0.26590595,-0.0052647027,-9.544926,-8.784456,-18.37055,0.18163146,-0.22441779,-0.04720686,-0.13565764,0.05079439,0.24443291,0.031647667,0.22249773,0.21584249,0.03743705,0.03865868,-0.48039085,-0.4795259,1.9526305,1.9520543,-0.31302956,1.9020928,49.60366,0.8021489,0.76789296,1.0377812,286.23947,293.3768,325.87482,298.928,-54.17173,4.089065,20.077387,34.978455,12.851208,17.668194,-0.076204,17.879501,17.819029,17.85715,0.9326626,-0.0002775431,0.93356997,0.9365494,0.93361664,6.6136355,1.1645757,8.316032,5.4460964,7.411143,0.4594396,3.6900403,2.086087,-1.3955348,0.4454338,-6.878259,3.8739278,-5.7442884,-9.886662,-7.198182,10.579774,2.3067791,11.808694,8.288896,9.071497,0.034704942,-0.36017665,0.7249418,0.023254143,0.2809312,4.2993693,0.1995915,4.393249,4.3250556,4.4766736,10.367292,0.3176213,10.650443,10.440582,9.505512,4.245427,0.052267127,4.1998363,4.234679,4.224693,5.9861565,-0.04019151,6.0817647,6.0926023,6.018148,6.9921484,0.030608695,6.96456,6.9896207,6.974653,8.191932,1.0395699,8.862755,7.779136,8.907674,361.4045,-0.0036425935,0.34892124,-1.0915607,0.11931403,0.33099872,-0.42913306,2.4671414,-0.008618848,1.3012487,1.580805,1.3446925,-0.22037652,1.9206848,2.0163257,2.1960962,83.169014,17.370317,85.103195,83.181274,103.8843,50.63127,-0.48252562,50.197506,50.2414,50.134975,369.99554,-1.2806021,373.60974,376.629,364.17496,13.963028,0.17937683,14.1409445,14.083373,14.300749,0.0009475537,-0.053931892,-0.050610416,0.006372476,0.0074466113,142.2,-0.70285386,156.05676,148.42769,151.26215,0.089235544,0.11929181,0.20233925,0.005986149,0.0051559964,13.93144,-0.0067983856,14.969014,13.8660965,14.185599,11.232328,0.1784897,11.300484,11.19636,11.166344,163.90529,3.1229088,154.10867,163.61678,155.98027,61.05111,0.5424592,59.445198,59.373173,61.612366,0.124265574,49.974426,0.60165155,49.54597,50.037518,50.16954,372.634,1.8689849,-0.045740448,421.02884
2.6691926,1.5195997,3.7148893,2.0222955,3.0430288,-0.7684103,-0.6797517,1.5197154,1.8455693,0.28477365,-0.0073556197,-7.380109,-12.352281,-21.303902,0.17179784,-0.23098613,-0.05539923,-0.13913694,0.06680771,0.2250048,0.069409,0.21192782,0.20173024,0.040358018,0.044350527,-0.5153023,-0.49247035,1.9526682,1.9511509,-0.32196832,1.8948573,48.259247,0.7799872,0.7895007,0.973068,274.5312,305.92874,342.95886,303.52615,-54.16435,4.32396,19.937817,35.91702,11.178945,18.267717,2.738443,22.36008,17.463337,22.180368,0.9255174,0.017693624,0.9201479,0.89687294,0.9023234,8.968679,4.7175503,9.399821,8.406701,7.93057,-0.4836147,3.979698,2.4048803,-1.6739419,0.4514702,-8.506103,3.7188082,-8.587589,-9.898041,-9.576635,11.071329,4.1197915,12.4983015,11.231476,14.555849,0.036517814,-0.38669285,0.7407863,0.09775642,0.16556107,5.375592,0.20673501,5.269841,4.5904293,4.9660144,6.538318,0.28139657,7.0765433,6.3903675,7.1555448,4.166278,0.14327706,4.451689,4.0096035,4.2387767,6.4713764,0.14895175,6.3498755,6.245878,6.64519,7.129651,0.6387007,7.512929,7.0406957,7.629796,7.570432,1.0621916,8.188086,7.8792715,8.398243,395.1971,7.663331,11.093694,15.217301,1.1891191,0.8622367,21.115046,14.021428,42.797302,2.711573,1.878353,16.381357,8.931894,18.812159,4.9895663,7.6976876,66.7677,34.414062,71.87919,40.00756,62.814465,57.97846,3.7151892,61.982464,52.136078,54.982716,469.9901,19.536278,399.83286,309.37677,373.04517,20.053186,2.3745239,19.270258,16.247526,17.387377,0.0009475537,0.67893684,0.27905115,0.006372476,0.0074466113,115.68539,10.89907,155.81094,104.19654,124.842674,0.08299962,1.2319202,1.3442765,0.005989834,0.0051559964,27.28635,6.9318633,31.034964,17.322773,18.893908,10.822259,0.6119342,11.561222,10.780987,10.984153,170.29616,35.51894,142.00734,119.47595,130.66731,67.67199,9.10027,82.42929,59.985584,69.82171,0.14083934,70.263596,8.677108,70.58654,57.216663,56.179234,423.99158,1.9063431,-0.038732942,502.67963
2.929038,1.216683,3.7372277,2.1871998,2.6325052,-0.791003,-0.70446455,1.5062093,1.8463857,0.28654385,-0.011566581,-10.067322,-11.83293,-22.436794,0.18298429,-0.23487864,-0.06046881,-0.13979748,0.059272844,0.18618469,0.01618482,0.21289538,0.21808553,0.039118532,0.04042053,-0.4996313,-0.48629397,1.9536723,1.9518421,-0.3204479,1.8965194,49.601967,0.7747122,0.80783,0.9804453,280.94098,293.67618,334.396,290.43124,-54.167286,4.5778837,20.564426,36.038227,11.485625,17.531893,-0.6619953,17.821442,17.936195,17.970291,0.9234136,-0.0050720028,0.9296087,0.93548363,0.93237597,8.462689,3.4200997,11.365668,9.817601,8.667007,-0.08364386,5.1450424,2.4144592,-1.2860764,0.529502,-8.521996,3.6009998,-9.562814,-12.711018,-8.993803,14.323411,3.6401632,13.799999,12.174491,12.7537155,0.028409472,-0.36750945,0.6954189,0.026915463,0.04655568,5.499431,0.32034487,5.2186875,4.770913,5.1728673,10.447374,0.48269647,10.455852,9.896553,9.802683,4.237787,0.1753129,4.4962754,4.0894046,4.2646065,6.7668314,0.1692184,6.9846754,6.6156034,6.7285676,7.0354753,0.026434444,7.117555,6.9826846,6.98545,9.095875,1.0090175,8.198033,7.556336,8.68291,455.45703,2.1533873,5.691986,11.204006,1.3147303,2.6047611,31.94089,-0.3204967,44.46109,3.0166943,2.3804884,7.390443,0.3650604,2.6417344,4.7647777,7.0431294,79.598656,13.906423,92.25398,93.980804,113.99344,52.761246,0.8395739,51.20034,50.957348,54.550632,430.0429,-2.1216426,497.94556,391.52838,451.04886,14.472619,-0.07488799,14.435984,15.770469,15.98166,0.014123665,2.2402892,4.2996516,0.0063152793,0.0074466113,174.54091,15.719366,153.74838,166.96318,173.62625,0.22478397,1.3578377,1.7996446,0.0059952233,0.0051559964,18.489798,-0.48310456,15.660908,16.97522,19.065619,11.547414,3.338967,16.708887,11.258124,11.374436,184.62515,13.693097,184.87685,170.60376,195.96523,72.32692,6.5324636,71.82438,64.64625,75.67742,0.11612088,54.882874,1.2805743,64.2015,59.337524,62.561897,468.6001,1.8830428,-0.042880505,584.0233
1.4275224,0.16696471,1.6010554,1.3443316,1.6034018,-0.74271715,-0.7170763,1.4661182,1.7916114,0.2722088,0.007912435,-7.358131,-7.707565,-14.774627,0.19552952,-0.22666797,-0.036038842,-0.13377683,0.044839572,0.3334984,0.043688558,0.22323738,0.21920864,0.03759066,0.038593713,-0.48099348,-0.4795259,1.9527262,1.9521071,-0.31285295,1.9015458,49.454823,0.8021489,0.75691,1.1533052,284.9529,293.55212,325.19055,300.11526,-54.172535,4.0726748,19.60845,34.80624,13.148209,17.822536,0.011578183,17.921726,17.496819,17.741064,0.9338578,0.00041399663,0.9344078,0.93394834,0.9347493,4.519771,-0.25623852,4.176706,3.466306,4.785443,0.7576157,0.3478896,1.5965483,0.24010187,0.45319793,-4.9205647,0.70581204,-4.974463,-5.9642982,-6.118302,7.5907197,0.95474863,9.201388,6.9165916,7.244313,0.053498633,-0.3866971,0.7684753,0.033143997,0.43426618,4.289583,0.068147466,4.2736998,4.264777,4.261938,6.622841,0.16072221,6.5635657,6.363661,6.6012063,4.241264,0.050196122,4.2673116,4.2338843,4.2193956,6.0733724,-0.013445067,6.2166567,6.0288887,6.0645475,6.9846196,0.034263257,6.9809103,6.989556,6.9777827,7.530783,0.18820208,7.9027596,7.341552,7.645261,323.3747,0.000773101,0.33483276,-0.45656595,0.069394045,0.30127054,-0.5094065,-0.7140293,-1.3624958,0.35529122,1.4702816,1.6479385,-0.25247145,1.6423881,1.8434324,1.7406138,36.17971,0.20261966,37.208733,36.185654,42.243874,49.97223,-0.48252562,50.002472,50.173916,49.92192,317.24976,-1.0801601,324.0269,317.70944,328.52267,13.876433,0.12144616,13.9022045,13.947973,14.041411,0.0009475537,-0.053931892,-0.050610416,0.006372476,0.0074466113,99.42006,0.58365315,102.869514,96.77114,100.497894,0.083004504,0.12859541,0.14223927,0.005978696,0.0051559964,13.897471,-0.25402278,13.60938,13.929249,14.028443,11.132834,0.158224,11.300484,11.2372,11.322104,103.0235,0.9335055,105.66526,98.608284,104.85312,60.344833,0.22670028,59.236908,59.373173,60.33006,0.15517783,49.892147,0.5999558,49.43261,49.83133,50.16954,323.16733,1.8637843,-0.044822287,364.83908
1.4275224,0.16696471,1.6010554,1.3443316,1.6034018,-0.74271715,-0.7170763,1.4661182,1.7916114,0.2722088,0.007912435,-7.358131,-7.707565,-14.774627,0.19552952,-0.22666797,-0.036038842,-0.13377683,0.044839572,0.3334984,0.043688558,0.22323738,0.21920864,0.03759066,0.038593713,-0.48099348,-0.4795259,1.9527262,1.9521071,-0.31285295,1.9015458,49.454823,0.8021489,0.75691,1.1533052,284.9529,293.55212,325.19055,300.11526,-54.172535,4.0726748,19.60845,34.80624,13.148209,17.822536,0.011578183,17.921726,17.496819,17.741064,0.9338578,0.00041399663,0.9344078,0.93394834,0.9347493,4.519771,-0.25623852,4.176706,3.466306,4.785443,0.7576157,0.3478896,1.5965483,0.24010187,0.45319793,-4.9205647,0.70581204,-4.974463,-5.9642982,-6.118302,7.5907197,0.95474863,9.201388,6.9165916,7.244313,0.053498633,-0.3866971,0.7684753,0.033143997,0.43426618,4.289583,0.068147466,4.2736998,4.264777,4.261938,6.622841,0.16072221,6.5635657,6.363661,6.6012063,4.241264,0.050196122,4.2673116,4.2338843,4.2193956,6.0733724,-0.013445067,6.2166567,6.0288887,6.0645475,6.9846196,0.034263257,6.9809103,6.989556,6.9777827,7.530783,0.18820208,7.9027596,7.341552,7.645261,323.3747,0.000773101,0.33483276,-0.45656595,0.069394045,0.30127054,-0.5094065,-0.7140293,-1.3624958,0.35529122,1.4702816,1.6479385,-0.25247145,1.6423881,1.8434324,1.7406138,36.17971,0.20261966,37.208733,36.185654,42.243874,49.97223,-0.48252562,50.002472,50.173916,49.92192,317.24976,-1.0801601,324.0269,317.70944,328.52267,13.876433,0.12144616,13.9022045,13.947973,14.041411,0.0009475537,-0.053931892,-0.050610416,0.006372476,0.0074466113,99.42006,0.58365315,102.869514,96.77114,100.497894,0.083004504,0.12859541,0.14223927,0.005978696,0.0051559964,13.897471,-0.25402278,13.60938,13.929249,14.028443,11.132834,0.158224,11.300484,11.2372,11.322104,103.0235,0.9335055,105.66526,98.608284,104.85312,60.344833,0.22670028,59.236908,59.373173,60.33006,0.15517783,49.892147,0.5999558,49.43261,49.83133,50.16954,323.16733,1.8637843,-0.044822287,364.83908
2.0690043,1.9210747,3.8025494,1.6069574,3.785985,-1.0688905,-0.5866838,1.5223885,1.9639255,0.231942,0.004129046,-9.855815,-10.82311,-19.412727,0.16268314,-0.19397584,-0.03249111,-0.110889666,0.036727175,0.17098266,0.07579971,0.23312156,0.24165092,0.042912178,0.049196146,-0.47140485,-0.47320724,1.9491936,1.9425626,-0.28684556,1.880198,49.792427,0.84666216,0.77518004,0.87243634,247.0388,300.1029,314.5097,312.15683,-54.190502,5.096785,20.270947,40.036777,13.05118,23.64617,8.391952,26.92939,21.688309,27.241468,0.830336,0.062175363,0.8827658,0.8299621,0.85410565,7.1568947,4.640043,13.168908,7.474018,10.696502,-0.5332713,3.7496293,2.0897403,-2.5756557,0.2723345,-7.2977195,3.5876384,-6.4301853,-8.869292,-9.750678,13.833111,6.8552303,13.288451,10.704462,15.759811,0.05012148,-0.33282202,0.700343,0.077762336,0.17046821,5.350161,0.9008461,5.5361567,4.57952,4.9558773,8.081768,0.653845,8.229031,8.596486,8.181454,4.873112,0.5817471,5.0759,4.164636,4.4907556,6.3227987,0.67139673,6.7125998,6.4692454,6.7757688,7.0626,0.68719596,7.5903034,6.9313626,7.5823674,7.8178844,1.9615649,9.394325,7.90894,9.104904,485.05133,26.374725,20.410948,20.364407,3.295831,1.5987879,56.3117,30.67765,75.06581,3.3310099,2.1414635,17.431313,14.073414,17.872648,5.3718424,9.872927,60.108723,41.407135,87.29199,36.22143,55.29307,71.48043,12.667698,72.84976,66.78124,62.517006,508.01593,39.518063,492.02322,489.07693,503.21997,20.539436,2.2473857,21.106068,19.743078,19.10768,2.130602,1.9154528,2.0925586,0.006397027,0.0074642384,161.50253,26.782894,162.47964,157.30316,152.18759,1.8835212,3.898903,2.54426,0.0063040555,0.005216785,36.73141,12.576599,32.90014,23.543406,21.832457,18.260263,7.1947837,18.431389,10.805294,12.139886,167.23866,15.144721,177.34904,145.61188,162.44035,99.39798,25.24348,100.22908,65.16633,76.93797,0.20885915,92.07414,23.675241,105.074066,68.39164,64.47047,495.81955,1.8068978,-0.05862186,595.2697
1.6166341,1.8621086,3.4446788,1.1802425,3.16421,-0.8034671,-0.7471565,1.5564996,1.9148968,0.23080607,0.027302027,-4.489136,-12.15025,-16.92517,0.16849016,-0.19024399,-0.012840162,-0.10580519,0.03107566,0.19748357,0.075935416,0.24760878,0.25263867,0.047649577,0.048744455,-0.4629983,-0.46592256,1.9497949,1.9469184,-0.26977608,1.8677714,49.15322,0.89465654,0.92867774,1.1732131,339.5539,337.7793,353.15356,352.79367,-54.190804,4.8203473,20.433054,38.64524,13.26708,24.691654,5.5999393,28.35961,23.082438,24.01433,0.87221473,0.049059607,0.89247143,0.84253734,0.87625766,4.4828806,8.157193,10.610146,1.327164,8.768934,-0.092981905,6.104831,1.8546324,-3.715726,0.08201479,-4.190994,5.05845,-2.8924155,-8.413849,-8.969363,8.949823,10.198855,14.7582655,4.988982,11.874687,0.06719195,-0.32419664,0.71537036,0.04225922,0.26141533,5.1231494,0.4627147,5.3080487,4.876339,5.215518,6.721824,0.21554832,6.9729457,6.6254177,6.9201097,4.9308615,0.47520584,5.197289,4.9104414,5.0909004,6.1366067,0.16708618,6.3690963,6.1369896,6.1578846,6.9523,0.78686523,7.6803803,6.882425,7.1892657,8.43196,0.563574,8.4491005,7.9617515,8.54581,444.4875,15.239036,9.601316,17.923197,7.0675135,6.291553,27.19456,16.00872,25.284649,13.596071,15.099695,12.257397,12.927848,19.162619,6.9908676,11.276126,26.929272,33.05857,52.33126,24.682308,44.101337,71.0261,6.929335,74.05567,68.51808,67.63034,459.91452,12.864797,443.74106,440.1356,441.33896,19.907341,3.051733,22.046686,20.581331,20.34322,0.3214211,0.449392,0.63991493,0.07218401,0.034161042,117.37494,9.707097,114.18686,116.87972,122.64689,0.58909637,0.5334501,0.9845245,0.07232322,0.040384203,29.627392,9.009913,34.105022,27.295372,24.582033,15.195282,2.8735619,16.593388,12.428219,12.836182,127.494415,12.488403,140.76164,128.00401,132.95723,102.88071,14.200132,109.372894,88.38976,94.44786,0.18464829,85.60182,16.671968,87.21898,75.24408,79.10623,476.79272,1.8252288,-0.07149385,526.84467
2.830851,2.8923385,4.1756487,1.7530818,3.360989,-0.8039891,-0.719288,1.4797804,1.8544171,0.24543852,0.0166771,-8.227721,-11.1039095,-19.059696,0.18719977,-0.20296152,-0.022053158,-0.11903529,0.037959795,0.3147718,0.05036598,0.23336896,0.22996674,0.03973951,0.041675813,-0.47035512,-0.46916097,1.9510038,1.9505421,-0.2923577,1.8806993,48.31376,0.7880852,0.7560033,1.0156058,310.00394,311.54645,350.79163,323.5608,-54.182808,4.6834025,20.415234,38.50658,12.991903,22.187994,4.7341666,25.910263,21.897635,22.58287,0.8890355,0.058727898,0.9246581,0.86695206,0.88724816,8.6727295,9.788268,15.657502,5.233753,10.968843,0.013665939,10.6806555,3.1652877,-4.4579525,0.09188368,-8.40148,11.364107,-4.198551,-14.696246,-7.9429164,14.101224,12.304812,19.923092,7.596208,11.645868,0.05428443,-0.34542805,0.7010482,0.04612239,0.37722588,4.763056,0.94679093,5.619755,4.5728774,4.9895535,7.684802,1.3653085,8.699083,6.8435726,7.152637,4.480759,0.62742585,5.1742024,4.6954184,4.775521,6.609901,0.52378464,6.949886,6.2242193,6.1583214,7.2143936,0.2500803,7.3071675,7.1703095,7.187368,9.600209,1.9246035,9.871479,8.862115,9.193901,453.42697,14.604582,16.658575,23.875542,5.29326,4.5470734,41.72948,21.740786,51.66364,22.58192,22.107735,13.44426,8.139767,16.907637,9.938603,12.918213,55.54783,58.61522,81.86029,36.48149,53.369682,64.47032,9.10514,64.335144,58.948936,59.0627,460.89496,28.725498,483.12988,428.605,451.39236,20.045696,1.7832613,20.708029,19.628012,19.548794,0.0091901105,0.84069973,0.86138415,0.052142028,0.0074558984,144.28102,12.351946,153.98209,144.56158,158.55846,0.19128053,0.37440524,0.21738437,0.012950593,0.0051920833,30.365993,8.405864,34.208393,24.541746,25.803656,12.277016,2.8517246,13.46441,11.255511,11.292344,153.69293,14.863843,143.9091,144.89464,164.5764,79.431725,33.914692,96.826195,62.03438,94.02906,0.12682162,79.646225,23.814054,91.39037,69.3455,72.78438,459.96066,1.8358431,-0.06289032,605.03937
2.5450392,2.433323,4.360715,1.5985134,3.2467048,-0.780513,-0.6740656,1.5309664,1.8678602,0.24941179,0.0051117856,-8.814778,-12.133713,-21.503923,0.15400545,-0.20192826,-0.033703055,-0.119057834,0.0496985,0.21643999,0.08380756,0.22242522,0.21213104,0.041076526,0.045529284,-0.49711445,-0.4876335,1.9507442,1.946567,-0.3126142,1.8858469,48.08864,0.3990567,0.7848473,0.9015973,279.18286,312.46182,381.38382,309.4467,-54.174484,4.611193,20.772356,37.369675,13.321536,20.300505,3.5121217,24.337166,19.238562,22.845816,0.87668556,0.036684036,0.91118467,0.8796086,0.8889266,7.4032283,6.57506,9.439361,4.38104,5.7763095,0.3830154,4.8755245,2.6320274,-2.0252879,0.46260193,-7.54268,6.0267754,-3.8562834,-10.356892,-9.360343,9.499033,7.591174,12.554402,6.138418,14.649924,0.051082104,-0.34059703,0.7103177,0.100881204,0.18848768,5.643128,0.28154597,5.797173,4.714009,5.107929,7.117861,0.65987396,7.999439,7.1140223,7.8903723,4.346821,0.26946595,4.7734585,4.238005,4.5969152,6.375351,0.61144596,6.459555,6.288618,6.8883405,7.3011827,0.5734399,7.7473416,7.20888,7.6722426,8.420933,1.3490921,8.972614,8.245452,8.610024,458.0983,15.665236,13.501919,17.997833,2.8393993,3.117311,25.631865,17.71637,48.28856,6.90546,5.250019,19.070578,12.799006,20.338509,8.300586,9.071612,70.20103,42.833218,88.92883,47.160915,69.63841,63.618767,5.59846,67.74422,56.728878,59.351017,560.3316,20.397001,494.54193,468.069,446.93207,20.039766,0.81150043,19.479933,19.568428,18.70947,0.0009475537,0.34904367,0.106835276,0.0063474486,0.0074194027,143.25552,14.29181,164.38986,120.47682,145.52835,0.12339139,0.1311316,0.1400527,0.0058278283,0.0051559964,32.560585,9.835801,39.75345,26.03199,23.127798,11.121956,0.7677333,11.959773,10.804942,11.449829,194.81534,41.3475,169.60513,157.3495,156.44514,97.19137,15.489025,127.072685,65.283585,86.7146,0.14416398,87.295845,14.249569,81.73541,63.740845,63.262917,506.13425,1.8789824,-0.042252913,615.953
1.642997,3.510724,3.907407,1.3792908,3.7698243,-0.84303665,-0.6291806,1.5354143,1.8894494,0.25257012,0.01685676,-7.5266724,-11.426419,-20.02391,0.1745539,-0.20870826,-0.022107447,-0.11762555,0.037205957,0.19414052,0.10545115,0.23791565,0.232683,0.043584153,0.04946723,-0.4809555,-0.47768047,1.9495251,1.9440956,-0.28304264,1.8820779,50.05211,0.93225,0.85183597,1.2740979,311.72598,319.76733,347.59848,346.12164,-54.168804,5.0187464,20.283352,38.511307,12.291572,19.94343,5.8913116,25.298191,17.46183,25.022776,0.87461317,0.04123099,0.90057933,0.8652174,0.8630179,7.6088643,7.565546,10.72197,3.9391518,7.5701733,0.9845711,7.441436,4.578908,-3.5582051,0.4410688,-7.9660735,6.7641006,-4.326057,-11.000256,-8.171812,12.871209,8.199245,14.77039,6.4933815,12.604379,0.060144436,-0.34787562,0.7021193,0.11922324,0.23565759,5.2099557,1.6275208,5.728345,4.1183257,4.638971,6.819346,1.474073,7.8055844,7.00098,7.1914067,4.550737,1.2538592,5.4008837,3.830592,4.568072,6.562533,0.87163687,7.004189,6.5312796,6.910178,7.261605,0.9129802,7.690394,6.8405123,7.3370132,8.084742,3.3352313,10.502365,7.314011,10.294471,463.5562,19.119541,22.448757,28.930351,2.502626,3.2707498,51.5642,68.243095,86.32592,6.796396,10.281804,21.377615,22.06529,21.679033,4.657569,7.4766755,69.23275,106.376366,113.15859,31.52379,55.782486,63.1402,14.882496,70.369774,61.39127,56.20183,457.08633,66.98275,461.3509,408.83176,476.5339,19.938261,4.804852,22.183979,17.86872,17.99959,0.038195696,0.68029624,0.5490307,0.047828957,0.104783975,145.6402,61.202286,148.77927,137.85573,140.56732,0.38943914,1.3017993,2.2326717,0.18134648,0.0051559964,35.0441,17.856844,39.02352,22.792006,20.10161,13.266996,4.570899,14.22636,10.864105,11.702458,155.72942,41.0128,161.68173,142.50165,151.97383,74.90965,53.601498,110.17294,60.573837,83.91349,0.19836856,75.40819,29.410357,95.72937,57.97436,56.626293,477.0593,1.8443388,-0.06334808,582.2063
3.0553417,1.971097,3.9363306,1.8656356,3.313282,-0.77599514,-0.68717545,1.5311992,1.8659352,0.27060005,-0.0066765137,-10.064752,-10.725661,-18.746279,0.17105865,-0.22635013,-0.04548331,-0.13310774,0.04736125,0.16351512,0.044870924,0.22134782,0.20960447,0.045861017,0.0523946,-0.49443904,-0.48346975,1.954493,1.9509256,-0.3138596,1.8916044,50.16383,0.7901804,0.8034734,1.0410594,256.2501,280.4478,328.16232,275.2251,-54.16888,4.506398,20.141014,36.019295,13.250902,17.869766,1.7115209,19.760592,17.19834,18.844706,0.92333776,0.011323887,0.9317864,0.9213829,0.92570174,8.554609,4.5412226,10.036902,5.643137,6.990469,1.9168794,3.053282,1.8777536,-0.4867642,0.81585354,-8.6163225,2.0236459,-8.117696,-9.811522,-8.813891,11.600031,4.5942554,12.948663,10.134626,12.209259,0.040607076,-0.36123598,0.7193951,0.037671477,0.10249373,4.40229,0.2713495,4.611485,4.2764826,4.8090024,7.5992293,0.6751708,8.97451,7.1477575,7.732744,4.274823,0.12097904,4.3371553,4.0956764,4.3125486,6.2738934,0.2924574,6.982773,6.1264987,6.5448694,7.099792,0.27729255,7.4483514,6.9220915,7.239313,8.446599,1.3933326,8.839915,7.771273,8.309833,404.1569,1.7767359,5.449,4.4970484,1.0963702,1.9689101,26.795252,4.5518847,18.828362,2.479436,2.3804884,8.425745,2.9207382,9.482854,5.967752,8.22307,69.5677,21.504862,83.35072,55.76919,79.398315,49.623253,2.1903183,49.99731,50.025337,51.96975,415.32385,1.5085151,416.14075,408.35196,389.37152,16.001778,1.3532482,15.692211,15.704911,14.816983,0.014123665,2.2402892,4.2996516,0.006372476,0.0074466113,145.09554,11.702709,146.44675,131.69794,138.08145,0.21730354,1.5058806,1.7395446,0.005989834,0.0051559964,18.741257,2.6180534,20.14085,14.877452,19.60484,11.434871,3.6341956,15.8026905,10.744903,11.05182,174.79999,6.495068,161.11166,155.62633,154.7238,63.73952,2.9510179,64.05198,59.4884,68.791695,0.13435136,53.22665,4.2354507,55.676205,57.144627,60.378136,432.63916,1.8693098,-0.043979008,478.095
1.6037806,1.8865422,2.3230662,0.7982607,1.7584949,-0.7731793,-0.72610056,1.5229987,1.8814176,0.24685489,0.019816332,-7.267092,-8.20792,-15.899484,0.17401332,-0.20362934,-0.020484515,-0.11341954,0.036440596,0.27762422,0.089728706,0.24147435,0.23674145,0.045610037,0.045897946,-0.47025493,-0.47208753,1.9502347,1.9494927,-0.29336286,1.8820895,48.375046,0.88451576,0.8013427,1.1513803,307.9922,315.06805,339.06003,324.99194,-54.18723,4.7003183,20.125816,38.099365,13.136014,20.419512,5.3729405,26.051208,21.750946,23.695786,0.8931715,0.05530937,0.9083298,0.8737741,0.8830535,4.050907,4.366984,6.3194647,1.6302402,3.837065,1.088616,3.7241035,1.828508,-1.367331,0.47932115,-3.6396027,4.728796,-2.9534929,-7.305106,-5.664899,7.3471007,6.550511,9.36953,4.183936,8.292826,0.06415391,-0.34580722,0.7380189,0.05504398,0.3853658,4.924245,0.4542874,5.08848,4.4983907,4.8770266,6.874033,0.3135171,6.8162556,6.12561,6.792442,4.6038074,0.43179956,4.704206,4.4456787,4.7664895,6.08976,0.25479963,6.431743,6.205769,6.3453145,7.2221174,0.60502905,7.8896937,7.10919,7.69398,7.9224,1.1358179,8.611642,7.667129,8.619775,418.4331,21.13547,14.217661,22.908506,4.7910843,3.741877,23.26183,25.418787,35.814945,6.780459,5.2414837,12.127356,12.2848015,16.22143,6.5640197,8.52202,38.678043,27.850504,68.73292,30.351957,46.437828,70.61931,6.361429,71.513885,61.948734,60.380066,397.08804,18.95166,405.29483,409.17148,406.7209,19.77391,1.4280668,21.264898,19.858736,18.731695,0.54529697,0.56592464,0.74628365,0.0141566405,0.0074194027,117.49301,12.14979,114.88312,118.854195,113.57924,0.7920769,0.51609766,0.7519406,0.00575774,0.0051559964,30.845642,8.6462755,33.288628,29.272287,23.412891,14.426556,2.486865,14.917017,11.239225,12.642821,121.2992,12.104258,141.66093,126.41269,122.03901,81.25829,24.08934,83.70045,63.230724,86.59072,0.2139324,90.65961,18.232658,87.32383,67.0801,64.92186,427.18408,1.8016729,-0.05046126,473.79913
1.7562811,0.48383233,1.8131778,1.4793674,1.994317,-0.77863455,-0.61235416,1.4150369,1.7530274,0.2946565,0.018141856,-4.976618,-7.0200224,-12.037279,0.20279181,-0.23934947,-0.034363385,-0.13422684,0.05047397,0.39886454,0.023005161,0.2075122,0.18314989,0.035654124,0.04270256,-0.46899214,-0.4509415,1.9537461,1.9496115,-0.31549054,1.929134,51.01707,0.78952706,0.74460024,1.177625,278.39587,298.44095,336.64822,303.36435,-54.179268,4.0115585,18.786911,33.86594,11.713841,17.839731,3.9028912,21.94624,17.337234,20.15013,0.93055016,0.028979369,0.93385255,0.9044338,0.916472,5.138889,1.9757248,7.2364426,5.6156416,5.81687,-0.20648131,2.9200656,2.6216156,-1.2819748,0.4455178,-4.1935463,3.5562465,-3.3853521,-6.8422527,-6.1430025,7.506946,3.0341358,9.734353,6.3417706,8.21046,0.05993555,-0.4075789,0.78931725,0.034046542,0.5493754,3.8043897,0.69274366,3.9712315,3.440283,3.7392066,6.2970862,0.80296135,6.689891,5.9284105,6.612585,3.7104714,0.68511504,4.0204887,3.2473063,3.5921004,6.070689,0.4960593,6.796638,6.158668,6.163799,7.1106257,0.33537832,7.4286814,6.9278336,7.4284,7.637289,0.7715755,8.043879,7.5904493,7.4129214,317.87674,0.5076311,3.4667575,-1.0093361,0.008748383,0.26010266,1.6935918,5.272168,-1.3677936,0.2598094,1.4702816,3.8980744,2.3394477,6.7484536,2.9392955,4.417522,58.916798,13.41319,82.08237,39.167587,50.059837,54.89984,7.276688,56.4366,49.87633,50.3026,294.2876,1.6640387,243.9482,250.49338,291.46054,15.212874,1.4749846,14.421621,14.435725,15.281507,0.0015066203,-0.046868935,-0.038645163,0.006372476,0.0074466113,104.15935,7.4594846,98.34838,90.9411,100.57744,0.083745204,0.12483983,0.1566449,0.0059779906,0.0051559964,17.123045,2.9005811,15.998116,14.740874,15.178048,11.6165,1.6607518,11.693819,9.893924,10.466105,105.5712,16.928734,110.34963,105.052734,104.142,45.03838,9.244158,46.94597,33.788147,49.27457,0.19775216,54.89039,11.6463585,59.09583,51.095192,50.574806,305.013,1.8566856,-0.049632628,358.43848
1.4009218,0.40307766,1.6878625,1.3692962,1.8628201,-0.74570817,-0.68000835,1.4424145,1.7778552,0.24697793,0.015395752,-9.870118,-8.189366,-16.918728,0.18257162,-0.22003515,-0.026843634,-0.12692796,0.041100353,0.3711445,0.030323485,0.22584455,0.2174045,0.03743705,0.038553845,-0.47462544,-0.47856188,1.9520909,1.9430299,-0.30340132,1.8963852,49.00179,0.80658144,0.73686725,1.0222752,280.44626,290.33136,332.2473,294.18964,-54.17438,4.316686,20.023756,35.95547,12.837684,18.813549,-0.9037104,18.508045,19.406109,19.604284,0.9296903,-0.006901895,0.923938,0.9291556,0.9212198,7.2874527,0.72702676,6.6991878,5.285824,6.530874,0.69844985,0.1955282,1.7092174,0.1913676,0.4454338,-6.600298,1.6119466,-5.6157484,-8.0251465,-9.098618,12.762446,2.061783,12.291168,9.041048,10.228938,0.057597816,-0.3673507,0.7481425,0.060443264,0.39733353,4.30578,0.46908283,4.172571,4.283585,4.3092666,8.3132305,0.2784564,8.7188635,7.4757338,8.226445,4.214683,0.1486999,4.2210603,4.1327333,4.2346563,6.3361397,0.46278122,6.5886836,6.371852,6.099545,6.8737235,0.17733285,6.948371,6.842335,7.000165,7.629415,1.0247501,7.976827,7.1406827,7.9027224,358.0801,8.418325,1.5941764,-0.61168844,2.8029737,4.5542455,27.409286,0.32707357,1.5215644,23.921827,20.41287,3.67155,1.9416507,3.1092126,5.2279797,3.6709883,97.80298,6.236526,91.11192,118.32572,114.23706,54.647762,0.47441438,50.774387,51.81536,52.749924,312.33514,4.2561474,373.47232,376.08795,370.03668,14.617186,0.2946569,14.312053,14.188436,15.087287,0.0009475537,-0.053931892,-0.050610416,0.0054286183,0.0073727346,143.56314,5.3964114,142.35988,166.20535,153.08577,0.083004504,0.12859541,0.14223927,0.005978696,0.0051559964,19.373756,1.0575339,15.188698,17.76853,18.667252,11.292973,0.25993788,11.374299,11.231303,11.439258,155.98528,2.443338,172.12357,155.64651,187.4149,59.562958,0.6926805,60.5558,59.636036,58.711777,0.1335483,56.86221,2.1152198,50.598984,55.789635,56.78434,402.7094,1.8442317,-0.047623307,435.073
1.6736045,2.1619792,3.5244224,1.1550258,2.2951396,-0.8039086,-0.7471565,1.5647904,1.9033662,0.22493914,-0.007919335,-9.743504,-13.535642,-24.24273,0.11862342,-0.192501,-0.04930598,-0.11430416,0.053765964,0.23933503,0.010222377,0.24505553,0.24692412,0.048655387,0.04996338,-0.4649764,-0.46677256,1.9513705,1.9495995,-0.26530308,1.8584967,47.23226,0.83595216,0.82060844,1.1051157,331.13846,342.8121,351.99548,352.67236,-54.189167,5.414281,21.656311,39.44848,13.592447,28.300358,4.0532413,30.962645,26.033577,26.91481,0.80844676,0.03763904,0.8311137,0.8001808,0.84306294,5.7752943,9.690535,14.679199,3.5110471,10.009753,0.21238473,7.634257,2.0840664,-3.5354612,0.09814177,-8.100687,8.39132,-4.684684,-9.81976,-9.911596,11.37398,10.931475,17.79799,6.5499444,13.769666,0.032671742,-0.31399485,0.68066674,0.018877266,0.3128176,5.5955644,0.48387334,5.882986,5.379708,5.679687,7.3844995,0.43842298,7.790724,6.4454684,7.6007,5.130906,0.46969727,5.3664856,5.0379205,5.130753,7.081367,0.19547158,7.0117154,6.66042,6.7209067,7.027292,0.6143176,7.4152107,6.927858,7.2495975,8.993626,0.5510285,9.347237,8.456845,8.540635,513.5818,9.756968,4.78138,14.738047,7.732158,7.118086,41.47203,8.05496,53.467766,26.662798,19.753302,7.903751,9.317132,13.622152,5.070682,9.433719,28.860262,29.772896,45.53615,25.579266,49.11123,73.23168,3.4276347,75.64197,67.49164,69.873604,543.95074,13.70128,539.4008,539.6424,531.02075,20.243298,2.522069,21.919304,19.497755,20.553007,0.59070575,0.39486283,0.6198553,0.4874043,0.42927524,153.56203,12.521817,160.09619,152.68988,160.38326,1.8696102,0.5334501,1.498498,3.5704713,3.5189183,24.84071,7.334123,29.707382,20.85367,22.077122,17.26025,2.894431,17.295834,13.698366,14.60912,177.11285,17.099403,170.5044,170.64604,172.97984,121.32435,12.783139,134.55753,90.97338,113.82041,0.13917461,78.65847,11.8373375,86.590904,72.65727,80.31632,555.7716,1.8331761,-0.06699862,649.90594
2.6555045,2.5907168,4.4791527,1.5188053,3.4428692,-0.8576434,-0.701512,1.549347,1.9275051,0.23076859,0.014556234,-8.8038225,-12.589925,-22.116812,0.1746684,-0.19164304,-0.022984656,-0.11797181,0.038957357,0.1943411,0.05610295,0.2256861,0.2104223,0.047959715,0.054447133,-0.49249026,-0.47743908,1.9485983,1.949338,-0.3022256,1.8748082,48.0728,0.9028375,0.7768905,1.0326388,341.29755,315.2854,352.58447,308.034,-54.167927,4.837197,21.002762,42.819473,13.398222,23.51253,5.1783175,27.77685,20.456375,23.35465,0.8529064,0.067076705,0.9008682,0.84013355,0.87798864,8.869153,9.963054,16.4903,5.548347,11.056241,0.7179229,6.555589,1.955344,-3.6998358,-0.09273797,-8.72498,6.440081,-4.843855,-12.940866,-9.394447,11.733713,11.143397,18.915174,6.2474475,16.764465,0.05676541,-0.3321381,0.7211506,0.042780496,0.13609514,5.145542,0.9882864,5.500848,4.4739494,5.0731864,7.0471096,0.7290833,8.018361,6.9377046,7.5349708,4.5907755,0.87211055,5.3367047,4.2660646,4.9684973,6.4366107,0.8595819,6.4936686,6.163694,7.1288943,7.3236227,0.9650571,7.530463,6.983191,7.467839,9.011578,1.1754162,9.8681965,8.335635,8.45068,499.00354,18.60202,20.489628,35.1125,4.3350186,4.733109,71.39768,35.88392,87.543144,28.676218,30.747734,20.778303,13.146578,19.370737,9.326553,12.744617,106.97254,89.24439,160.37306,41.821106,108.58142,73.87267,12.697855,80.53058,67.13707,68.33659,572.4963,43.998535,584.82367,444.73154,501.78522,20.174786,2.5929422,22.18971,19.628063,20.742586,0.03244436,2.2300253,1.262863,0.0023470991,0.0074558984,168.93979,33.690197,161.90022,119.404305,179.15036,0.2180061,0.6848209,1.1026225,0.07670989,0.0051920833,36.724148,12.393404,43.755173,24.511501,26.523132,14.146346,5.7988124,16.795786,11.16125,11.82565,251.4878,29.421125,208.53673,151.62901,215.37578,96.08883,49.384422,135.05139,64.92674,102.1908,0.14647989,100.480064,29.287838,120.57034,74.77095,73.120575,613.35504,1.8294518,-0.055822432,705.4338
1.5016406,0.76213866,2.144706,1.4595854,2.345785,-0.770997,-0.7132448,1.4976087,1.8582484,0.2526824,0.017556982,-7.284485,-7.7183986,-15.514079,0.17630468,-0.20557976,-0.02789189,-0.11940365,0.040421646,0.16113098,0.09061934,0.23473455,0.23235446,0.040006172,0.044987936,-0.47073913,-0.4694512,1.9513903,1.9493257,-0.29386893,1.8864596,48.574966,0.87712145,0.79157513,1.0223167,275.47763,298.20975,335.28796,306.4088,-54.183247,4.4040585,20.094177,36.25361,13.2543335,20.664667,3.109733,23.918491,21.63019,22.218992,0.9097178,0.033879172,0.9188926,0.8876395,0.8947008,5.1825542,1.2121162,5.7943077,3.7811615,4.960793,0.41053954,1.1655356,1.4459498,-1.1416403,0.4599113,-5.2951593,1.6927449,-4.13026,-7.153111,-6.2584257,7.1632156,2.7588508,10.410724,6.5553255,9.086429,0.057943307,-0.35222512,0.74953294,0.06843138,0.21561962,4.508378,0.16834956,4.5380697,4.465894,4.4912624,6.672286,0.50701964,7.0422397,6.5295806,6.7998614,4.3873334,0.09859915,4.4206386,4.4424877,4.4101224,6.108568,0.31393582,6.4284964,6.2339506,6.250301,7.4466324,0.23771568,7.4257417,7.361096,7.4094357,8.263785,0.55414665,8.379229,7.9476676,8.242411,376.18927,12.046645,4.985849,13.542454,2.1804235,2.9139252,7.2753263,7.810016,11.169327,5.118654,4.6614575,14.495033,3.9423,15.611773,9.971852,9.365216,50.434696,3.4328494,68.34629,45.22108,48.764565,59.63644,4.4115953,61.016453,58.11356,57.044514,358.89682,3.5423954,368.88208,367.92764,363.7003,20.182203,0.789975,20.94558,19.934454,18.450874,0.0009475537,-0.065204725,0.038202263,0.0063474486,0.0074194027,116.54608,3.916965,101.97992,117.4556,112.469666,0.12339628,0.12483983,0.14223927,0.0058004903,0.0051559964,30.72227,4.9718757,28.65382,24.633615,22.256388,11.234707,0.6839908,11.877942,11.160859,11.604796,120.14943,6.0529075,130.26717,123.72215,118.95863,63.551456,-0.03206034,64.94294,62.08324,66.22197,0.18328463,79.04865,9.235472,71.17172,63.445145,63.30144,379.05136,1.8471235,-0.05091543,446.2743
0.71832585,1.983969,2.4916933,0.79205555,2.5463643,-0.7620285,-0.7018437,1.5045878,1.8572462,0.239661,0.012435796,-8.748185,-8.815556,-17.650309,0.17071061,-0.19730167,-0.024289409,-0.110656984,0.03528649,0.19512443,0.04683264,0.2396748,0.24363577,0.044212256,0.050674535,-0.47233528,-0.4721337,1.9488915,1.9420638,-0.28789645,1.8841052,48.86608,0.83891755,0.78276736,0.99355346,299.22495,306.25027,317.96002,314.23386,-54.185986,4.8895946,20.225647,39.311478,13.177135,23.404837,8.981335,27.039486,21.256742,27.522154,0.8318369,0.076685056,0.8829798,0.8297361,0.8521167,4.0490847,4.579223,6.548919,2.62755,4.744239,1.166986,3.147772,2.377,-1.0189413,0.6140636,-4.289567,3.89657,-3.4748182,-7.599084,-7.0383096,7.4216876,6.060122,9.207673,5.722018,9.710837,0.058890738,-0.3508371,0.7230483,0.03377199,0.21529,5.249078,0.9452382,5.3352585,4.329775,4.6436863,6.509855,0.6026301,6.7070146,6.9851885,7.101364,4.962209,0.6199702,4.9978895,4.089354,4.533446,6.1542425,0.55912554,6.4070992,6.414492,6.5995584,7.068115,0.8865471,7.748052,6.8840423,7.6919193,7.4649014,2.302836,9.185367,7.351048,9.384456,451.46313,31.138964,23.99681,34.92573,4.0939693,2.0219755,65.767075,45.929443,77.07422,3.5526,1.8847537,16.791607,17.396996,19.434385,5.48636,10.294352,42.731903,62.3649,82.92771,24.642548,49.001137,72.06368,13.283878,75.372734,68.014366,65.40531,432.46915,52.985973,442.38235,443.17078,449.89996,20.938232,2.3238251,21.63893,20.394476,19.361225,4.7589116,2.959622,3.1330905,0.006382361,0.007456702,129.69867,29.326635,140.8306,117.31111,132.06694,2.6402237,3.898903,2.6154625,0.0060086,0.0051559964,37.335648,14.39247,35.645603,25.107784,22.54211,21.765598,9.51521,19.765484,10.747731,12.35533,140.71959,22.338894,152.16223,128.41922,137.55731,95.09797,38.574345,104.48704,63.41628,71.024284,0.22832347,101.08003,25.129175,107.64377,69.46441,65.35887,468.20795,1.7851205,-0.05480612,548.84814
2.1744065,1.7434546,3.2092416,1.5422597,2.610324,-0.8231109,-0.71189696,1.4730407,1.8145139,0.2494399,0.02150852,-7.560832,-10.775995,-18.009857,0.18372305,-0.21321239,-0.024141073,-0.12044728,0.0376196,0.37273565,0.041248187,0.2346266,0.22718695,0.037532415,0.04177242,-0.46641225,-0.46929157,1.9507095,1.9506841,-0.2918514,1.8731215,47.24082,0.7985225,0.77509844,1.2348763,314.73358,315.87418,352.6818,317.0989,-54.18476,4.690357,20.487375,40.137856,13.1582155,23.479906,4.206292,25.59621,21.422224,22.174671,0.8497299,0.06245069,0.91382265,0.86596113,0.8900283,8.211228,5.871074,10.616622,5.482331,9.106086,0.2046186,3.4429357,1.7122962,-2.681954,0.19067393,-7.5681047,4.6772447,-4.9838786,-10.283088,-6.989364,10.480446,5.9197693,14.064189,7.049448,11.0380535,0.060922757,-0.3484677,0.7279573,0.028531842,0.4948692,4.6226053,0.48399,4.8184342,4.4941807,4.680559,6.710301,0.6246755,7.6085916,6.717632,7.156893,4.5466557,0.3619756,4.9531302,4.452195,4.6457877,6.0959716,0.8189454,6.5004635,6.1618643,6.410461,7.244937,0.29841438,7.3542547,7.161701,7.308721,9.193516,1.1190137,9.50826,9.034933,8.963937,454.6696,14.075354,16.623308,24.734217,4.2778516,4.5723057,36.22279,21.597898,56.681534,22.722662,23.915169,15.674599,7.9598413,17.502064,10.251098,14.468908,47.917988,39.178425,85.8056,45.267902,50.10043,65.957085,9.10514,69.10443,61.519783,62.076027,409.9968,30.739412,480.7899,412.13474,422.3397,21.065353,2.1512828,21.826342,19.080109,19.643585,0.0091901105,0.80471367,0.7729921,0.003984754,0.0074558984,121.93543,11.938219,141.25096,120.009,135.66086,0.16422683,0.37440524,0.21738437,0.07733803,0.0026247841,30.439962,8.546447,35.578922,23.83092,25.886997,12.582935,2.44492,13.366964,11.253701,11.182481,153.22546,17.644974,153.786,130.0728,150.62358,76.08735,12.510192,82.01188,68.90905,80.962845,0.15534398,83.999466,25.134838,97.800156,70.38682,74.46815,441.83936,1.8441154,-0.061136294,556.0833
1.4275224,0.16696471,1.6010554,1.3443316,1.6034018,-0.74271715,-0.7170763,1.4661182,1.7916114,0.2722088,0.007912435,-7.358131,-7.707565,-14.774627,0.19552952,-0.22666797,-0.036038842,-0.13377683,0.044839572,0.3334984,0.043688558,0.22323738,0.21920864,0.03759066,0.038593713,-0.48099348,-0.4795259,1.9527262,1.9521071,-0.31285295,1.9015458,49.454823,0.8021489,0.75691,1.1533052,284.9529,293.55212,325.19055,300.11526,-54.172535,4.0726748,19.60845,34.80624,13.148209,17.822536,0.011578183,17.921726,17.496819,17.741064,0.9338578,0.00041399663,0.9344078,0.93394834,0.9347493,4.519771,-0.25623852,4.176706,3.466306,4.785443,0.7576157,0.3478896,1.5965483,0.24010187,0.45319793,-4.9205647,0.70581204,-4.974463,-5.9642982,-6.118302,7.5907197,0.95474863,9.201388,6.9165916,7.244313,0.053498633,-0.3866971,0.7684753,0.033143997,0.43426618,4.289583,0.068147466,4.2736998,4.264777,4.261938,6.622841,0.16072221,6.5635657,6.363661,6.6012063,4.241264,0.050196122,4.2673116,4.2338843,4.2193956,6.0733724,-0.013445067,6.2166567,6.0288887,6.0645475,6.9846196,0.034263257,6.9809103,6.989556,6.9777827,7.530783,0.18820208,7.9027596,7.341552,7.645261,323.3747,0.000773101,0.33483276,-0.45656595,0.069394045,0.30127054,-0.5094065,-0.7140293,-1.3624958,0.35529122,1.4702816,1.6479385,-0.25247145,1.6423881,1.8434324,1.7406138,36.17971,0.20261966,37.208733,36.185654,42.243874,49.97223,-0.48252562,50.002472,50.173916,49.92192,317.24976,-1.0801601,324.0269,317.70944,328.52267,13.876433,0.12144616,13.9022045,13.947973,14.041411,0.0009475537,-0.053931892,-0.050610416,0.006372476,0.0074466113,99.42006,0.58365315,102.869514,96.77114,100.497894,0.083004504,0.12859541,0.14223927,0.005978696,0.0051559964,13.897471,-0.25402278,13.60938,13.929249,14.028443,11.132834,0.158224,11.300484,11.2372,11.322104,103.0235,0.9335055,105.66526,98.608284,104.85312,60.344833,0.22670028,59.236908,59.373173,60.33006,0.15517783,49.892147,0.5999558,49.43261,49.83133,50.16954,323.16733,1.8637843,-0.044822287,364.83908
2.3419974,0.35429686,2.4657822,2.1202438,2.7376847,-0.79519516,-0.6939586,1.491728,1.8319479,0.27162328,-0.04469223,-12.615479,-11.0788555,-25.728943,0.12502982,-0.21675658,-0.084252,-0.14541459,0.0882688,0.21575364,0.020705087,0.20547743,0.20223287,0.042075094,0.045114618,-0.49309358,-0.4845782,1.952946,1.9520962,-0.30878907,1.873147,46.136616,0.8030961,0.7633123,1.0080615,276.5593,306.45062,345.3577,311.0858,-54.169327,5.209668,21.399714,39.256653,11.966108,24.953074,2.0774858,27.549076,24.103262,24.548845,0.87847525,0.021898873,0.8462695,0.8395328,0.87582225,9.642931,1.2370578,10.702347,9.251713,9.286428,0.3587757,1.7556375,2.5431151,-1.170169,0.6165901,-9.725683,2.5233636,-8.375528,-10.065391,-7.781471,13.431978,1.1427519,14.017452,11.965753,14.485262,-0.0050917035,-0.36252096,0.71855736,0.013513625,0.29205576,4.975249,0.17001772,5.2140017,4.84611,4.9902186,7.1666107,0.27628767,7.297551,6.9091196,7.625941,4.530525,0.21592258,4.7051806,4.476294,4.608624,6.954444,0.025305167,7.0390077,6.9984097,6.962218,7.2960134,0.12570305,7.359109,7.3339033,7.319729,8.830271,0.028195117,9.102477,9.037514,9.539832,448.21362,8.113692,0.75683594,6.14129,7.2434053,4.8007016,32.093956,1.6122301,28.200068,21.357899,11.8969145,9.955984,0.5163815,11.899019,7.5910835,7.447787,81.77354,1.1195949,75.07418,79.85864,86.46043,63.19275,3.3221834,61.420315,58.356953,59.61476,432.86832,3.8305807,460.7508,427.16193,447.91376,19.596445,0.5496587,19.58521,20.604519,19.640598,0.09341312,-0.08055527,0.13256624,0.16135491,0.049395796,147.53098,6.124648,142.8097,150.73285,158.65398,0.6798379,0.12483983,0.4354869,0.59260005,0.25400057,26.005108,1.5068226,24.98208,26.116741,23.86644,13.130086,0.34320986,11.804278,12.065288,12.980329,163.03516,8.945578,163.35439,156.47415,156.2135,77.42906,3.4947615,90.697876,70.188805,86.24423,0.14050229,69.98729,3.7992208,71.46361,66.87518,67.77706,487.94644,1.8712499,-0.040591173,540.5869
1.6866173,3.641297,2.4974458,1.1389713,2.117662,-0.9750322,-0.6124085,1.6515088,2.0363626,0.27560243,0.07351817,-3.9145572,-8.257833,-9.135932,0.2589943,-0.22498696,0.028150762,-0.099197604,0.022847064,0.15770112,0.12153766,0.22130942,0.20417894,0.06999838,0.08236819,-0.52820987,-0.45974666,1.9708183,1.9664044,-0.34334826,1.9586657,58.81345,1.0865388,1.0797735,1.4045756,23.80589,179.95921,285.5679,151.03682,-54.163013,3.564898,17.936304,31.239744,12.206901,17.017433,7.435108,21.475592,13.046941,20.284983,0.9388356,0.06379315,0.9676163,0.89891064,0.91312623,3.1569347,7.290115,7.851183,1.4740582,6.1096087,0.44929314,8.087318,3.1578395,-1.8933787,0.2668605,-4.511479,3.773165,-2.3199885,-6.36339,-5.937208,4.9972615,5.4439626,10.772316,3.0601726,8.260508,0.11306425,-0.40868658,0.79368234,0.206735,0.12784414,3.6428237,1.0085816,4.2049747,3.1348147,3.7410285,6.3088675,1.4009994,6.6681476,5.621311,6.0075145,3.6097062,1.0060987,4.1019306,3.0197663,3.656748,5.9986224,0.89820564,6.5182085,5.5129027,5.86083,6.850492,1.3819313,7.3725367,6.007077,7.091474,6.9871216,1.9817135,8.169069,6.110222,7.655359,271.96207,6.131301,7.7953916,7.660202,0.044318713,0.26933515,13.656076,12.447087,9.847804,0.21827944,1.2958724,12.276673,9.967196,13.034658,3.376169,4.94683,52.417526,34.96284,54.962658,23.11691,38.624165,56.128864,15.233874,64.353096,53.10828,52.81847,274.4489,18.781193,278.08707,259.9747,248.60498,18.359175,4.608163,20.63517,16.839918,17.077194,0.014986079,0.17720772,0.40199146,0.048222832,0.0075307274,82.70896,19.923506,95.68352,77.77544,85.447914,0.08812141,0.38252643,0.67484355,0.0060423864,0.0051559964,28.055523,8.97762,29.99804,15.381522,16.22553,11.092351,4.1814413,13.684613,9.498665,10.389589,93.90884,17.252535,99.379295,82.676895,80.47865,40.213234,24.673779,56.912613,28.936111,47.643658,0.22849946,64.01219,20.400196,77.13793,54.208427,51.617912,252.14647,1.8069273,-0.05131159,318.84732
2.3465183,1.7322448,4.1527524,1.9660882,2.732432,-0.7844431,-0.6433988,1.4652029,1.8082246,0.28934887,-0.0017838263,-6.9259505,-9.168757,-17.587807,0.17870934,-0.23096083,-0.042235687,-0.12827562,0.0535577,0.2004657,0.05147653,0.21353944,0.20836534,0.040316276,0.04667512,-0.49674955,-0.48579708,1.9503725,1.944913,-0.30737022,1.8859919,48.423462,0.7749501,0.7566137,1.039721,271.81107,305.6778,332.94693,307.54608,-54.172153,4.6875234,19.59938,36.993908,11.07146,23.514849,5.2361617,25.671532,21.663197,24.775105,0.81299806,0.03699282,0.8767695,0.86022717,0.87034655,9.07963,3.6862843,8.787783,8.590253,8.178582,0.13145354,3.4103181,2.5489643,-0.5303424,0.7421402,-8.549192,4.0747123,-8.196781,-10.1207695,-8.023334,11.964308,4.811913,12.939641,11.447726,13.213834,0.046291854,-0.39806294,0.7493955,0.032938536,0.18746108,4.803822,0.6457481,4.8527713,4.308106,4.399945,6.547587,0.6308194,6.586289,6.79747,6.690312,4.1868305,0.32480553,4.5652127,3.9959853,4.319398,6.1610694,0.5515525,6.3334966,6.3286886,6.311265,7.1571636,0.6247887,7.494999,6.9830394,7.6001267,7.249527,1.8681177,8.616512,7.3706255,8.80745,363.34756,15.131054,13.356186,9.094667,0.6482815,0.450654,50.75845,18.611519,37.237835,0.3746608,1.4702816,19.580479,13.122521,15.061518,3.880882,4.611778,48.544117,34.210655,73.494705,34.286728,39.100357,58.709404,7.9168825,61.56708,56.09057,52.505573,352.24008,38.555782,358.11124,365.00287,356.05948,19.85886,3.545779,20.475697,15.895227,15.889933,0.004992007,-0.020285703,-0.023630468,0.006382361,0.007456702,112.0373,9.233747,106.26884,105.63935,112.41673,0.083004504,0.14265981,0.15429305,0.006017674,0.0051559964,32.348476,12.148268,27.452522,16.044346,17.150349,11.091211,0.7174234,12.043122,10.712378,11.054756,136.93425,12.276326,111.45591,101.00819,109.82403,64.263435,12.688236,71.84048,60.374454,66.879036,0.1787039,70.56177,15.082807,72.62641,53.83131,55.07117,349.2931,1.8533285,-0.047136314,407.64563
2.7774491,2.0376868,3.6981487,1.3545165,3.4883456,-0.84363765,-0.6952841,1.600794,1.918306,0.23143971,0.016591497,-6.1535563,-13.112363,-19.848476,0.17484474,-0.19394194,-0.022161748,-0.116178565,0.037979994,0.13405812,0.050037764,0.22932896,0.21823087,0.049240723,0.05534094,-0.49006772,-0.47472534,1.9485992,1.946951,-0.30092266,1.8834791,49.270844,0.9245531,0.7663682,0.9549742,304.09534,320.83618,355.86612,305.1025,-54.181786,4.681926,20.572731,39.87,13.210199,21.780672,3.065526,23.818638,20.186462,21.710476,0.8995165,0.024773976,0.9054207,0.8756064,0.9047939,8.275903,10.240233,15.085234,4.371635,10.024951,-0.18727076,6.6531706,2.031887,-4.114449,-0.20367576,-6.972599,5.7722445,-4.555103,-11.597178,-9.19095,12.609121,11.274908,17.741905,6.0120335,14.01166,0.060746696,-0.3298447,0.7218653,0.04787802,0.02643349,4.937549,0.81102353,5.313325,4.409946,4.9654207,7.037992,0.4893373,7.5143533,6.4502025,7.4189987,4.4979725,0.7046883,5.0151615,4.2123594,4.8629823,6.45894,0.5993443,6.355008,6.1223497,6.8207984,7.284042,0.9403961,7.5411234,6.9231553,7.393265,8.0491705,0.6768054,8.934193,7.774167,8.364037,431.18915,7.945337,7.8983936,13.713142,2.8113623,2.678028,29.331926,16.77008,48.078518,15.0792465,18.206966,17.218023,12.099171,16.426558,6.7039285,10.766325,101.26731,81.7038,145.33865,35.796516,103.93383,65.7367,10.116871,74.39205,63.99161,65.234726,540.7922,22.77707,477.5053,411.11865,446.61755,19.783142,3.0018666,21.643314,18.999617,20.22232,0.022099992,1.1474187,0.41670746,0.0022471421,0.0074194027,159.17464,31.202175,137.58177,109.48059,156.87288,0.14353923,0.61425006,1.0882168,0.004953482,0.0051559964,25.758131,9.542913,34.401573,23.768988,22.634325,12.894022,3.683925,15.180092,11.059216,11.399588,215.05475,19.526056,179.6081,130.26869,183.44556,86.655914,41.669483,105.7849,64.87427,84.807686,0.156059,76.11308,13.77812,86.0559,64.07346,60.508785,541.50195,1.8573674,-0.063458726,636.62646
2.5709105,1.2765042,3.6100757,1.7920182,2.633628,-0.7677405,-0.68441385,1.5176601,1.8448731,0.26394728,-0.0047839396,-9.000113,-11.731532,-21.02684,0.16954874,-0.22162928,-0.04539118,-0.13295174,0.05729276,0.21025637,0.055474915,0.21859062,0.20209369,0.040902775,0.044634696,-0.5083527,-0.49103013,1.9520013,1.9503591,-0.3151084,1.8949349,48.097507,0.7781945,0.79087913,0.95634615,274.6294,305.9242,342.95886,301.52054,-54.165718,4.2312675,20.253141,35.97891,13.246028,18.404018,2.7345796,22.520569,17.486155,22.624046,0.925767,0.017529527,0.92156476,0.8978003,0.899486,8.061327,4.8210196,8.950575,5.6235833,7.100724,-0.07579866,3.7996824,2.432789,-1.5588298,0.43642855,-7.8643126,3.2865453,-6.421512,-9.385914,-9.3921995,9.728417,4.649145,11.937837,8.4493265,14.118887,0.040910516,-0.36598724,0.73820037,0.099556096,0.15023397,4.2643175,0.19884843,4.769084,4.259919,4.523381,6.984345,0.36723244,7.6006837,6.9361696,7.582071,4.150429,0.14327706,4.391272,4.023108,4.2293906,6.481384,0.17117016,6.359575,6.235972,6.673638,7.159589,0.5962715,7.5394998,7.088724,7.6459413,7.8347077,1.4197806,8.684121,8.132911,8.740141,396.28247,6.1191483,11.093694,14.312728,1.1891191,0.8622367,21.083197,13.33751,41.830696,2.5890694,1.878353,15.239967,8.064753,18.483002,4.9495144,7.0565624,70.699265,35.98948,71.68176,43.450264,67.678986,57.441467,3.794376,62.09131,54.022312,55.127934,494.84528,19.593554,403.2336,360.32352,379.89597,20.151268,2.5682027,19.259163,16.629295,17.481394,0.0009475537,0.67893684,0.27905115,0.006372476,0.0074466113,129.70908,15.197204,167.99995,110.96242,130.36935,0.08299962,1.2319202,1.3442765,0.005989834,0.0051559964,27.186228,6.760402,31.034964,17.203142,18.55301,10.796844,0.6119342,11.620511,10.780987,10.9977,181.8874,35.51894,159.85568,135.8604,139.67014,60.749695,8.088029,75.392105,58.992294,66.79615,0.14109202,69.66267,8.677108,71.13909,56.988655,56.179234,439.767,1.897397,-0.04008837,515.54596
3.1291037,0.75346035,3.2274017,2.8874316,3.264833,-0.81149447,-0.7084092,1.511224,1.857575,0.25349757,0.020356301,-5.3461995,-11.03457,-15.459818,0.18405178,-0.20968932,-0.023220677,-0.11814838,0.036093872,0.34652823,0.04877024,0.23527099,0.2297181,0.038599104,0.042802025,-0.46682662,-0.46805918,1.9518261,1.950255,-0.29372978,1.88797,49.76509,0.8203974,0.773912,1.2007211,278.52194,314.7084,356.72916,314.68402,-54.186382,4.458867,19.857365,36.46225,12.985047,19.818834,1.9201666,21.57391,19.778313,20.569895,0.9149894,0.01594965,0.9151923,0.906764,0.913994,8.15773,3.4151778,8.628994,5.412687,7.6548414,-0.56217283,1.863806,1.6771846,-2.3893774,0.02332962,-6.4550242,2.336203,-4.5952325,-9.551042,-8.3775215,12.877689,3.1528654,13.073242,8.985021,11.824405,0.06352574,-0.35309324,0.7385038,0.044614088,0.4526863,4.545743,0.19202462,4.580004,4.415928,4.5375814,6.686687,0.40451226,6.60015,6.465961,6.656752,4.412341,0.16128144,4.4495835,4.324502,4.4319506,6.101056,0.08419696,6.3130765,6.1074796,6.082004,7.1515465,0.17228875,7.293055,7.1394153,7.294431,8.350024,0.48439127,8.48042,8.677386,8.631775,371.76813,4.9035816,2.6426115,7.4815345,3.5710876,2.5714118,12.434395,5.015747,14.224513,6.194338,9.14168,13.286099,3.4743102,15.169301,10.377696,12.07134,54.208755,24.61135,63.446114,39.24414,46.554825,56.242725,4.9511485,58.845818,55.899574,55.751186,358.7483,6.929625,361.9844,345.53207,352.9469,19.736631,2.1696758,21.377579,19.360487,19.443392,0.0020265006,0.027155966,0.019063683,0.005327148,0.0074194027,114.47372,4.663103,113.012115,110.73379,111.43976,0.09903324,0.11679141,0.14223927,0.005440708,0.0051559964,24.512526,4.772926,27.740198,24.614317,23.341938,11.297323,0.4414167,11.49808,11.186715,11.318532,122.628296,7.463322,123.79674,114.98526,119.80127,64.292,3.3808897,64.21287,62.24619,63.88537,0.1681948,61.6511,9.611768,67.01703,59.53187,58.712402,372.22778,1.8642862,-0.06486949,423.92987
1.3529185,3.226255,4.0035777,1.2186171,3.298787,-0.801469,-0.74367374,1.529441,1.8931097,0.23761699,0.027828164,-6.8131614,-11.273977,-17.5057,0.16945475,-0.19329904,-0.014717362,-0.106568955,0.03376073,0.21605587,0.124123015,0.2452551,0.23988524,0.049073417,0.054385852,-0.4822818,-0.47515088,1.9514071,1.9496464,-0.2758544,1.848074,47.42668,0.8874679,0.9633017,1.419035,338.82004,327.605,340.60712,344.81754,-54.182293,4.9331827,20.386024,39.79954,12.083242,30.54191,5.528574,29.484707,20.703522,23.70767,0.8469281,0.045213714,0.89506066,0.8173807,0.87118155,5.2473497,8.299867,9.55294,2.002286,7.8877616,0.8842772,7.25782,4.1699333,-3.339149,0.24237923,-5.0178494,6.2980304,-3.13811,-9.40402,-7.305794,9.182973,8.203436,14.313621,3.7170804,10.63187,0.06597899,-0.34358913,0.70630914,0.12147542,0.27459976,5.3138905,1.4244754,5.6167054,4.5141425,4.9382396,6.9238243,1.2423478,8.108545,6.486006,7.228617,4.716145,1.1929781,5.4633145,4.6521897,4.7994566,6.4331055,0.8218727,6.8999624,6.2516403,6.396022,6.969056,0.9050813,7.469864,6.7515206,7.2644734,8.508123,2.4723005,10.071847,7.319392,8.987085,471.45383,16.995157,9.560568,20.861898,8.726861,7.8042645,32.62884,33.214184,44.07136,19.239168,22.622177,12.175626,10.026712,17.347723,5.0711164,9.485728,44.26958,55.796448,88.47217,24.294796,51.18704,67.63717,12.714424,70.5361,75.717026,68.090324,514.37244,29.00534,496.15842,419.2825,468.25552,19.518034,5.0466204,22.733955,18.769117,17.899681,0.719355,0.81993264,1.15312,0.2295234,0.21798132,136.92294,52.545918,126.247284,132.57642,135.18163,0.9067521,1.5883855,2.1023655,0.51720023,0.12211906,29.634264,9.800559,33.7813,26.994738,21.901808,16.824394,4.6836205,16.43212,14.571203,15.0106735,138.5475,29.601646,152.02223,150.30751,146.33932,99.82977,35.68484,126.45162,115.09405,114.33657,0.18818504,85.32613,22.470165,81.81326,70.75723,81.18974,521.83453,1.8181598,-0.062017765,599.8943
1.8493437,1.4257057,3.252197,1.5139775,2.406646,-0.77992654,-0.6872004,1.4980336,1.8357416,0.24975413,0.006506412,-9.2998,-9.917842,-17.448097,0.18746355,-0.20155206,-0.031092305,-0.12643088,0.044897646,0.17786193,0.032806844,0.22014983,0.21225178,0.045299716,0.0493959,-0.50143355,-0.47992754,1.9518466,1.9496192,-0.30780897,1.881675,47.639866,0.7676831,0.7139904,0.89669114,290.43762,309.3272,347.64053,303.0701,-54.17489,4.4623294,19.960407,38.08647,13.363617,18.6867,3.9896953,23.848791,18.282705,23.441885,0.9239946,0.031593647,0.92710817,0.884817,0.89146465,5.885537,5.3052416,11.555698,4.0848155,8.391318,0.66382885,4.046164,1.6367471,-1.6647817,-0.0248635,-6.1556926,4.947942,-4.0726867,-8.824707,-8.34066,8.448109,7.682789,15.293646,6.291782,12.335495,0.052887723,-0.36214033,0.7570749,0.041738633,0.1378359,4.7428308,0.7301343,4.939434,4.2880416,4.6361866,7.065462,0.4104257,7.9644933,6.283969,7.3454146,4.27106,0.4854783,4.6243925,3.918326,4.2563615,6.402394,0.32163784,6.3722773,6.1693754,6.7519054,7.078354,0.7829202,7.500427,6.8915787,7.6481724,7.406985,1.0525674,8.52843,6.9721036,8.337021,377.2326,5.097892,6.441535,8.562119,0.63530946,0.54662216,45.050457,9.697387,25.028439,11.964282,16.077986,15.089542,7.4347715,11.949946,4.8347626,6.9437404,94.12229,74.37766,130.39745,42.340446,102.25521,68.35593,9.5489645,71.202286,58.112263,60.6118,498.79987,10.671724,377.23514,355.7809,391.40808,20.677755,2.3562982,20.834745,18.010023,18.855326,0.018136263,0.94112504,0.3822633,0.006227887,0.0074542775,144.30211,21.67221,162.8441,119.56153,144.56284,0.104262955,0.6401186,1.1002706,0.005986563,0.0051559964,25.968954,4.955402,27.755877,18.48185,17.681767,12.208036,2.6672964,14.962727,10.821409,11.372973,200.2262,15.850597,228.82848,130.30463,168.84248,72.80298,43.573788,79.39125,59.53799,71.15143,0.18027416,77.94684,11.159783,77.43044,58.55047,57.43136,499.88937,1.8371098,-0.04102186,579.3193
1.7025604,2.888522,3.4898562,0.96175885,2.4565368,-0.83884007,-0.6016548,1.4241405,1.7510575,0.25579458,0.022807812,-9.08991,-8.239961,-16.703497,0.18513656,-0.21291095,-0.022205422,-0.11734904,0.036242973,0.32231647,0.02485225,0.21616206,0.20649722,0.03489977,0.040008523,-0.44717172,-0.4372198,1.9535624,1.9500074,-0.29577988,1.9329462,51.480526,0.7790281,0.83296126,1.0738279,282.0124,297.48862,324.916,304.80865,-54.201267,4.5421767,20.002974,38.729824,12.072245,18.198618,10.308447,25.64756,14.928357,23.811945,0.92747253,0.08371344,0.9519807,0.8665106,0.8838259,7.190721,8.215093,11.525136,2.8865888,8.44224,-1.4984399,5.803391,1.7739164,-3.8938866,-0.5710778,-5.238481,7.146327,-3.3499558,-10.086892,-7.1084456,11.648608,12.11554,14.390804,4.567486,10.790954,0.06037595,-0.36086065,0.723972,0.0305789,0.39156285,4.604074,1.1633494,4.9668117,3.8272917,4.466171,8.031688,1.8877388,9.298173,7.313166,8.125234,4.404633,1.0871156,4.8870664,3.6679852,4.414243,6.7323084,1.5872787,7.5418043,6.1357045,6.6092916,7.3268366,0.9799256,8.284,7.0536013,7.878931,8.309432,3.317751,11.271425,7.765504,10.121033,439.74692,31.673918,38.302254,41.774887,1.2208924,0.83456355,88.98418,103.7836,104.06659,4.343282,3.2652876,23.991982,25.131563,27.59126,4.1421432,6.110966,95.52535,106.44383,147.82298,55.607304,108.54634,70.006424,22.808647,79.953125,56.974327,56.126125,343.29446,126.35423,441.26865,376.8201,451.46054,22.02319,5.808961,22.542328,16.307213,17.164583,0.016100762,0.98865,0.9305123,0.006442523,0.007483107,133.75597,81.379295,179.35144,131.57181,163.03508,0.117946565,1.3887278,1.073301,0.006138009,0.0051920833,40.276714,26.674864,43.027473,16.703276,17.342203,12.609819,6.9621143,17.380785,10.607326,11.429231,186.58904,76.29653,218.29713,142.56021,167.83224,65.77908,38.768757,84.48905,44.29125,60.324886,0.21819526,101.47358,58.310913,121.36834,56.29661,56.541195,437.5254,1.8039176,-0.06511526,538.28253
1.9616896,2.6367533,3.4897246,1.1244154,2.8438137,-1.1300668,-0.5710768,1.6772906,2.147943,0.27149472,0.015429814,-7.0975275,-7.9664917,-16.26756,0.19814102,-0.2173856,-0.023991693,-0.118799165,0.03729181,0.17098437,0.070571,0.22249506,0.22478904,0.052628256,0.063009135,-0.5012781,-0.46403074,1.9567132,1.9519215,-0.31118947,1.9282795,52.44283,1.0405742,0.8712215,1.1340384,74.32036,220.26718,298.1216,182.68645,-54.172497,4.4817863,19.383932,34.28135,12.685478,18.212664,7.0246916,21.370455,14.193841,20.770275,0.9387982,0.061173055,0.94140816,0.8950046,0.913258,6.111259,5.6857557,10.139075,3.113546,6.2031913,0.21781266,6.2785935,2.4857152,-3.3564696,0.09543234,-6.806047,8.103551,-2.447649,-10.778927,-7.1271443,11.684622,7.7046375,14.74035,5.2759066,9.301322,0.05959261,-0.37336147,0.7273362,0.07529401,0.16142534,4.3300486,0.8567369,4.925544,4.0887375,4.5286345,7.8314705,1.5208397,8.456444,6.388124,6.9829273,4.112142,0.6202272,4.3959765,3.8908432,4.1335897,6.3318486,1.0522135,7.041431,6.1395698,6.2660007,7.1028137,0.2940126,7.3289294,6.958146,7.149779,8.555255,2.0859914,9.410173,7.4167113,9.081894,401.35254,12.322126,6.4415827,13.7223425,3.9014335,4.744998,24.05917,6.7793555,18.82582,4.0278745,3.414906,13.85504,8.115373,11.2360325,4.4894266,5.7008333,57.825897,50.636074,48.091827,49.46619,66.78124,55.834957,9.326568,60.067722,54.646656,54.873466,361.6382,9.540882,388.2578,392.9526,391.16125,16.300209,3.7617352,17.476536,16.243408,17.357023,0.3505361,0.17542407,0.49991703,0.11211162,0.05325194,124.03475,18.70725,143.29785,121.860085,130.96883,0.3530954,0.44426373,0.52701443,0.04916312,-0.011862389,30.32375,7.8474135,29.18423,14.979328,18.24264,12.125214,3.0266032,14.513571,10.471591,10.934284,137.88376,16.710958,142.02435,125.73257,151.48607,69.87545,28.12652,75.06747,49.42264,67.34546,0.14547656,69.31936,15.200309,67.02787,55.895046,71.14786,394.93442,1.801067,-0.055386554,510.32
1.5865173,0.05484175,1.5989053,1.5872465,2.0222476,-0.7818887,-0.71394587,1.5117666,1.846768,0.24301353,-0.036327284,-14.0293865,-10.33811,-24.290651,0.12281484,-0.20434736,-0.074813485,-0.13665989,0.07625105,0.17699301,0.017807994,0.2246274,0.22052407,0.042361468,0.045281548,-0.48320568,-0.4792849,1.9528495,1.9516588,-0.29256007,1.8754388,46.63971,0.8034301,0.7748184,0.9995508,278.51898,310.59055,341.72763,309.75034,-54.172688,5.1128893,21.709015,39.168293,13.783063,24.977823,2.8752282,27.65288,24.292347,24.529942,0.8792847,0.027677596,0.86672324,0.8385863,0.8800453,7.4611545,1.230273,8.361335,7.0295997,8.22014,0.45571968,0.671938,1.9435247,-1.2809159,0.56493455,-7.172252,2.1417727,-6.4796515,-8.295875,-7.391988,10.172725,1.6521053,12.307832,9.587595,10.957636,-0.000342815,-0.3209961,0.70852846,0.02083305,0.23004283,4.871772,0.14450009,5.1252604,4.6402783,4.9191847,7.5435123,0.3089475,7.7937884,7.330122,7.4981265,4.542538,0.23498654,4.74887,4.528475,4.614983,7.110654,0.0503125,7.104391,6.98307,7.0230007,7.417897,0.123621225,7.4480987,7.4491916,7.4232836,8.995711,0.10268947,9.622386,9.326388,9.879508,466.58624,8.035495,0.75683594,6.8481736,6.443627,4.751885,29.642311,1.4953502,28.712069,21.216604,11.8969145,11.460805,0.63187134,12.114331,8.58215,8.9121475,91.98107,-3.1378336,93.62615,87.975845,95.22425,62.612602,3.40137,61.471546,58.55718,59.567825,462.84726,3.6649852,471.53885,461.181,478.01578,20.44434,0.4970799,20.450897,20.677706,19.952524,0.05632486,-0.06313604,0.13256624,0.11210248,0.01652944,161.89645,1.2836193,161.66505,157.62819,168.15842,0.5605906,0.12483983,0.31767866,0.23671412,0.23421882,26.1645,1.3627024,25.771208,26.251362,23.893244,12.79235,0.34320986,11.757381,11.963515,12.65533,175.08896,8.553984,179.364,176.8304,166.76816,71.39134,4.477973,81.39391,61.613865,77.56591,0.1415494,69.76258,3.7992208,71.47186,64.8962,67.68276,537.7777,1.8462803,-0.044007566,562.46027
2.3808253,2.5463305,3.691457,1.1496341,3.0190616,-0.96945494,-0.5546001,1.5304232,1.9171958,0.25901422,0.027086576,-4.8832293,-8.563767,-14.300331,0.18425156,-0.20173469,-0.016847786,-0.110707425,0.032980416,0.2797351,0.034349266,0.22528233,0.2256837,0.06256163,0.07262897,-0.46939582,-0.45954737,1.9546597,1.950344,-0.27616364,1.9219321,51.899868,0.98802567,0.8529507,1.1679972,233.89932,263.24197,319.64902,250.97392,-54.18348,4.529964,19.726938,35.428856,13.022989,25.051,5.3400965,26.206348,20.885336,27.086231,0.8546144,0.05197984,0.8920202,0.84928316,0.8274702,5.875912,5.9446826,8.1759815,2.8854473,9.105999,-0.52356935,4.9471693,1.592219,-3.778987,-0.078698635,-5.7674127,4.0838776,-3.9253223,-8.305586,-8.1436405,10.818687,6.668993,13.015157,5.722345,11.459061,0.073277555,-0.3435458,0.7474344,0.044475637,0.29074287,4.267654,0.49204612,4.634866,3.9920816,4.4754677,6.6897535,0.39391991,6.906782,6.2721906,6.763118,4.13433,0.5666953,4.674933,3.9242556,4.3908195,6.314447,0.6784505,6.7123675,6.160016,6.3239384,7.196321,0.6468976,7.7731066,6.9317765,7.264683,7.9122515,0.80920094,8.650962,7.850552,8.657122,397.47665,11.308016,12.110757,8.886844,3.1311443,4.0855303,22.793339,19.420042,21.16102,9.745867,9.304275,14.6039715,10.302232,15.177779,9.208694,10.754805,63.483013,28.470888,53.117603,32.557438,43.548485,66.26614,9.072079,70.30428,65.44711,65.79057,383.45486,11.823858,373.52097,363.69965,378.22986,20.892538,2.223132,20.764153,17.972593,19.076635,0.20469578,0.27415714,0.60621023,0.018310936,0.08760597,128.88745,11.002029,121.30783,113.45318,118.06244,0.38977864,0.5003196,0.96435153,0.12546419,-0.010966478,23.428888,8.461463,28.282782,20.843412,20.536036,13.745068,3.079579,16.654947,10.964818,12.464405,128.259,13.062053,140.77115,110.33836,117.670815,69.19919,22.416218,89.94453,51.73668,70.74913,0.18290511,80.62664,15.333164,88.27977,69.78802,74.4254,392.7776,1.8150046,-0.068949245,484.26093
2.3345423,1.4057676,3.8261151,1.6010449,2.8459938,-0.8614252,-0.5716232,1.57448,1.9511888,0.26841876,0.0061935335,-7.3908653,-10.940364,-18.390907,0.1748643,-0.22234133,-0.038215164,-0.12878375,0.047921386,0.18455745,0.051848393,0.20648685,0.1801981,0.038910087,0.046346493,-0.49460354,-0.47032663,1.9548695,1.9483663,-0.3287964,1.9200618,49.745937,0.7669023,0.7709868,0.95616704,282.74518,306.52228,343.65012,298.16864,-54.16822,4.439577,19.646212,35.61586,13.069775,17.951508,4.8143444,23.935179,16.436916,22.29023,0.9285663,0.04286823,0.93252856,0.8788646,0.89430773,6.484157,3.7825513,8.397463,4.2220755,6.035888,-0.34203127,3.10827,2.8779385,-1.4517306,0.45812184,-6.222463,4.3199644,-3.97667,-8.555647,-9.286962,8.22366,4.0127034,10.877098,6.034898,11.619519,0.048485246,-0.3738359,0.74111474,0.11307504,0.23485135,3.9247115,0.8900032,4.6338806,3.4318213,3.9699988,7.195927,1.0735338,7.9110293,6.9141474,7.3018837,3.747954,0.6784793,4.277736,3.2736905,3.7006402,6.5732775,0.54174274,6.9462295,6.3446703,6.668988,7.1359715,0.4059082,7.745784,7.0196657,7.761202,8.107101,1.5839272,9.296204,8.5903225,8.970708,411.69043,12.185812,25.42723,16.130585,0.9181038,0.8151866,24.83854,34.13321,45.374226,2.5489037,1.878353,17.712105,10.274334,18.445696,5.3589864,7.65847,109.52424,51.376312,109.70555,53.020493,73.147316,62.757587,5.8559246,63.74631,53.874836,57.180946,458.63324,29.188417,380.2189,310.53342,374.8838,21.307621,2.6785705,19.366386,16.639053,17.760406,0.0015066203,0.39399868,0.012418248,0.006372476,0.0074466113,135.79025,31.05964,158.70532,110.85246,127.14393,0.08374032,0.1311316,0.1400527,0.0059800544,0.0051559964,31.76051,11.552318,33.370453,16.876642,18.049875,10.7904,2.2378519,11.865479,9.949939,10.655203,197.37067,51.281326,177.08156,133.21045,139.24515,46.079437,17.139698,69.689064,35.28922,55.791515,0.165118,70.545044,27.442066,69.96317,57.427914,56.740314,434.73547,1.8847967,-0.042168252,515.3381
3.1663237,0.69911265,3.36968,2.9332404,3.1332195,-0.8206782,-0.7059781,1.5084549,1.8542918,0.24595426,0.009548681,-6.5979953,-12.155524,-20.532465,0.16978347,-0.21020979,-0.03613526,-0.120752454,0.043977164,0.27419722,0.039783467,0.23499173,0.22763902,0.038445495,0.043784894,-0.4813272,-0.46805918,1.9517304,1.9500599,-0.29979187,1.8911774,50.27069,0.9090075,0.91548496,1.1085185,280.87857,314.86945,357.41342,308.6406,-54.185425,4.598851,20.26661,37.47992,12.666973,19.453537,1.5328302,21.10525,19.2178,20.422842,0.9168895,0.014081008,0.9156438,0.9106253,0.9151624,9.986226,4.815501,11.708754,7.6522036,9.366547,-0.121982634,5.321041,2.305475,-3.2475214,0.14735305,-10.004513,5.7632785,-6.1266294,-14.072732,-10.63515,15.866745,5.548135,16.160084,12.446081,15.923139,0.047421787,-0.33682728,0.70015687,0.0321353,0.33336866,5.560438,0.34184954,5.31043,4.716515,4.9770265,9.701005,0.30119333,9.948423,10.339355,9.432791,4.4305573,0.17858273,4.5454254,4.324181,4.4663177,6.0307455,0.088458784,6.1665277,6.100093,6.0534453,7.1599517,0.16863427,7.2635574,7.1102424,7.3154755,9.015373,0.9281838,9.191232,8.915474,9.2815075,425.34006,4.9103885,3.7613883,16.389229,3.621008,2.5507166,9.871957,7.818647,21.949654,7.7955866,9.583382,12.643537,3.2293417,16.364414,10.610101,12.8383665,95.03303,34.130558,104.57566,86.12854,93.93513,56.839993,3.5691037,58.76881,55.977623,54.927807,442.83438,6.620108,467.75296,438.75278,424.41873,19.811169,1.774347,21.242058,19.413694,19.756351,0.0020265006,0.9194808,0.71377504,0.005327148,0.0074194027,151.80605,3.7486615,157.13388,153.7645,164.3346,0.3819924,0.10242768,0.37965637,0.0054481607,0.0051559964,24.67293,5.1434164,28.682093,24.591328,23.137377,11.338541,0.69796807,11.772652,11.13783,11.115817,182.6634,10.65093,160.65366,173.64526,168.25934,71.70149,4.5130672,75.31204,68.29896,74.751785,0.1317999,61.449657,10.091945,68.02691,59.536236,58.712402,429.88565,1.8745222,-0.065379664,523.04034
2.1282687,2.7052503,4.1325736,1.3154074,2.9653194,-0.77218074,-0.7183792,1.492307,1.8580006,0.24541914,-0.018241243,-11.5916395,-10.770439,-22.99909,0.12872183,-0.2036848,-0.05511895,-0.1282321,0.0558047,0.17009988,0.03391827,0.22976205,0.23151293,0.04266589,0.0446893,-0.47686875,-0.4706247,1.9518652,1.9513221,-0.29533136,1.879978,47.05048,0.79815936,0.7301321,0.89523464,285.99396,312.2574,341.91663,311.95367,-54.182816,5.04032,21.10321,38.08193,13.649433,23.747978,5.3043876,28.798075,21.864912,24.933111,0.8638631,0.05955232,0.89369977,0.8402068,0.8709138,6.6837573,6.462974,13.89133,4.6163354,9.611829,0.44187635,10.175125,3.3538299,-4.0057,0.35165644,-8.70168,10.540653,-4.400568,-12.608761,-8.834343,13.956201,10.491539,18.933819,8.148853,11.872941,0.021860179,-0.33783555,0.68400383,0.020626673,0.17559652,4.886077,1.1247486,5.727653,4.5814996,5.1401706,8.125919,1.5001688,8.082816,6.864331,7.519128,4.5369267,0.45784,4.883421,4.733445,4.7508225,7.2485323,0.494455,7.052926,6.617585,6.510094,7.265537,0.26940498,7.3992825,7.262775,7.3046017,9.357869,1.7248665,10.307611,8.516486,9.605577,475.34824,11.008749,3.7183785,15.931478,5.660789,3.8386998,31.5547,9.886783,26.015196,19.97319,11.9428005,11.273507,7.6505737,14.525202,8.556188,7.5975204,79.14977,40.731728,79.89679,66.79731,70.683716,64.89993,6.060498,65.49774,58.697987,60.673374,490.1732,9.339455,487.55484,489.10284,497.57724,20.75309,1.8567103,19.967426,19.749516,19.113268,0.059778992,0.1594835,0.2881582,0.14724852,0.05693754,166.05135,18.629896,177.46622,164.94139,168.93898,0.5239709,0.31188285,0.3784287,0.535505,0.2402184,30.080957,4.695924,30.614134,23.883348,21.482492,12.499245,1.7851626,12.719149,11.489807,12.825165,166.26256,16.492083,165.74771,172.68274,166.7321,84.54206,25.551983,89.82266,61.513268,96.86837,0.12635413,76.70338,12.078334,82.52286,66.93353,69.88678,506.0418,1.8218801,-0.050649147,593.7008
1.4591298,0.3333957,1.5764217,1.1739001,1.4546769,-0.78253716,-0.6242084,1.4310607,1.7607052,0.2788372,0.020205129,-6.4501476,-6.403398,-12.311876,0.1993151,-0.2273056,-0.027537111,-0.12718984,0.040228955,0.37843317,0.03511845,0.2143951,0.19401751,0.036583785,0.043454353,-0.4629396,-0.4520005,1.9537804,1.9500483,-0.3080928,1.9208031,50.92334,0.77951366,0.74242634,1.1709628,264.75763,296.7488,329.5344,294.43668,-54.18772,3.912411,18.89513,32.083305,12.942766,18.003977,4.079371,22.170721,17.70598,20.253807,0.9310993,0.03149931,0.93121225,0.9018682,0.9161438,4.251399,1.8292823,5.3127375,3.576454,5.0700555,0.15530431,2.6583686,2.176422,-0.91654664,0.4533503,-4.074248,3.124803,-3.2946966,-6.342698,-6.1197095,6.3334985,3.1488492,8.961006,4.9147725,7.507925,0.06787709,-0.4002755,0.78288704,0.04516373,0.48857382,3.8336225,0.6472555,4.048908,3.3987525,3.7479005,6.5322986,0.639532,6.587438,6.3933806,6.5495496,3.7667456,0.66488206,3.975875,3.3703525,3.6301563,6.058322,0.13268976,6.617238,6.1450934,6.1235266,7.169078,0.24389474,7.2936125,6.9854593,7.2262383,7.739605,0.41717154,8.5111885,7.4950695,7.654335,302.52036,0.54817533,3.735818,-1.0148523,0.009800878,0.26010266,2.337424,3.3072488,-1.1333486,0.20999615,1.4702816,3.6987798,1.9553717,7.198885,3.4319131,4.3910327,46.70225,15.323798,49.679783,40.752483,50.642197,53.43773,6.7450633,55.31594,50.607834,50.766987,288.9225,1.2039844,281.50623,282.75635,291.5326,15.051861,1.4998124,15.466628,14.780613,15.186087,0.0015066203,-0.02024976,-0.03630395,0.006372476,0.0074466113,96.40773,1.3744942,100.745094,98.30191,103.98102,0.083745204,0.12483983,0.1566449,0.0059742937,0.0051559964,16.600908,2.689728,17.185575,14.536459,15.174624,11.600237,1.6501044,11.704615,9.974986,10.578162,101.10884,16.271393,99.88894,92.35088,104.22491,43.728413,9.106282,47.452156,35.101593,49.28243,0.19017509,54.40823,11.881028,55.77013,51.02657,50.81964,293.5828,1.8255502,-0.05413257,349.34726
2.3048894,1.1117626,3.337116,1.8553073,2.5689363,-0.7829488,-0.6490604,1.499222,1.838984,0.23277721,0.007892273,-11.630327,-10.425713,-20.041512,0.17372641,-0.19878398,-0.02921788,-0.1255818,0.043346323,0.27241313,0.03636648,0.22152103,0.2078526,0.040166445,0.045132075,-0.5028072,-0.4867508,1.9529994,1.9418085,-0.31020325,1.8892734,47.89247,0.7872216,0.73809844,0.8293732,270.74835,300.82477,349.3052,295.15906,-54.16701,4.521758,20.187155,36.501858,13.129267,19.24633,0.7111326,21.596283,19.31293,21.639055,0.92175347,0.0015748672,0.913455,0.90569925,0.9011812,8.574012,6.302343,13.853003,6.698143,11.227326,0.13251057,3.9394855,1.8105987,-1.8719815,-0.04062121,-7.477119,5.2426972,-6.5989184,-10.318764,-11.404588,15.926771,8.482391,18.619005,9.72463,14.881557,0.053690262,-0.344411,0.7428555,0.06492518,0.1241321,4.8793383,1.0196905,4.4440646,4.3017297,4.6550508,9.0067215,0.45417815,9.780072,7.3489933,8.596076,4.185682,0.46163315,4.293884,3.8787994,4.228917,6.6643414,0.6417081,6.76312,6.36606,6.34067,7.0694613,0.53898346,7.315109,6.8547354,7.3789907,7.5650067,1.5819435,8.061125,6.9537096,8.036263,395.8985,8.8613405,5.048444,4.7901835,2.8475664,4.7700562,35.051,10.018087,26.489553,35.847004,36.254337,16.392387,6.566539,11.872792,8.159876,9.848351,148.16345,75.231606,185.06508,132.18095,161.1647,61.723362,9.101403,61.12413,54.78491,57.347073,459.5118,11.664534,415.46332,410.741,408.19385,20.425596,2.2529545,19.854528,16.289202,17.503422,0.0009475537,1.1550733,0.6659242,0.0054286183,0.0073727346,222.07912,27.970116,196.71532,185.59183,222.76834,0.09314585,1.3496493,1.3432063,0.0059877704,0.0051559964,24.36415,4.583453,25.671158,26.4047,21.266306,11.063086,1.7716541,13.358445,10.64472,11.122999,252.41609,12.379427,278.3572,180.8631,236.0171,65.99308,28.739153,74.24576,62.406883,65.66299,0.14431326,68.13207,5.4799833,69.612625,59.26658,59.596466,549.40295,1.8554511,-0.040097184,575.2544
2.22591,0.5316994,2.6376212,1.9708897,2.3188393,-0.7521592,-0.6970369,1.4505033,1.7746717,0.2874757,-0.009745467,-8.077171,-9.839814,-19.95525,0.18400174,-0.2378126,-0.060758002,-0.14232595,0.062215324,0.27268124,0.031632904,0.21269509,0.20659001,0.036892295,0.03842741,-0.48968813,-0.48134497,1.9527115,1.9519418,-0.3199439,1.8976762,49.859425,0.8018149,0.764383,1.0364803,285.09595,293.22403,333.12708,304.634,-54.168613,4.232022,19.781237,35.744884,11.381827,17.531893,-0.39420173,17.870754,17.427097,17.823828,0.9315678,-0.0029479412,0.9318345,0.9367515,0.93397313,8.85119,1.2248042,10.492716,9.608965,9.205951,0.12653689,3.7671807,2.1350732,-1.414888,0.45505622,-8.575296,3.8774204,-8.511792,-12.176882,-7.7332926,13.06867,1.900218,12.927706,11.449493,11.683893,0.027715517,-0.38159016,0.72870904,0.017093446,0.3343483,5.39996,0.21945064,4.946266,4.6986356,5.020753,10.164425,0.21620427,10.26754,10.025329,9.273761,4.2435317,0.052267127,4.1948276,4.1674695,4.2222066,5.9795957,-0.033995926,6.072996,6.0958834,6.002211,6.9739733,-0.01885163,6.9242682,6.940334,6.9610944,8.169572,0.775626,8.355208,7.591064,8.675841,360.75192,0.08007809,0.34892124,0.33175555,0.11931403,0.33099872,-0.44182375,1.723383,0.56058174,1.4237524,1.580805,1.7410616,0.03900087,1.9206848,2.2359285,2.3925207,81.58734,13.844451,84.236244,83.006,99.10181,50.758747,-0.5617123,50.399914,50.166077,50.412853,352.50714,-1.138619,377.803,359.5862,364.22083,14.090476,0.17937683,14.151637,14.13999,14.384214,0.0009475537,-0.053931892,-0.050610416,0.006372476,0.0074466113,161.44328,1.1441077,144.44919,176.19432,150.73444,0.09067907,0.11929181,0.20233925,0.0059952233,0.0051559964,14.202569,0.21039441,15.12555,13.985728,14.185599,11.257744,0.1784897,11.299358,11.198969,11.108069,166.71036,3.514502,147.0562,155.13718,145.30574,65.22149,1.1618333,67.15331,60.7559,66.31729,0.13251846,50.301056,0.60165155,49.815815,49.918156,50.263844,372.44794,1.8881468,-0.043488115,442.49274
3.5462942,0.8308729,4.0908656,2.9878864,3.6621835,-1.2411896,-0.6004026,1.5091989,1.9569861,0.24452801,0.013703019,-8.268648,-10.128713,-17.789742,0.17419745,-0.20363222,-0.029460367,-0.12052314,0.037816342,0.16308855,0.08546947,0.22834593,0.23166552,0.03937376,0.04272648,-0.47157276,-0.47023854,1.9508816,1.9501743,-0.29718167,1.8978078,50.491753,0.82344687,0.767114,0.92547965,202.94342,304.0174,318.03244,303.44214,-54.18712,4.531326,19.765882,36.16706,13.104967,18.284367,5.466502,23.304667,17.56811,23.454113,0.94600356,0.034541972,0.9377923,0.88784134,0.8888447,9.796141,5.0518956,14.335865,8.858503,12.737188,-0.54304516,4.9839644,1.7715876,-3.4572089,0.04942395,-8.856922,2.2604558,-8.89046,-11.05762,-9.976781,12.834778,5.505412,16.612066,13.1814995,16.36964,0.05454986,-0.34889722,0.7235275,0.082068235,0.19114546,4.3796782,0.36453858,4.7877383,4.393575,4.720367,7.7958016,0.37876797,8.1326885,7.898168,7.6233907,4.2821994,0.29279393,4.4475217,4.153537,4.3063436,6.345315,0.32775274,7.0140567,6.055163,6.418349,7.0417895,0.45005593,7.6175003,7.0469933,7.6622667,8.452023,0.16157404,8.798284,8.01795,8.495282,418.34363,4.6470976,3.8813453,3.0124228,0.2015197,0.47424385,5.1198664,7.1642547,13.424871,0.6334779,1.726992,9.609887,4.632641,11.190364,4.0701537,5.164751,81.29743,-5.7283998,62.294754,64.849945,61.325527,57.411713,5.3145685,57.442806,52.70754,50.862885,409.68466,2.363718,409.2146,410.11453,413.57623,19.065184,2.470142,19.787231,16.292843,15.798256,0.0009475537,0.0799327,0.09793229,0.006387142,0.0074541466,144.00981,5.4939055,142.56947,147.25409,133.67403,0.29928324,0.14265981,0.15429305,0.006274152,0.005216785,22.144178,5.758578,22.706717,15.665086,16.012573,11.436061,0.6041323,11.325975,10.781121,11.318298,138.77242,-0.8671639,151.69228,131.64761,144.32454,63.811905,2.5589283,66.24683,59.826286,67.16571,0.15999119,62.833393,11.052814,62.147305,52.018944,54.30654,424.68945,1.8514714,-0.056137774,473.89246
2.0355313,1.811492,3.47493,1.6386997,3.3803775,-0.75879574,-0.68004763,1.5306485,1.8544787,0.2467417,0.0059521627,-9.278095,-12.278761,-21.351242,0.16022114,-0.20585144,-0.034867436,-0.118908696,0.047782175,0.23070575,0.05584942,0.22283867,0.21933815,0.04215898,0.04671089,-0.49239084,-0.48752293,1.9498513,1.9465939,-0.31235117,1.8936172,48.549076,0.33506826,0.7691404,0.9024916,277.36606,305.12558,370.14264,302.80582,-54.175827,4.553668,20.432005,37.48016,13.652228,18.493198,6.1771297,24.807858,17.527966,23.730322,0.93443054,0.052940063,0.9259887,0.87111247,0.8785125,5.786997,5.956155,9.164502,4.200408,5.855979,0.22346665,4.0409737,2.6884916,-2.0595112,0.47233304,-6.207448,4.593405,-3.6466665,-8.996792,-9.34108,7.698377,5.12047,11.562559,6.072702,13.821355,0.05314969,-0.34108886,0.70728374,0.09600159,0.19253772,5.70925,0.57943565,5.8571887,4.5889974,4.948477,6.9191303,0.42499524,7.706926,6.8479686,7.7720113,4.605417,0.5431661,4.9714413,4.0518384,4.4501185,6.4268274,0.2843875,6.384466,6.32604,6.711608,7.1540875,0.6693691,7.7680006,7.0737543,7.715793,8.056895,1.3914218,8.771972,8.14427,8.8424,459.30045,20.349274,17.236916,27.253956,2.6123888,1.678134,53.344986,27.320383,57.516296,3.5901768,1.878353,16.365953,15.788408,20.442188,6.0918093,11.907858,55.95472,63.444363,86.123856,35.25002,69.841736,68.65246,8.162665,68.868866,62.96906,61.801838,550.68445,26.232746,494.35095,443.31982,454.84122,20.554802,1.6041735,19.74812,18.935959,19.654753,4.511896,2.8007765,2.8368995,0.006372476,0.0074466113,131.23985,22.879961,178.61343,111.5973,154.46034,2.1435301,1.6953334,1.4791262,0.0059844567,0.0051559964,32.877384,11.192829,37.660374,23.182009,22.951616,19.054632,4.275508,14.820224,10.796857,11.640327,193.99075,44.26933,172.74449,151.10052,153.9553,107.944115,34.215374,132.67249,63.148663,78.038864,0.15604384,97.65397,19.580439,84.75392,65.86368,63.740692,492.13306,1.8586303,-0.042554986,618.268
1.4934927,2.2701535,3.7907763,1.2449924,2.7566903,-0.81710786,-0.74365497,1.5111258,1.8930951,0.23051816,0.025775433,-7.5175033,-11.497656,-19.066261,0.16598,-0.19290952,-0.015041635,-0.10468103,0.030834096,0.24665444,0.0682935,0.2452549,0.248441,0.04785658,0.048730552,-0.46864855,-0.47212797,1.9491674,1.9492358,-0.2679903,1.8351657,44.730427,0.8463022,0.88075936,1.2676408,371.78754,332.74377,347.15552,359.02872,-54.188496,4.956425,20.98838,42.109055,13.455103,31.905878,7.576823,33.107117,24.6674,24.489088,0.80267614,0.075392455,0.8712269,0.7945505,0.867275,6.3373904,7.2732096,10.123403,3.9955976,8.54326,0.5155811,4.98428,1.7780894,-3.2598195,0.21646293,-5.5382504,5.9579816,-4.063175,-9.439506,-7.754743,9.322312,8.912596,13.595045,4.8748136,11.958789,0.06373296,-0.32508567,0.71710086,0.036461107,0.37595654,5.2938666,0.79096985,5.5701804,4.939528,5.3612638,6.742079,0.45403108,7.5765753,7.070926,7.2764244,5.02701,0.65747464,5.425755,4.977554,5.208501,6.06573,0.4518718,6.509169,6.18874,6.350597,7.051728,0.6559949,7.456002,6.992139,7.1844726,9.336734,0.97120714,9.550301,8.320752,8.903237,515.28625,17.576027,18.118698,33.832493,12.213327,10.810991,54.931202,38.415127,64.74291,30.846008,29.649239,14.395798,12.019787,20.755266,8.781773,12.118115,21.589378,40.22952,72.920525,30.607296,44.564957,78.294556,11.083328,82.241486,76.67545,74.44724,508.95084,31.428541,539.72766,469.42743,487.0012,20.549307,2.5414746,22.594141,21.210466,20.613504,0.5719391,1.6033804,1.9043003,0.2545732,0.37352905,130.00366,11.538799,135.10588,125.603676,144.39336,0.73634356,0.66070557,0.9989301,0.57487977,0.15363504,33.632317,11.784142,40.716656,27.486145,27.3085,17.493801,5.2044516,18.932716,15.172713,14.831567,161.25508,20.304338,165.40578,139.09862,162.3389,117.46659,14.171781,137.4883,117.898285,125.76602,0.17724061,102.18283,29.613104,117.39395,86.408806,93.70542,543.82227,1.7895397,-0.0647984,644.09827
1.3837192,1.4188691,2.2737405,1.3464369,2.0169942,-0.79075265,-0.65280557,1.458007,1.8135178,0.25813356,0.0069357227,-8.383833,-8.012296,-17.20647,0.17861924,-0.21359845,-0.027479375,-0.1202407,0.03971277,0.1555571,0.049667474,0.23130573,0.2249623,0.040918987,0.04676094,-0.4859491,-0.4825649,1.9499661,1.9442586,-0.29646105,1.8886777,48.106316,0.83539104,0.7895287,1.0381624,267.3184,300.9011,325.69467,301.3038,-54.174442,4.5442653,19.851439,36.449856,12.939197,23.539598,5.946371,26.169392,21.95334,26.092358,0.8118663,0.04099527,0.8768888,0.8540726,0.85953385,6.6925607,2.9002721,6.943579,5.5330043,6.721461,0.67567796,3.1222384,2.4438808,-0.4380174,0.7270986,-6.49915,3.6879559,-6.2377067,-8.693839,-7.753901,9.583805,4.508599,11.61566,8.897269,11.745222,0.055958368,-0.37672415,0.7457738,0.0422061,0.15397069,4.3910456,0.6102237,4.4798794,4.1529603,4.2957215,6.7409654,0.6190256,6.719296,7.162125,6.7867503,4.1666555,0.3298041,4.5016017,4.004904,4.328511,6.274149,0.636685,6.3610854,6.3425565,6.29876,7.1223645,0.6583863,7.524632,7.0244894,7.6505885,7.370135,2.0587966,8.968335,7.5774016,9.183318,367.4267,13.925685,13.38036,11.325313,0.95099366,0.51667345,39.204758,20.152607,36.79129,0.32484755,1.4702816,17.80238,11.889763,15.796237,3.940583,4.5140433,60.074768,36.225056,74.02782,40.869038,44.32166,58.129898,7.996069,61.347996,56.43462,53.020245,366.83203,37.091835,361.87427,381.01074,376.39688,20.914642,3.8386486,20.708252,16.220377,15.907738,0.004992007,-0.020285703,-0.023630468,0.006382361,0.007456702,128.25087,7.450429,118.48731,114.64524,114.93232,0.083004504,0.14265981,0.15429305,0.0060086,0.0051559964,32.843494,12.958445,29.640417,16.061398,16.836256,11.078448,0.78088176,11.916679,10.741498,11.197656,133.2995,16.33191,118.25404,111.51644,117.035515,61.01333,11.563386,68.41428,59.27511,61.239513,0.18150204,71.04709,15.656038,71.699295,53.841248,54.976868,365.33322,1.840523,-0.050858427,417.39975
2.3695788,0.504577,2.6559563,2.0238278,2.3188393,-0.7481205,-0.699468,1.4564149,1.7771604,0.29114667,0.00077235315,-5.742016,-8.478095,-14.669374,0.19742273,-0.24039713,-0.0485792,-0.14112349,0.05625049,0.3604346,0.04456433,0.2136277,0.20992321,0.037200022,0.038362443,-0.4874519,-0.48134497,1.9528072,1.9519076,-0.31890488,1.8966368,49.641804,0.8018149,0.7495119,1.1587454,282.73932,293.39935,332.4428,302.858,-54.16803,4.077451,19.400167,34.95486,11.063853,17.817553,-0.3310515,18.00599,17.624548,17.88312,0.9327141,-0.0022986983,0.9326723,0.9339073,0.9339231,7.688623,-0.1642371,7.5541987,8.49949,7.4843264,0.25139144,0.45799747,1.5686394,0.08698316,0.45450515,-8.777029,0.49739859,-8.633861,-8.11628,-6.6523304,10.475143,0.44539514,10.705519,11.329959,10.656265,0.046019744,-0.40659332,0.7803438,0.031714436,0.48611948,4.1823525,0.068147466,4.1080003,4.194051,4.1954293,6.338378,0.15555787,6.2115693,6.33126,6.1742635,4.209155,0.050196122,4.2319536,4.202677,4.211716,6.0242167,-0.0072494852,6.185432,6.04097,6.038481,6.9820433,-0.015197072,6.9445734,6.9699254,6.9639006,7.5084233,0.10074647,7.4321,7.295914,7.2909355,294.4739,0.000773101,0.33483276,0.17482077,0.069394045,0.30127054,-0.5220973,-0.47144094,-0.7730474,0.35529122,1.4702816,2.0633655,-0.11937615,1.6423881,2.1093848,1.9727072,28.864075,-1.6491295,27.036844,30.630308,35.839237,50.21915,-0.43707934,50.20488,50.09859,50.26813,278.37933,-0.57967055,291.9526,272.7902,292.09943,13.984575,0.12144616,13.912897,14.085908,14.124877,0.0009475537,-0.053931892,-0.050610416,0.006372476,0.0074466113,86.01848,0.33919936,86.96832,87.77846,91.16613,0.083004504,0.12859541,0.14223927,0.0059877704,0.0051559964,13.88285,-0.05977796,13.765916,14.048881,14.079707,11.15825,0.158224,11.299358,11.239809,11.268349,85.90994,1.3250992,87.49143,85.67082,94.27972,59.645885,0.037384383,56.104015,59.260105,59.542812,0.17006561,50.218777,0.5999558,49.702454,49.711967,50.263844,295.73145,1.88162,-0.04218584,327.92557
2.2495766,2.2035477,3.9720623,1.238468,2.7978754,-0.80435723,-0.74365497,1.5368139,1.892826,0.23220271,0.024142891,-5.519996,-12.67881,-19.221478,0.17864205,-0.19239518,-0.013654812,-0.10497002,0.028742542,0.3828263,0.034275673,0.2459175,0.24887007,0.044451706,0.047246546,-0.46162745,-0.46493465,1.9496784,1.9488258,-0.26749012,1.8640181,47.44654,0.8095059,0.8136321,1.2296801,367.54413,345.24643,366.80548,359.93018,-54.193676,4.9248867,20.881624,41.61861,13.321089,25.440773,6.13234,29.138334,25.00503,23.523634,0.87207615,0.072110765,0.8899808,0.8295662,0.88620484,5.942828,9.453177,13.256976,2.939966,9.580889,-0.2621206,5.272061,1.8546324,-4.1885247,0.067754045,-6.4433947,5.6575055,-4.086153,-9.883188,-9.421829,11.730263,9.519835,15.353479,6.5377345,13.154671,0.06708549,-0.32721213,0.71258974,0.03140563,0.5346452,5.2330837,0.6036714,5.4766045,4.9091315,5.3951073,6.737935,0.3656961,7.144835,7.161471,7.170425,5.044606,0.6193359,5.4022565,4.9676347,5.207051,6.1223483,0.33353937,6.430849,6.1559496,6.382978,6.9833665,0.72038776,7.5634356,6.935792,7.195163,9.157798,0.52005947,9.419046,8.564344,9.031432,507.61987,16.062672,17.64577,24.888672,8.983035,9.092134,48.46142,30.492657,65.21661,25.824888,28.96468,11.371194,11.846803,16.404036,7.7374387,12.452471,21.712942,39.84733,62.921597,24.672188,46.955803,76.45661,9.137542,79.612686,68.39322,69.8742,466.7019,29.213398,550.3321,470.1901,478.78363,20.669153,2.2770648,22.307545,19.647755,20.243298,0.32866448,1.5812618,1.4993075,0.13916194,0.21552455,129.20442,13.566696,144.79791,119.68447,141.64986,0.6200781,0.59013474,0.9989301,0.475109,0.078609966,31.479671,9.0249605,37.06634,23.029215,27.238804,16.45325,4.9697733,17.865877,12.590391,12.509583,157.09305,14.608845,167.27922,135.9893,156.09775,110.86897,17.768785,124.74968,89.09653,107.493225,0.16547208,100.52596,24.453297,114.27892,80.02093,85.36663,529.51746,1.822276,-0.07437634,644.4719
1.5636826,3.102695,3.7663364,0.8661668,2.6503525,-0.89107555,-0.60726583,1.6117784,1.9384551,0.26751658,0.026971132,-6.3462176,-8.070444,-14.839367,0.18009728,-0.2185282,-0.019682381,-0.11779043,0.034855302,0.39350152,0.1253852,0.21590179,0.18439753,0.045638006,0.0486448,-0.49717036,-0.4518229,1.9552096,1.9508835,-0.30774313,1.9287995,53.812634,0.8688361,0.77453274,1.4799773,134.2901,258.098,343.25516,227.10352,-54.183956,4.658814,19.526522,37.405586,11.771723,21.037369,7.1787205,24.119806,16.380129,21.61632,0.9022613,0.059500717,0.9381116,0.8651841,0.8917557,8.049292,6.1778255,10.720936,3.45729,9.314453,0.117456764,7.6027236,4.132955,-4.3190055,0.16594855,-8.682873,5.517796,-3.5809102,-9.586553,-7.0993066,10.619418,5.4179463,14.715977,5.0503197,10.780431,0.07263094,-0.3699389,0.7402163,0.13845359,0.5058823,4.1373496,1.3641497,5.0375085,3.637206,4.1688704,6.9562798,1.3059248,7.494826,6.338666,7.1639814,3.9383214,1.1331986,4.697955,3.6115909,3.8757017,6.7158113,0.5118691,6.9890103,6.2634177,6.7205706,7.2617517,0.61076236,7.5490694,6.8133945,7.3689146,8.173755,2.1970735,10.066539,7.671465,8.763567,419.39337,21.617174,16.764853,29.1781,2.6995165,2.6743224,33.44461,30.498913,41.72591,12.343637,17.239302,14.753925,10.603917,14.245662,5.474065,7.5933995,64.06422,56.57344,89.02192,43.348442,63.403263,63.451454,12.265401,66.117004,60.651413,57.80298,412.35745,36.844894,404.82892,357.4747,410.26038,20.600424,3.8348534,21.661165,17.147974,16.474098,0.024795335,0.8470279,0.84408396,0.055595916,0.0074194027,143.29115,49.02559,144.15826,133.45642,139.24275,0.25203902,1.421571,1.4315023,0.15139428,0.0051559964,32.616974,8.48837,32.51065,22.75892,21.884497,13.236132,4.2881346,14.333829,9.858776,10.170299,136.20181,22.951769,145.43881,137.08228,134.08905,61.54261,41.406895,79.58182,34.20131,71.11324,0.18083985,89.09177,24.710037,90.9824,61.566826,61.575603,416.68912,1.819865,-0.0578955,599.13806
1.9907796,2.8779457,3.548075,1.2030724,2.7676628,-0.7526318,-0.7183585,1.4761164,1.8010801,0.2596895,0.014329801,-8.080348,-8.70147,-16.802307,0.19761412,-0.21774192,-0.026962623,-0.12502122,0.039136324,0.26992282,0.044951,0.22766936,0.23011597,0.038550198,0.038056675,-0.4681685,-0.47059622,1.9513516,1.9506165,-0.30530715,1.9003495,48.657623,0.799646,0.72648466,0.97749573,293.0578,286.10095,321.9342,294.8736,-54.181828,4.502302,19.647821,35.573017,13.003802,17.908333,0.83865494,19.101473,17.903563,18.446915,0.93440056,0.009698372,0.9352191,0.92175967,0.92810917,5.5370092,5.4388876,11.4499655,3.3081744,6.9275184,0.45194906,7.3711605,3.3507695,-2.6875987,0.19217293,-7.0229545,7.51174,-3.4907453,-11.245876,-7.3574057,10.825134,6.3049736,15.972234,5.740237,8.190823,0.05584906,-0.3651698,0.7066144,0.024847148,0.30383036,4.4328365,0.5013644,5.030067,4.3091335,4.51894,7.8541164,1.6011622,8.484008,6.7338524,7.126721,4.2609653,0.17523655,4.4152145,4.2704787,4.262714,6.6158,1.1241242,7.106216,6.085359,6.0611725,6.9895296,0.07921332,6.985923,6.939671,7.000356,8.555255,2.0847569,9.268949,7.377432,9.076556,413.35574,1.619846,3.2204401,6.9580197,0.077446334,0.30417445,2.885102,6.181674,6.8832593,0.4121568,1.726992,2.4920597,2.593063,1.9470606,2.0606065,1.942299,54.03621,29.386953,54.62515,48.946312,52.972576,54.52052,1.6529999,54.407566,51.699497,51.605755,396.6089,5.8334846,404.19846,406.10388,414.82248,14.158697,0.65879214,13.990722,14.6744795,14.27272,0.005171154,0.17542407,0.13195643,0.0064102574,0.0074466113,126.48357,17.508821,136.07169,123.12259,136.35631,0.087921575,0.31563845,0.20298932,0.014209976,0.0051559964,14.966423,0.9053847,14.76042,14.774401,14.7156725,11.865286,1.143797,12.334723,11.313693,11.476248,127.10557,4.3037868,126.90659,125.51104,132.26062,63.6985,5.4774055,67.71098,59.729942,71.074524,0.13696243,54.723812,6.309107,53.380848,53.249046,51.925903,415.4453,1.8394616,-0.05037934,508.40927
3.1291037,0.75346035,3.2274017,2.8874316,3.264833,-0.81149447,-0.7084092,1.511224,1.857575,0.25349757,0.020356301,-5.3461995,-11.03457,-15.459818,0.18405178,-0.20968932,-0.023220677,-0.11814838,0.036093872,0.34652823,0.04877024,0.23527099,0.2297181,0.038599104,0.042802025,-0.46682662,-0.46805918,1.9518261,1.950255,-0.29372978,1.88797,49.76509,0.8203974,0.773912,1.2007211,278.52194,314.7084,356.72916,314.68402,-54.186382,4.458867,19.857365,36.46225,12.985047,19.818834,1.9201666,21.57391,19.778313,20.569895,0.9149894,0.01594965,0.9151923,0.906764,0.913994,8.15773,3.4151778,8.628994,5.412687,7.6548414,-0.56217283,1.863806,1.6771846,-2.3893774,0.02332962,-6.4550242,2.336203,-4.5952325,-9.551042,-8.3775215,12.877689,3.1528654,13.073242,8.985021,11.824405,0.06352574,-0.35309324,0.7385038,0.044614088,0.4526863,4.545743,0.19202462,4.580004,4.415928,4.5375814,6.686687,0.40451226,6.60015,6.465961,6.656752,4.412341,0.16128144,4.4495835,4.324502,4.4319506,6.101056,0.08419696,6.3130765,6.1074796,6.082004,7.1515465,0.17228875,7.293055,7.1394153,7.294431,8.350024,0.48439127,8.48042,8.677386,8.631775,371.76813,4.9035816,2.6426115,7.4815345,3.5710876,2.5714118,12.434395,5.015747,14.224513,6.194338,9.14168,13.286099,3.4743102,15.169301,10.377696,12.07134,54.208755,24.61135,63.446114,39.24414,46.554825,56.242725,4.9511485,58.845818,55.899574,55.751186,358.7483,6.929625,361.9844,345.53207,352.9469,19.736631,2.1696758,21.377579,19.360487,19.443392,0.0020265006,0.027155966,0.019063683,0.005327148,0.0074194027,114.47372,4.663103,113.012115,110.73379,111.43976,0.09903324,0.11679141,0.14223927,0.005440708,0.0051559964,24.512526,4.772926,27.740198,24.614317,23.341938,11.297323,0.4414167,11.49808,11.186715,11.318532,122.628296,7.463322,123.79674,114.98526,119.80127,64.292,3.3808897,64.21287,62.24619,63.88537,0.1681948,61.6511,9.611768,67.01703,59.53187,58.712402,372.22778,1.8642862,-0.06486949,423.92987
2.2904294,1.2527676,2.9788635,1.7451259,2.7965024,-0.746061,-0.6900075,1.4480779,1.8057194,0.2808025,0.01086654,-6.1945615,-8.6173935,-16.095186,0.17857844,-0.22511989,-0.032742046,-0.120096266,0.04719234,0.25050327,0.048156083,0.21309586,0.2129949,0.039984904,0.04415601,-0.47137535,-0.4751535,1.9503223,1.9478952,-0.31078118,1.8943146,50.00132,0.34667554,0.7466601,1.0274421,282.36832,308.3605,364.76694,320.1685,-54.176487,4.4294252,19.501535,35.79092,11.291421,18.054781,5.9742746,23.080729,17.46995,22.08286,0.94396675,0.05192716,0.9346625,0.8909623,0.8966488,6.316961,3.8666525,9.23723,5.908115,6.6047144,0.14424771,4.736828,2.0186584,-2.2102695,0.5133678,-6.2349653,3.6367795,-5.9267683,-9.124702,-6.8394213,8.4846945,4.8365326,12.167109,8.179091,11.784521,0.057979345,-0.37714463,0.7502128,0.03075848,0.38434795,4.6469603,0.3428494,4.7214584,4.4648676,4.551602,6.424016,0.2695326,6.6510706,6.2743926,6.74797,4.2771716,0.27817124,4.408519,4.1334066,4.328847,6.1416035,0.2945883,6.331981,6.072401,6.0320125,7.0209255,0.7463576,7.702699,6.969235,7.6830964,7.5585713,1.0073525,8.075434,7.3405085,8.162001,368.07578,14.772448,12.234241,16.77341,0.90893227,1.062149,30.498793,20.448242,21.367413,0.8599197,1.4702816,9.743693,11.2692175,13.723659,4.364327,5.964859,42.42847,16.31426,56.95349,35.95126,39.90063,59.1703,6.232773,59.47215,53.314846,53.003796,330.44592,13.7842245,343.27713,332.7063,337.3182,19.142668,2.9741757,20.183514,16.211077,15.821009,0.434922,0.3397727,0.48006684,0.006372476,0.0074466113,101.809364,9.158722,103.522064,99.17986,109.579384,0.71555626,0.14265981,0.15429305,0.005982393,0.0051559964,26.994787,8.6823015,27.22428,17.814428,17.160576,12.428288,1.2948666,12.193343,10.737164,11.370689,107.97789,10.926815,113.62789,101.76503,109.744,65.99518,15.709688,71.47133,60.41632,70.662,0.19208494,80.24706,16.443607,67.63539,55.699898,55.21675,344.03036,1.8484205,-0.04803251,404.45322
2.416966,1.338396,3.0972497,1.4764484,1.8124661,-0.9401604,-0.5331903,1.5422121,1.9259602,0.26824245,0.013334996,-8.728056,-8.118357,-17.59443,0.18610094,-0.2184641,-0.026646031,-0.12746842,0.04274796,0.32581493,0.04505897,0.21758093,0.21228287,0.059834715,0.071549736,-0.5196672,-0.4677325,1.9534603,1.9490356,-0.31403226,1.9080411,50.64066,0.8350955,0.8236615,1.0300317,144.57933,253.58711,313.00815,219.29881,-54.16117,4.129675,19.943993,36.23243,13.152385,19.485079,5.6934457,22.832634,14.029739,20.77985,0.91849416,0.04119567,0.95235026,0.886351,0.91030633,5.9251947,3.1332874,5.5744762,4.534967,5.4598455,0.49952257,3.5309732,1.8449396,-0.6237528,0.43717572,-6.0807047,2.3263607,-3.5757942,-6.372482,-5.8920355,6.8945055,3.332563,9.195036,5.396973,9.872103,0.059320506,-0.3606327,0.76082796,0.0625569,0.30859467,4.281151,0.7186541,4.73766,3.9113472,4.6137238,7.8332143,0.8025315,7.889233,6.3534455,7.56386,4.091373,0.6761056,4.4432087,3.6813142,4.075512,7.002,0.63838965,6.788608,6.2318034,6.3288617,7.079284,0.6277085,7.433906,6.8746305,7.6151547,7.6242843,1.1105216,9.100179,6.923461,8.502872,392.42123,7.6350145,10.887503,14.243312,0.34824485,0.66432244,26.292496,69.90734,79.29556,12.452587,16.51077,17.031755,11.469008,12.213339,3.8472984,5.568231,105.3052,68.28078,158.46999,37.95757,108.95432,66.06649,12.985357,72.644226,57.367264,58.549084,469.0211,46.441753,371.41916,320.58853,380.10483,20.844,3.0972216,21.013374,15.562917,17.719969,0.053952463,1.3556838,0.9281869,0.009752168,0.007957427,167.92644,58.15375,186.13403,115.25268,160.81807,0.15329371,1.7246495,2.5460536,0.0059665074,0.0028936903,24.38567,7.97663,30.16175,15.939658,16.285002,11.12712,4.2876115,17.276924,10.042929,10.245831,213.34822,46.62017,264.78415,128.96295,178.83745,57.33364,47.340786,81.47392,46.161793,65.02855,0.1634634,75.720764,15.365555,89.23789,58.680347,55.582798,506.22272,1.8229738,-0.046049356,564.34515
1.8558652,1.0912062,1.9823254,1.2221963,1.7897702,-1.025394,-0.5769778,1.6680983,2.041778,0.24435945,0.027392978,-8.730329,-6.671261,-15.630502,0.1928515,-0.21674514,-0.01868925,-0.12231006,0.03322854,0.08595043,0.050591636,0.2279159,0.22739401,0.07737969,0.087143525,-0.5350874,-0.4705362,1.9577024,1.9449066,-0.30199456,1.915025,51.126312,1.1573259,1.0421629,0.9997233,108.74896,187.11546,275.93164,175.04997,-54.164986,4.0447264,19.722845,36.599117,12.746548,22.509094,6.270103,22.196604,18.799042,20.069468,0.8829874,0.05749347,0.9326448,0.8853791,0.9174473,8.242896,2.4731765,7.7240157,4.252852,6.780239,0.39003786,2.109846,1.4824584,-1.1650361,0.4357687,-7.214742,3.9559004,-3.7891347,-7.737403,-9.385559,14.392561,3.9375138,11.6513405,7.5830927,13.034694,0.07399545,-0.35256743,0.76889265,0.08400346,-0.017613288,4.060019,0.47226,4.2479563,3.9827428,4.2932105,8.295756,0.3563472,8.649628,7.1314716,8.2735,3.9712095,0.42119497,4.2017465,3.806717,4.0691643,6.2810416,0.5099886,6.6763434,6.34766,6.1515527,6.9098077,0.5124625,7.2755013,6.7862835,7.28961,7.7059755,1.106813,8.152805,7.06964,8.000236,367.59735,7.957157,4.2920413,3.4340818,1.8617288,3.0839434,18.524725,6.9559712,7.5860453,6.7170496,11.6078825,11.706937,5.7414007,11.433291,7.3940325,8.896821,98.74767,20.954117,87.23298,109.43315,105.77454,60.485622,10.259801,61.187817,55.9329,56.34238,309.68454,11.113491,393.93204,379.82245,375.5076,18.220535,3.9153078,20.020811,16.011618,18.160465,0.0009475537,-0.053931892,-0.06591006,0.0054385033,0.0073828255,142.34622,12.981732,153.08986,164.52396,155.15337,0.083004504,0.16883864,0.14223927,0.0060086,0.0051559964,20.960165,8.811818,23.562439,19.59179,19.73119,10.524197,2.98719,12.588209,10.110882,11.401183,162.47281,15.447491,164.99808,149.7095,188.53363,52.565792,10.694036,63.451595,49.318996,52.729527,0.16463955,62.166035,11.999405,66.448944,57.492435,58.76974,385.41696,1.8208396,-0.048400894,478.5569
0.87732315,1.0643187,1.8719133,0.8449827,1.6656773,-0.8397656,-0.6209997,1.4746212,1.8553092,0.2547111,0.027369339,-6.0972004,-6.6193323,-12.909558,0.17435229,-0.20605376,-0.01783019,-0.11004652,0.030897705,0.15850556,0.06913439,0.21927597,0.19854873,0.049540922,0.049530845,-0.46036664,-0.44969484,1.9529877,1.9485083,-0.29551136,1.9303946,49.941074,0.88238376,0.80545694,1.0506049,275.75925,279.02277,328.20544,293.33447,-54.19243,4.3735237,19.20564,36.56888,13.123984,21.638556,8.018999,28.961327,18.933445,22.549963,0.9071244,0.06638881,0.9138931,0.8506837,0.8845832,4.0614767,2.0909486,4.844288,2.1853483,4.030963,0.06606896,3.2723682,1.9518348,-1.2256254,0.44664732,-2.7563398,2.8851054,-2.3220425,-5.665737,-5.5927835,5.142948,4.305606,8.136817,3.5626142,7.040793,0.07073601,-0.35622403,0.77177775,0.044274647,0.21900164,3.9039931,0.9532012,4.381113,3.454204,4.077611,6.7318597,0.8798963,7.304831,6.4139585,6.9833074,3.8723743,0.9417753,4.2580295,3.5112891,3.8436766,5.9853554,0.6835734,6.9961057,6.2326407,6.349637,7.4376616,0.7674224,7.7935944,6.896998,7.4162583,8.355379,1.737068,9.394371,7.734583,8.247252,380.96848,12.165166,7.5875673,19.118769,4.0269103,3.876615,15.742052,16.453857,25.729029,9.0164,9.124829,14.065411,9.077892,16.766016,6.262015,8.026432,64.35296,38.24284,94.59116,44.407898,57.3853,68.66369,12.442199,73.2382,59.12713,56.804047,359.2844,14.183651,372.53027,321.05484,350.37427,20.235386,3.6366115,21.073305,18.966116,18.037182,0.014986079,0.20369257,0.41029647,0.05557366,0.0074194027,123.14893,15.420177,121.352684,115.23026,124.10846,0.1669186,0.49827757,0.7341193,0.077040166,0.0051559964,32.133472,9.430442,31.696194,27.264603,22.685863,12.9330635,3.5003965,14.888865,9.900315,10.954503,133.39041,18.863264,138.87393,126.02373,125.57313,56.46765,26.699791,55.64523,35.048977,59.173615,0.20379981,89.06646,19.77269,89.99257,66.24777,69.574036,350.8324,1.7895418,-0.05543428,491.17294
0.6624996,1.679062,2.5648067,0.80981845,2.0787659,-0.74186397,-0.7062871,1.4582053,1.8200314,0.25753298,0.0056636133,-8.956923,-8.326821,-16.327375,0.18240167,-0.21183307,-0.029430766,-0.11986726,0.040275194,0.18254845,0.046117898,0.23523389,0.23297606,0.045634728,0.049650393,-0.47866786,-0.47436336,1.950167,1.9443467,-0.28766298,1.8770753,47.303844,0.83019036,0.7792921,1.062733,300.90637,315.07477,326.6955,320.1601,-54.17999,4.7508144,20.115334,39.241837,13.113064,23.68842,7.609593,28.17977,22.565231,27.49934,0.81853896,0.06832543,0.8704135,0.82643104,0.8477662,4.9780636,2.8097117,6.77366,3.3778188,5.5009475,1.2131733,2.3693357,2.3330789,-0.18449323,0.57256985,-5.075179,3.061121,-4.406025,-7.5190625,-7.3140264,10.004321,3.9881985,9.34989,7.238933,10.34987,0.054370847,-0.367745,0.7366584,0.03671142,0.23899908,4.9230857,0.81127375,4.9260125,4.303812,4.5601335,6.6082244,0.5578764,6.875866,7.118383,7.158957,4.7000585,0.5143499,4.7367034,4.093037,4.462906,6.1081243,0.5068604,6.376115,6.3944044,6.586401,7.055353,0.8403516,7.5787883,6.8954244,7.5872793,7.2543344,1.9174258,8.81766,7.3315973,8.9437275,407.9252,16.104658,16.115316,12.777035,1.31389,0.7694488,40.29549,23.931038,46.871716,2.5855217,1.8847537,16.397789,13.002623,15.314044,4.283066,8.670014,41.365677,46.67228,72.4245,29.149471,43.896873,69.97951,10.236999,72.91497,63.785873,62.32253,407.7355,31.626719,394.82605,406.9384,421.40222,20.04468,1.8545043,20.4077,19.273998,19.127771,1.1628915,1.12829,0.81209296,0.0063644843,0.0074568684,120.656845,19.426954,130.62927,115.5949,124.95141,0.9260768,2.1447158,1.7269467,0.005998,0.0051559964,32.835644,11.390811,30.19535,18.721561,19.491299,15.9994,4.949728,16.067095,11.032484,11.529954,135.19168,16.78923,134.20273,117.10865,126.25022,81.382614,26.014189,94.29408,62.054813,68.86094,0.20985846,78.06657,17.118847,88.937775,64.2215,60.04792,431.92578,1.8221992,-0.051427778,498.808
3.578849,1.756711,4.75132,2.4571662,4.949033,-1.2298062,-0.56105816,1.5478272,1.9831616,0.24290103,-0.0012738216,-10.254708,-13.864711,-22.458702,0.1560603,-0.19935217,-0.03753593,-0.11887739,0.046750613,0.20881635,0.09554119,0.22106437,0.2173533,0.040858902,0.045346983,-0.49203032,-0.48805425,1.9506804,1.9471852,-0.31058466,1.8931141,49.384766,0.34412527,0.76023406,0.79166967,207.81618,302.043,361.66537,305.76575,-54.178772,5.023549,20.372711,38.64782,13.415338,18.734531,4.3656135,24.420475,17.750843,23.686508,0.9402137,0.028875846,0.9267822,0.8721411,0.8848161,10.397204,6.692459,15.710157,9.70559,12.23427,-0.65233356,4.8372717,2.5848486,-3.5041444,0.08445531,-9.077241,3.207984,-6.7961984,-11.139137,-12.083505,12.989054,5.6727505,16.671997,11.796901,18.79783,0.04680569,-0.3298736,0.6940887,0.1109365,0.17391786,5.8658323,0.55903584,6.225835,4.847004,5.3480535,8.174898,0.40617797,9.223348,8.472407,8.7578745,4.530624,0.49298373,4.979296,4.1665015,4.408577,6.1748695,0.34495908,6.952702,6.238347,6.8449345,7.158422,0.43311873,7.597454,7.0969605,7.588538,8.829739,1.0577456,8.876555,8.318301,8.908361,481.0223,12.321371,10.530408,14.4410515,1.6925796,0.9426519,24.518188,13.511026,48.20661,3.4416623,2.1350627,16.430668,9.738864,18.61285,5.4624805,11.374258,69.11322,35.09183,82.24667,53.966434,80.21281,65.45467,7.1652737,66.868484,61.740395,58.14126,643.4767,14.88104,550.238,541.29626,500.7364,20.076439,1.018027,18.978472,18.660921,18.476366,0.6287618,1.1652324,0.6084491,0.006387142,0.0074541466,164.06268,24.098583,197.85443,162.54709,171.94179,0.9814294,0.21929039,1.266748,0.006449653,0.0068033054,28.172468,8.329,33.269497,21.936646,22.194613,14.846545,1.8701583,12.525695,10.819507,11.728646,216.45961,31.61453,186.07835,169.5736,177.6564,115.989685,20.400988,137.288,68.8039,84.22034,0.122068845,77.29306,13.619675,75.35821,63.272297,61.060555,533.5162,1.8824265,-0.047729567,673.37195
0.49079067,1.2321767,1.6059842,0.8291369,1.8661356,-0.75072944,-0.71027875,1.4918017,1.8358943,0.24806736,0.01976355,-7.6729984,-7.8053226,-14.723188,0.18669933,-0.20614631,-0.021717181,-0.11262624,0.03602534,0.2572889,0.04170711,0.2400102,0.23623186,0.045534804,0.046500735,-0.46647027,-0.47020394,1.9507654,1.9501034,-0.298417,1.8877834,49.012314,0.81762487,0.76731145,1.0763134,303.15332,311.32144,322.2342,314.48444,-54.186134,4.5205464,20.017645,38.125233,13.3659725,18.256157,8.630634,26.48561,18.351902,26.041454,0.9318527,0.08274279,0.9284894,0.85587615,0.8609391,3.9602318,3.1428225,5.947138,2.0673523,4.715922,0.75786674,3.3172765,1.8410517,-1.7582662,0.41509348,-2.9881973,2.7889564,-2.8484776,-6.0572505,-6.1827035,6.771318,4.0366483,8.4551325,4.9553857,7.8549066,0.0636913,-0.35620978,0.7499346,0.034531366,0.3500871,4.628832,0.5742901,4.8045683,4.336891,4.5684857,6.5285664,0.24379823,6.7545705,6.18088,6.943979,4.5441284,0.49930748,4.6473784,4.175345,4.4853864,6.061992,0.30577567,6.3740544,6.07383,6.2561555,6.9373207,0.94906324,7.8638816,6.897131,7.735397,7.563379,1.0042243,8.256558,7.236722,8.170109,374.55084,17.988865,12.465843,19.279438,2.8438737,1.7799201,16.296885,21.254389,25.666355,1.991367,1.8847537,7.8631387,12.706947,13.6222,4.914728,9.343552,31.320436,40.029335,60.30241,26.833918,47.320892,72.431465,8.55289,71.28704,63.492764,63.423122,392.33127,17.479137,383.95935,376.60092,396.03552,19.583033,1.9123296,20.583555,19.808203,19.58814,2.5627131,2.0917575,1.7252122,0.006352827,0.0074542775,112.42391,13.333389,124.74958,109.13542,120.62574,1.2612702,0.7948604,0.7824987,0.005982866,0.0051559964,24.7554,7.237833,29.070137,25.517712,21.422503,18.206753,6.1469774,16.8286,10.997281,12.117025,113.81285,13.702203,130.59622,117.05662,121.53495,77.15711,30.45419,85.92863,61.948368,69.53632,0.22324395,88.462494,17.53765,81.26847,64.92339,64.914734,410.8682,1.7877834,-0.047660813,460.70135
3.2184503,1.3936194,4.038436,1.9526122,3.1356385,-1.3184856,-0.4890288,1.609024,1.969269,0.27256995,-0.0023658467,-9.504234,-9.46586,-18.741915,0.19017294,-0.22516099,-0.039085478,-0.13180287,0.04789679,0.18680331,0.07302561,0.20488031,0.1540518,0.05707634,0.08657188,-0.5156257,-0.47357807,1.9543374,1.9437243,-0.32240722,1.9135925,52.305458,1.0121554,0.8595393,1.0759399,195.3964,282.32138,343.29022,273.46036,-54.155945,4.4860516,20.253428,35.471455,13.237146,16.655048,2.1969435,20.099537,16.864588,18.815777,0.92822134,0.0033142515,0.9342097,0.92483944,0.9269766,7.23437,3.8351943,9.421842,5.6999207,6.4752574,0.15283395,3.403389,1.7479787,-1.2163941,0.41551068,-7.230044,4.834196,-5.506609,-9.205832,-7.369241,10.018436,7.5822167,11.528515,7.9587283,10.947487,0.040823318,-0.36056024,0.7201897,0.066018134,0.11935157,4.228221,0.2981656,4.6694036,4.029836,4.391017,7.532409,0.51924837,9.014409,7.313497,7.7361097,4.076356,0.3295699,4.3941803,3.9606967,4.02969,6.6167645,0.3522738,7.087424,6.570331,6.897281,7.2381186,0.2326058,7.573645,7.1388345,7.408508,8.589856,1.1702526,8.668051,7.7929187,9.0141115,416.16498,1.8067305,1.4447666,8.765641,1.2143863,1.4891845,25.349787,4.2167478,70.220406,1.3893323,2.3804884,7.182184,2.2328467,11.280719,6.183956,9.158786,78.67028,13.594546,99.88504,76.66047,89.277916,54.967175,4.625988,55.759315,50.64117,52.981586,432.73022,0.84375644,419.17957,353.02414,385.7687,18.225845,1.0628061,17.90071,16.171824,15.898497,0.0009475537,-0.056139573,-0.068680465,0.0058848634,0.0074466113,136.47597,19.151857,136.6397,130.16853,135.60078,0.09906607,0.12483983,0.14223927,0.011402575,0.0051559964,21.7065,3.7622056,21.391628,16.31017,19.701935,10.929844,0.71235955,11.256655,10.632605,10.921469,160.16347,11.902152,173.37894,151.06287,161.33672,55.522385,7.0127687,66.56475,50.415543,60.214703,0.14040004,60.70101,4.7256165,67.27528,56.933037,59.441563,459.80267,1.8882399,-0.04414347,494.45456
1.6843009,0.8444358,1.8388096,1.1377628,1.6367562,-1.030954,-0.56483525,1.5877095,1.9780556,0.28049704,0.020735288,-7.163224,-6.3208055,-13.208438,0.19891158,-0.22715275,-0.028726649,-0.1285532,0.04062018,0.28913277,0.08691822,0.22652163,0.2236795,0.052889165,0.061661154,-0.50417167,-0.47141865,1.9570364,1.952098,-0.30762568,1.9122876,50.75852,0.9893091,0.900664,1.2812659,138.41335,241.04665,288.6517,223.04738,-54.169243,3.971965,19.224592,32.559425,12.785115,19.149094,6.016448,21.09057,14.598464,19.44239,0.9200877,0.04550069,0.95757145,0.908557,0.92174906,3.9816923,1.3303094,3.7902102,2.520773,4.2014155,1.1202796,2.0575128,1.5546104,-0.4454795,0.43176877,-5.7926903,3.0289454,-2.8987994,-5.8788104,-6.089485,7.3219333,3.6706212,8.34315,4.1562595,7.7859664,0.06711199,-0.38728213,0.7787536,0.09038227,0.37563577,4.180624,0.35634795,4.3318086,3.9059649,4.2880692,6.463827,0.37750396,6.4585085,6.2493176,6.4412665,4.0248117,0.3759599,4.171274,3.7956479,4.073636,6.060966,0.30101985,6.4075503,6.044987,6.0481906,7.156361,0.21725705,7.266886,7.051876,7.2237635,7.530783,0.37974462,7.951869,7.4798064,7.598533,318.34488,0.47099957,3.5956054,0.77227396,-0.028094525,0.23722936,1.3562716,5.1250644,2.259423,1.0908333,2.0601943,6.882156,6.665431,9.2029,3.4213064,4.888187,37.700676,10.257825,43.17968,33.409073,38.72916,52.447754,6.1221685,57.683857,51.835987,51.74717,301.76694,6.764648,304.41586,299.04367,308.45728,16.813332,4.2393875,18.949081,14.67281,16.112513,0.0014335593,-0.053931892,0.047584638,0.0063891625,0.0081450995,96.37925,5.1133747,100.15739,94.0011,96.999886,0.09228074,0.12483983,0.29121754,0.00685461,0.0028108733,17.247831,5.481113,21.202879,14.530485,15.789413,10.16396,1.8397994,12.010517,9.95959,10.148628,98.423775,9.776729,98.93835,92.46891,101.21747,55.05655,13.95417,62.531723,46.373833,55.757267,0.17485526,53.15961,7.270099,59.59618,51.580997,51.816788,311.3184,1.836057,-0.050654337,366.80292
2.77318,2.209366,3.8227532,1.4732513,3.2217557,-0.7830708,-0.6994652,1.5678083,1.8952926,0.24844402,-0.009996246,-10.707486,-11.637551,-21.815836,0.16839996,-0.2013934,-0.044586755,-0.13137753,0.050899465,0.17052455,0.025373153,0.21785803,0.2102844,0.050492875,0.057384543,-0.51142055,-0.48967734,1.9525694,1.9506729,-0.32130912,1.8846673,49.45995,0.79155195,0.7941484,0.8801987,272.5581,283.349,338.88943,273.56808,-54.15921,4.906528,20.690166,37.622417,13.430134,18.395239,2.2335231,21.250011,16.754179,20.417484,0.9176046,0.016701298,0.931856,0.90874434,0.91291684,7.173053,7.388772,14.135667,4.9754763,8.744849,2.561093,4.7859917,1.860492,-1.3091179,0.3444091,-8.742759,5.0364246,-8.045939,-10.758177,-9.470128,10.718166,7.975593,17.67141,8.731617,14.168615,0.036361195,-0.34162354,0.7102393,0.039095134,0.05533856,5.697758,0.75491184,5.402011,4.6209483,5.3333044,7.5865593,0.47182,8.994736,7.26961,8.347582,4.434811,0.45127237,4.7911787,3.982355,4.404536,6.542471,0.58538646,6.993022,6.2901073,6.86697,7.0742364,0.72673655,7.4823456,6.7645354,7.3615284,7.8953238,1.4351175,8.567624,7.3645773,8.391442,454.92294,8.454644,6.9196706,13.227701,1.5469835,2.1389139,54.574795,14.068947,67.05021,14.111296,16.214514,14.506177,5.8730536,13.285799,6.0404263,8.896334,101.6724,78.28019,137.68008,39.321754,109.84178,60.184227,8.318567,66.56581,54.283997,58.633896,544.7883,12.09412,471.5043,464.6126,454.93427,18.48461,2.3413227,18.94317,16.544228,17.157784,0.018136263,2.821834,3.720514,0.006372476,0.0074466113,146.72769,26.070576,193.15585,130.0295,173.04285,0.23745818,2.084435,2.7356455,0.005989834,0.0051559964,26.30272,4.327186,27.787714,17.46771,20.0734,12.045266,3.9837418,15.393519,10.760345,11.377741,228.23505,16.332718,241.23575,169.0464,204.95743,95.43555,39.66724,124.58367,66.403984,82.905304,0.1547686,70.685684,7.780146,73.0072,61.51644,64.22581,583.8423,1.8924316,-0.034956496,677.7069
3.2184503,1.3936194,4.038436,1.9526122,3.1356385,-1.3184856,-0.4890288,1.609024,1.969269,0.27256995,-0.0023658467,-9.504234,-9.46586,-18.741915,0.19017294,-0.22516099,-0.039085478,-0.13180287,0.04789679,0.18680331,0.07302561,0.20488031,0.1540518,0.05707634,0.08657188,-0.5156257,-0.47357807,1.9543374,1.9437243,-0.32240722,1.9135925,52.305458,1.0121554,0.8595393,1.0759399,195.3964,282.32138,343.29022,273.46036,-54.155945,4.4860516,20.253428,35.471455,13.237146,16.655048,2.1969435,20.099537,16.864588,18.815777,0.92822134,0.0033142515,0.9342097,0.92483944,0.9269766,7.23437,3.8351943,9.421842,5.6999207,6.4752574,0.15283395,3.403389,1.7479787,-1.2163941,0.41551068,-7.230044,4.834196,-5.506609,-9.205832,-7.369241,10.018436,7.5822167,11.528515,7.9587283,10.947487,0.040823318,-0.36056024,0.7201897,0.066018134,0.11935157,4.228221,0.2981656,4.6694036,4.029836,4.391017,7.532409,0.51924837,9.014409,7.313497,7.7361097,4.076356,0.3295699,4.3941803,3.9606967,4.02969,6.6167645,0.3522738,7.087424,6.570331,6.897281,7.2381186,0.2326058,7.573645,7.1388345,7.408508,8.589856,1.1702526,8.668051,7.7929187,9.0141115,416.16498,1.8067305,1.4447666,8.765641,1.2143863,1.4891845,25.349787,4.2167478,70.220406,1.3893323,2.3804884,7.182184,2.2328467,11.280719,6.183956,9.158786,78.67028,13.594546,99.88504,76.66047,89.277916,54.967175,4.625988,55.759315,50.64117,52.981586,432.73022,0.84375644,419.17957,353.02414,385.7687,18.225845,1.0628061,17.90071,16.171824,15.898497,0.0009475537,-0.056139573,-0.068680465,0.0058848634,0.0074466113,136.47597,19.151857,136.6397,130.16853,135.60078,0.09906607,0.12483983,0.14223927,0.011402575,0.0051559964,21.7065,3.7622056,21.391628,16.31017,19.701935,10.929844,0.71235955,11.256655,10.632605,10.921469,160.16347,11.902152,173.37894,151.06287,161.33672,55.522385,7.0127687,66.56475,50.415543,60.214703,0.14040004,60.70101,4.7256165,67.27528,56.933037,59.441563,459.80267,1.8882399,-0.04414347,494.45456
3.6121895,2.332864,4.0176163,1.7391208,3.7548804,-0.832415,-0.67625284,1.5899411,1.8902136,0.25084352,0.010379675,-6.0989985,-14.494342,-22.253729,0.16521327,-0.2065426,-0.032989476,-0.118915655,0.045258503,0.2253958,0.07300211,0.22498731,0.21141826,0.04069282,0.044962313,-0.4944173,-0.4856771,1.9508405,1.9483709,-0.31291148,1.8903353,48.804993,0.84676105,0.7928513,1.0408332,273.78595,314.3193,354.55112,311.1718,-54.17745,4.6516194,20.54498,37.358364,13.053333,19.359865,2.0142577,21.367008,18.365103,21.484974,0.9150641,0.0129930135,0.9083649,0.89408875,0.90555245,9.817535,9.371931,13.584445,5.762521,8.51845,-0.42841092,6.068719,2.863262,-4.2180796,0.12336561,-8.781948,6.1109815,-4.8801913,-12.207368,-11.034295,14.324968,8.182816,15.361787,7.178835,15.962386,0.05303601,-0.340931,0.6970109,0.10139438,0.22546647,5.5804315,0.43935427,5.7901955,4.645571,5.139316,7.102913,0.52228945,7.6673975,7.0115957,7.765067,4.3600063,0.42127526,4.9607463,4.1581697,4.647457,6.4958763,0.41979927,6.3467183,6.142793,6.844402,7.274951,0.37048218,7.67064,7.0909667,7.48282,8.598501,1.1329995,9.1631565,8.464346,8.457571,465.8988,7.9291697,10.794929,20.772484,2.7544367,2.3053615,28.255621,18.911444,56.12153,7.000565,6.1444025,17.752644,13.27853,17.861963,7.0435457,9.260703,80.33801,58.923843,86.743095,37.89268,68.719444,60.91478,6.138014,64.09136,55.454086,55.985603,553.2833,22.70272,500.43777,445.44244,452.57034,19.63528,2.1721523,19.637012,17.759195,19.25222,0.0020265006,1.3391507,0.7624972,0.0037285252,0.0074194027,144.34108,21.925964,179.7863,113.75501,144.09993,0.30042255,0.14448385,0.1400527,0.005468046,0.0051559964,28.286427,10.902681,38.672085,20.226055,21.82216,11.286969,0.8882504,11.85051,10.756169,10.925154,199.30685,42.07719,167.99997,139.26712,152.91795,94.92524,22.781738,138.96466,64.22478,86.81439,0.12284135,69.28035,13.661405,79.28306,61.633446,62.672672,510.12723,1.8937929,-0.059390057,616.5284
1.9812146,1.5554612,3.4445865,1.4241028,2.8742442,-0.7682225,-0.6816364,1.5389152,1.8759276,0.23822987,0.011269832,-9.067864,-10.20466,-18.765547,0.16771203,-0.1968455,-0.025353957,-0.1170058,0.041173663,0.18873772,0.037029,0.22360334,0.22810525,0.044980764,0.050428208,-0.4940574,-0.4785202,1.9503376,1.946614,-0.30670226,1.8886845,48.352516,0.33370695,0.7415321,0.8601356,264.5415,298.54507,374.6995,300.99432,-54.18132,4.5782933,19.982893,38.099457,13.427689,18.75634,5.8898935,24.737883,17.116611,24.154314,0.9216457,0.054686822,0.9384409,0.87560266,0.8801745,4.292761,6.924809,11.856712,3.7428927,7.65569,0.7652755,5.1943173,1.6806681,-2.4064186,0.010326881,-4.4253235,6.002631,-3.125666,-8.808776,-8.252357,6.1986294,9.564871,15.15836,4.761781,11.800503,0.059487313,-0.33959222,0.74469095,0.03448486,0.085489646,4.992082,0.86892706,5.229355,4.3077917,4.688686,6.9504156,0.46014497,7.597353,6.2671285,7.4183526,4.3938346,0.6234271,4.8177114,3.925268,4.379914,6.4242187,0.39933228,6.373426,6.2141833,6.722562,7.0820165,0.91312283,7.7534003,6.8654284,7.757645,7.5359178,1.3924426,8.519547,7.0158243,8.355382,400.26324,18.43412,16.027405,25.221918,2.7964554,1.8008769,57.747005,28.035715,49.452408,13.486838,16.077986,17.48773,14.289636,17.075771,5.6877847,8.024292,93.67925,81.869125,148.83842,40.48862,106.810776,69.52203,11.477681,71.955925,59.67422,61.766483,492.81046,26.944084,430.3313,375.46622,425.79974,21.66926,2.8904371,21.727488,18.73914,18.898912,0.4965982,1.32982,0.79605526,0.006372476,0.0074466113,153.52525,24.278175,161.35907,127.58536,157.14977,0.7568554,0.6401186,1.1002706,0.005982393,0.0051559964,29.20742,9.699537,34.515854,24.127842,20.286943,13.800865,3.4716082,15.693825,10.669202,11.87635,206.31718,21.400259,241.19635,140.6439,178.05888,80.94356,50.19551,95.52199,61.003967,73.13339,0.20334543,90.45205,20.367138,87.46844,61.631084,61.527676,529.1636,1.8122095,-0.044421617,608.1379
2.5777597,2.7645695,4.613348,1.4779093,4.019945,-0.84718627,-0.6996178,1.5774109,1.9301504,0.24349624,0.01814994,-8.654078,-12.100159,-19.854792,0.17705446,-0.19677126,-0.024517195,-0.12273808,0.040368766,0.14963461,0.10630611,0.2254928,0.20673919,0.049823225,0.057651106,-0.51269853,-0.48563907,1.9506704,1.9510657,-0.30944598,1.8895214,50.143032,0.913092,0.7966846,1.2200863,307.83466,311.57562,342.74326,297.06543,-54.15817,4.7932677,20.549858,40.81481,12.503636,21.456217,3.934094,23.802462,18.027573,21.549458,0.916504,0.027319921,0.9131901,0.8719546,0.90444785,7.8451056,9.380738,15.613775,3.5865364,10.0461035,0.98950833,8.825216,3.6149993,-4.1482806,-0.058504175,-8.157584,6.287611,-3.86802,-12.315194,-9.136286,11.948035,10.558934,19.033905,5.482634,15.483315,0.059191134,-0.35282627,0.7182144,0.122131154,0.027146153,5.1412973,1.6127485,5.478032,4.088262,4.7266273,7.0648417,1.6487286,8.661398,6.251765,7.5027237,4.3881135,1.359247,5.324808,3.9759343,4.549715,6.636592,1.2127122,7.0701017,6.1473126,7.0122,7.2626853,1.2679262,7.6139855,6.7369227,7.3591356,8.031263,2.4708357,9.988193,7.2127767,8.990972,463.70322,8.693586,18.968643,18.753975,2.2046945,3.2976491,27.140778,37.435898,69.43892,16.689377,22.433935,16.799137,12.869314,19.241407,4.631149,9.445626,124.55873,97.98909,152.3391,34.604618,114.58656,62.966656,15.389666,72.25945,62.158592,58.359985,565.6107,49.15285,530.79926,406.7672,468.01685,18.844862,4.4873195,21.545097,16.99952,17.78019,0.053715114,0.9605647,0.5460678,0.04662331,0.0074194027,167.99857,58.288097,147.26105,123.54132,166.8221,0.34125078,1.5062242,1.9288613,0.18083215,0.0051559964,25.873653,10.030634,34.17124,25.429472,21.10897,12.899289,6.5716405,14.596516,10.802368,11.6470995,232.20688,34.081497,194.12881,158.25374,196.13322,83.49561,52.524666,123.36673,62.812813,85.01475,0.1662117,71.957664,28.63414,94.09565,57.288376,57.332123,547.50507,1.8542325,-0.05301051,679.5048
2.3740234,2.8699472,4.465798,1.2409793,3.3349805,-0.82019347,-0.6374979,1.539327,1.8726156,0.24011195,0.012962425,-5.631036,-11.727059,-18.378944,0.17171632,-0.20106366,-0.020386048,-0.11205367,0.036077473,0.17687869,0.054216433,0.24108571,0.23943554,0.04621208,0.04994336,-0.46556136,-0.46945587,1.9483829,1.9418747,-0.27889276,1.8796152,49.431427,0.9386455,0.8298276,1.120488,308.9358,322.0253,351.49155,349.29324,-54.18992,4.9377437,20.172112,38.69108,12.896816,19.493244,5.6189156,25.71105,19.95531,25.625214,0.87176186,0.040949266,0.8970458,0.8657841,0.8586536,8.574171,7.7443867,10.824121,4.540652,8.351609,-0.31142426,6.3267875,2.6237144,-3.9002347,0.30560574,-8.422654,6.0849247,-4.8754725,-11.046316,-9.502419,15.343438,9.557041,14.461367,7.0038276,14.041246,0.061023924,-0.33587047,0.7088983,0.040007036,0.23760438,5.067562,0.77020484,5.3042517,4.35694,4.928036,6.7091665,0.5216177,6.880626,7.1511874,7.0488143,4.643049,0.60186493,5.1071267,4.219984,4.8503075,6.1753836,0.38576818,6.35563,6.330713,6.608687,7.245801,0.7506165,7.7723556,7.012592,7.4712977,8.008578,1.758861,9.279542,7.949168,9.513747,447.29633,20.854036,20.418047,18.533545,1.854401,2.4414048,53.160126,33.20159,61.12221,4.928851,5.0592904,21.603525,17.0297,18.844751,5.9159946,7.6279597,60.52622,59.9178,82.9151,32.952274,45.118607,68.70902,10.513807,73.38996,62.29724,59.719807,423.51138,41.53246,421.565,457.06406,454.86484,20.40948,2.3082902,21.065302,18.770618,18.99804,0.022099992,0.40546128,0.33720404,0.003654053,0.061864678,129.46635,15.572225,135.79489,125.3108,123.01247,0.17686157,0.5294498,0.7519406,0.0051030605,0.0051559964,35.6485,14.406968,37.221264,19.112305,19.85506,13.828013,3.519109,14.927762,10.994202,11.761669,154.63316,20.91335,153.33101,118.909515,136.01076,81.64815,28.549475,90.91716,62.210304,82.21897,0.1955936,79.24896,20.995707,97.45917,64.1963,60.208313,451.46323,1.8376443,-0.07021787,526.15265
1.4955992,0.14434084,1.6541598,1.3564713,1.6034018,-0.74675584,-0.7129307,1.4594393,1.7884263,0.26590595,-0.0052647027,-9.544926,-8.784456,-18.37055,0.18163146,-0.22441779,-0.04720686,-0.13565764,0.05079439,0.24443291,0.031647667,0.22249773,0.21584249,0.03743705,0.03865868,-0.48039085,-0.4795259,1.9526305,1.9520543,-0.31302956,1.9020928,49.60366,0.8021489,0.76789296,1.0377812,286.23947,293.3768,325.87482,298.928,-54.17173,4.089065,20.077387,34.978455,12.851208,17.668194,-0.076204,17.879501,17.819029,17.85715,0.9326626,-0.0002775431,0.93356997,0.9365494,0.93361664,6.6136355,1.1645757,8.316032,5.4460964,7.411143,0.4594396,3.6900403,2.086087,-1.3955348,0.4454338,-6.878259,3.8739278,-5.7442884,-9.886662,-7.198182,10.579774,2.3067791,11.808694,8.288896,9.071497,0.034704942,-0.36017665,0.7249418,0.023254143,0.2809312,4.2993693,0.1995915,4.393249,4.3250556,4.4766736,10.367292,0.3176213,10.650443,10.440582,9.505512,4.245427,0.052267127,4.1998363,4.234679,4.224693,5.9861565,-0.04019151,6.0817647,6.0926023,6.018148,6.9921484,0.030608695,6.96456,6.9896207,6.974653,8.191932,1.0395699,8.862755,7.779136,8.907674,361.4045,-0.0036425935,0.34892124,-1.0915607,0.11931403,0.33099872,-0.42913306,2.4671414,-0.008618848,1.3012487,1.580805,1.3446925,-0.22037652,1.9206848,2.0163257,2.1960962,83.169014,17.370317,85.103195,83.181274,103.8843,50.63127,-0.48252562,50.197506,50.2414,50.134975,369.99554,-1.2806021,373.60974,376.629,364.17496,13.963028,0.17937683,14.1409445,14.083373,14.300749,0.0009475537,-0.053931892,-0.050610416,0.006372476,0.0074466113,142.2,-0.70285386,156.05676,148.42769,151.26215,0.089235544,0.11929181,0.20233925,0.005986149,0.0051559964,13.93144,-0.0067983856,14.969014,13.8660965,14.185599,11.232328,0.1784897,11.300484,11.19636,11.166344,163.90529,3.1229088,154.10867,163.61678,155.98027,61.05111,0.5424592,59.445198,59.373173,61.612366,0.124265574,49.974426,0.60165155,49.54597,50.037518,50.16954,372.634,1.8689849,-0.045740448,421.02884
2.031219,3.2925403,3.6231215,1.2427025,3.0747209,-0.74522495,-0.6826384,1.4632524,1.7951813,0.24613753,0.015784612,-9.813744,-8.974065,-18.708643,0.18786345,-0.2154373,-0.022502987,-0.123435974,0.037912093,0.33135334,0.03139899,0.22783893,0.22968994,0.03839659,0.037207685,-0.4626525,-0.4704004,1.9505006,1.9402666,-0.2985031,1.8951893,48.31078,0.8009322,0.7029748,0.90331495,291.19342,282.7863,328.99097,291.0302,-54.183212,4.502302,20.02248,35.522766,12.778375,19.600803,0.008280981,19.461163,20.342459,20.305489,0.9325287,0.0027525919,0.92335916,0.91998994,0.9169235,8.146175,6.338264,13.431377,4.9225626,8.328128,0.42685968,7.8860397,3.4634385,-2.5370328,0.27749735,-8.349397,8.459431,-4.1067696,-13.323227,-10.317513,15.996861,6.655871,18.037352,7.9946246,10.740674,0.05605842,-0.35115415,0.7103854,0.052549347,0.27108365,4.4575534,0.71013004,4.7617803,4.318867,4.545541,9.075079,1.3360903,10.048091,7.8908424,8.471451,4.241098,0.21333633,4.374944,4.169329,4.272411,6.732753,1.2825301,7.1244287,6.366824,6.1340322,6.916862,0.22228299,6.949979,6.797049,7.0227385,8.653888,2.5201583,9.259682,7.316962,9.254432,435.79056,6.180866,4.5556936,6.8028975,2.8110259,4.5571494,32.086933,5.8116536,9.364496,23.978693,20.669582,4.214947,4.1597056,2.1524754,5.3692646,3.9361722,113.46432,38.89714,93.03442,131.6117,126.7868,57.042706,2.609939,54.7614,53.26395,54.549316,390.57254,11.26455,420.2471,437.69394,454.76498,14.844456,0.44138178,14.019772,14.744854,15.038056,0.005171154,0.17542407,0.13195643,0.0054664,0.0073727346,165.56418,27.983736,168.29852,159.09631,175.89459,0.087921575,0.31563845,0.20298932,0.014209976,0.0051559964,17.924923,1.9111502,16.069738,18.65717,19.100807,12.091341,1.2364845,12.408474,11.28533,11.676966,181.11795,6.7048645,174.55644,172.30927,175.3264,62.44997,6.2507677,65.18085,59.871246,68.39975,0.1213605,57.068356,7.384788,54.547222,55.961056,55.77455,473.33853,1.8332798,-0.052491244,551.86664
1.669476,2.667204,3.4716833,1.1173313,2.9067879,-0.801652,-0.7137977,1.5080916,1.8622895,0.25790653,0.024891783,-7.5759816,-10.583794,-16.493336,0.18759649,-0.21497907,-0.02154135,-0.12022241,0.037959073,0.37281114,0.10149557,0.23983876,0.2204611,0.042314142,0.04266589,-0.47556928,-0.47042364,1.9520779,1.9522442,-0.2930501,1.8865921,49.446827,0.82118154,0.79420155,1.4017732,323.27795,324.56296,345.2881,344.61154,-54.182335,4.7121887,20.122606,39.037296,12.370749,20.571333,5.234454,23.407593,17.857178,21.556713,0.92237306,0.03768054,0.9251206,0.88393295,0.8983241,7.7512784,8.937279,10.981159,3.1718736,8.236421,0.80410033,9.430306,4.1744847,-4.2633653,0.1512687,-7.7414255,6.8573475,-3.7331123,-10.24766,-7.1712055,13.40509,7.5683484,15.533934,5.712394,11.71849,0.06301995,-0.36255464,0.71618706,0.11704318,0.4826779,4.8676386,1.4233408,5.2297535,4.0683036,4.5486264,6.931128,1.2003903,7.8895884,6.257693,7.035398,4.472309,1.1573095,4.9267454,4.098443,4.4508996,6.547918,0.6403086,6.9400725,6.2861404,6.549329,7.118665,0.77594906,7.5527005,6.8489356,7.41317,8.093902,2.8926704,9.9435,7.3277483,9.388367,425.80014,6.0339518,10.792759,15.69965,3.436765,3.0894938,16.379313,37.36245,35.282234,6.9691486,10.606317,9.626976,15.985954,19.205927,4.142498,7.624837,54.54185,60.852573,83.15198,30.938694,56.85764,65.00112,11.2696705,68.478584,58.580437,55.253365,424.72266,39.616623,429.52942,377.21686,426.02753,18.97364,4.3493123,22.224949,17.195908,18.920675,0.027667483,0.6525417,0.41683438,0.063125774,0.010944161,136.85977,53.356617,134.27853,122.04775,130.29416,0.32315227,1.4328811,1.7432195,0.20518689,0.0051559964,24.494862,12.2566595,34.405552,22.81873,21.11407,13.207391,4.682134,13.936768,10.875843,11.537972,133.31612,29.667423,140.12112,129.89053,130.59665,68.79868,41.423622,90.84479,60.14535,81.03837,0.18801293,66.04422,27.053799,80.14344,55.765285,56.71653,468.65353,1.8467164,-0.058279376,554.73413
3.1640768,1.971097,3.955667,1.7600716,3.313282,-0.77599514,-0.68441385,1.5311992,1.8659352,0.2695902,-0.0068553756,-10.064752,-10.725661,-18.927855,0.17453364,-0.22562063,-0.04548331,-0.13310774,0.04736125,0.16351512,0.043133676,0.22134782,0.2123473,0.045861017,0.052040815,-0.49443904,-0.48346975,1.9535098,1.9509256,-0.31377104,1.8884869,50.16383,0.7901804,0.81126493,1.0437669,266.67233,279.98334,328.16232,275.2251,-54.16888,4.506398,20.166592,36.019295,13.250902,17.869766,1.7115209,19.760592,17.19834,18.844706,0.92333776,0.01091629,0.9317864,0.9201796,0.92570174,8.554609,4.45917,10.036902,5.8047695,6.994133,1.9168794,3.053282,1.8777536,-0.43479165,0.81585354,-8.73642,2.0236459,-8.1559725,-10.032294,-8.813891,11.600031,4.5942554,12.948663,10.25773,12.606031,0.040607076,-0.35822397,0.718123,0.037671477,0.10249373,4.40229,0.2713495,4.611485,4.307924,4.8090024,7.6319213,0.5199888,8.97451,7.497604,7.8089423,4.272499,0.12097904,4.342353,4.1167917,4.3125486,6.2938685,0.2924574,6.982773,6.2032175,6.62903,7.099792,0.27729255,7.4483514,6.94038,7.2197366,8.446599,1.3933326,8.839915,7.771273,8.309833,407.02185,1.7767359,5.449,5.0455747,1.0963702,1.9689101,27.125608,4.5518847,20.64994,2.479436,2.3804884,8.618916,3.077485,11.446662,5.9402504,8.22307,69.5677,20.140951,83.35072,55.76919,79.398315,50.96117,2.7689035,50.25722,50.268406,52.326027,415.32385,1.5085151,416.14075,408.35196,388.47162,16.358925,1.3532482,16.78919,15.8057375,15.059551,0.014123665,2.2402892,4.2996516,0.006372476,0.0074466113,145.09554,11.702709,146.44675,131.69794,138.08145,0.21730354,1.5058806,1.7395446,0.005989834,0.0051559964,19.401094,2.6180534,21.119053,15.234227,19.60484,11.434871,3.6341956,15.8026905,10.754744,11.05182,174.79999,6.495068,161.89888,156.41786,155.18901,63.73952,3.2285492,64.59314,59.47295,68.791695,0.13435136,55.178528,4.2354507,55.676205,57.144627,61.34175,435.63367,1.8693098,-0.043979008,482.2164
1.4955992,0.14434084,1.6541598,1.3564713,1.6034018,-0.74675584,-0.7129307,1.4594393,1.7884263,0.26590595,-0.0052647027,-9.544926,-8.784456,-18.37055,0.18163146,-0.22441779,-0.04720686,-0.13565764,0.05079439,0.24443291,0.031647667,0.22249773,0.21584249,0.03743705,0.03865868,-0.48039085,-0.4795259,1.9526305,1.9520543,-0.31302956,1.9020928,49.60366,0.8021489,0.76789296,1.0377812,286.23947,293.3768,325.87482,298.928,-54.17173,4.089065,20.077387,34.978455,12.851208,17.668194,-0.076204,17.879501,17.819029,17.85715,0.9326626,-0.0002775431,0.93356997,0.9365494,0.93361664,6.6136355,1.1645757,8.316032,5.4460964,7.411143,0.4594396,3.6900403,2.086087,-1.3955348,0.4454338,-6.878259,3.8739278,-5.7442884,-9.886662,-7.198182,10.579774,2.3067791,11.808694,8.288896,9.071497,0.034704942,-0.36017665,0.7249418,0.023254143,0.2809312,4.2993693,0.1995915,4.393249,4.3250556,4.4766736,10.367292,0.3176213,10.650443,10.440582,9.505512,4.245427,0.052267127,4.1998363,4.234679,4.224693,5.9861565,-0.04019151,6.0817647,6.0926023,6.018148,6.9921484,0.030608695,6.96456,6.9896207,6.974653,8.191932,1.0395699,8.862755,7.779136,8.907674,361.4045,-0.0036425935,0.34892124,-1.0915607,0.11931403,0.33099872,-0.42913306,2.4671414,-0.008618848,1.3012487,1.580805,1.3446925,-0.22037652,1.9206848,2.0163257,2.1960962,83.169014,17.370317,85.103195,83.181274,103.8843,50.63127,-0.48252562,50.197506,50.2414,50.134975,369.99554,-1.2806021,373.60974,376.629,364.17496,13.963028,0.17937683,14.1409445,14.083373,14.300749,0.0009475537,-0.053931892,-0.050610416,0.006372476,0.0074466113,142.2,-0.70285386,156.05676,148.42769,151.26215,0.089235544,0.11929181,0.20233925,0.005986149,0.0051559964,13.93144,-0.0067983856,14.969014,13.8660965,14.185599,11.232328,0.1784897,11.300484,11.19636,11.166344,163.90529,3.1229088,154.10867,163.61678,155.98027,61.05111,0.5424592,59.445198,59.373173,61.612366,0.124265574,49.974426,0.60165155,49.54597,50.037518,50.16954,372.634,1.8689849,-0.045740448,421.02884
3.22841,1.4222969,3.418957,3.0046675,3.5520895,-0.8115886,-0.6959734,1.4972978,1.8586549,0.27733806,0.01412505,-3.8941798,-11.821228,-16.568565,0.1866476,-0.22023009,-0.031778626,-0.12251994,0.04979764,0.36250302,0.04207853,0.21684578,0.21203227,0.03803106,0.04227323,-0.47354713,-0.47327974,1.9522951,1.9504149,-0.31505066,1.8786914,49.798607,0.8042583,0.7642815,1.1798108,292.14218,320.23038,351.48312,324.72363,-54.17488,4.5399375,19.592104,37.295734,11.750848,21.699682,1.6377386,22.227879,19.268003,20.141285,0.9060332,0.016683249,0.9140261,0.9047777,0.9173971,10.113244,7.4330397,11.46273,8.183424,10.023113,-0.23183665,4.059737,1.9344847,-3.6823096,0.21916397,-10.239327,3.5137498,-10.311651,-11.423163,-9.849831,14.270305,3.4716468,15.451382,13.580506,15.563394,0.05599908,-0.37570935,0.72537863,0.032216474,0.5170907,4.708978,0.20088139,4.777102,4.5857334,4.7912645,6.322554,0.22977242,6.4093914,6.115897,6.893144,4.4482,0.1864231,4.726619,4.34594,4.5255957,6.1025915,0.16656573,6.287426,6.0596704,6.1080327,7.125898,0.27122828,7.3184013,7.0521674,7.139102,8.173967,0.38312003,8.200999,8.488209,8.353256,379.42987,3.7498138,3.2290967,5.8051357,2.79958,2.6651218,15.038498,5.0036435,17.959074,6.4211683,9.305209,13.077484,7.3694305,14.668215,7.7643065,12.116981,47.735985,21.878464,67.499695,34.208447,38.55758,61.392044,4.871962,61.75166,59.587673,59.671425,365.99994,8.6236315,362.3459,342.87326,350.47397,18.926193,2.1365685,20.417131,18.970299,19.143045,0.0020265006,0.046218447,0.041986164,0.00328081,0.0074194027,100.4975,11.448439,105.02774,100.076416,107.091095,0.103790075,0.11679141,0.14223927,0.0047932914,0.002588697,23.414917,5.678054,27.316847,23.610449,23.576231,11.583453,0.6204714,11.484994,11.112283,11.000638,109.34556,8.721968,111.74906,106.47743,111.38074,69.15362,5.3597627,77.69922,67.935356,74.184265,0.16183503,65.2454,9.554202,70.05927,60.7503,60.65092,350.0254,1.8813384,-0.06363892,412.54208
1.5865173,0.05484175,1.5989053,1.5872465,2.0222476,-0.7818887,-0.71394587,1.5117666,1.846768,0.24301353,-0.036327284,-14.0293865,-10.33811,-24.290651,0.12281484,-0.20434736,-0.074813485,-0.13665989,0.07625105,0.17699301,0.017807994,0.2246274,0.22052407,0.042361468,0.045281548,-0.48320568,-0.4792849,1.9528495,1.9516588,-0.29256007,1.8754388,46.63971,0.8034301,0.7748184,0.9995508,278.51898,310.59055,341.72763,309.75034,-54.172688,5.1128893,21.709015,39.168293,13.783063,24.977823,2.8752282,27.65288,24.292347,24.529942,0.8792847,0.027677596,0.86672324,0.8385863,0.8800453,7.4611545,1.230273,8.361335,7.0295997,8.22014,0.45571968,0.671938,1.9435247,-1.2809159,0.56493455,-7.172252,2.1417727,-6.4796515,-8.295875,-7.391988,10.172725,1.6521053,12.307832,9.587595,10.957636,-0.000342815,-0.3209961,0.70852846,0.02083305,0.23004283,4.871772,0.14450009,5.1252604,4.6402783,4.9191847,7.5435123,0.3089475,7.7937884,7.330122,7.4981265,4.542538,0.23498654,4.74887,4.528475,4.614983,7.110654,0.0503125,7.104391,6.98307,7.0230007,7.417897,0.123621225,7.4480987,7.4491916,7.4232836,8.995711,0.10268947,9.622386,9.326388,9.879508,466.58624,8.035495,0.75683594,6.8481736,6.443627,4.751885,29.642311,1.4953502,28.712069,21.216604,11.8969145,11.460805,0.63187134,12.114331,8.58215,8.9121475,91.98107,-3.1378336,93.62615,87.975845,95.22425,62.612602,3.40137,61.471546,58.55718,59.567825,462.84726,3.6649852,471.53885,461.181,478.01578,20.44434,0.4970799,20.450897,20.677706,19.952524,0.05632486,-0.06313604,0.13256624,0.11210248,0.01652944,161.89645,1.2836193,161.66505,157.62819,168.15842,0.5605906,0.12483983,0.31767866,0.23671412,0.23421882,26.1645,1.3627024,25.771208,26.251362,23.893244,12.79235,0.34320986,11.757381,11.963515,12.65533,175.08896,8.553984,179.364,176.8304,166.76816,71.39134,4.477973,81.39391,61.613865,77.56591,0.1415494,69.76258,3.7992208,71.47186,64.8962,67.68276,537.7777,1.8462803,-0.044007566,562.46027
2.4145403,0.8928623,3.3174787,1.9449389,2.309518,-0.78545177,-0.68394095,1.5132562,1.8560865,0.25625658,-0.0011167654,-8.95716,-9.90589,-17.768778,0.17752656,-0.20137525,-0.04035127,-0.13172355,0.05018921,0.1889311,0.04669392,0.22013365,0.2074702,0.040320054,0.045681756,-0.50981253,-0.4870239,1.9543422,1.9507986,-0.31776056,1.8958355,48.16373,0.77700835,0.75164783,0.9361493,266.61017,302.22092,342.4906,298.89407,-54.161613,4.1810904,19.88533,35.43448,13.221203,18.50883,1.5139959,21.522894,17.407894,20.180626,0.927195,0.00836508,0.9236781,0.90938056,0.9138919,7.4850464,5.8611164,12.15397,5.045007,9.28403,0.21814205,3.4799912,1.6979296,-1.5096024,-0.041172307,-6.9125915,4.306331,-6.097252,-8.691932,-8.401652,9.050283,8.811402,15.988908,8.086885,12.363169,0.046121746,-0.36944172,0.76334184,0.045197513,0.081869364,4.2800612,0.6033419,4.2382383,4.1331244,4.351787,6.717316,0.45654526,7.5017357,6.0399823,7.045351,4.205382,0.30724168,4.3112874,3.895016,4.203624,6.3707266,0.3224728,6.326092,5.971449,6.26205,7.18489,0.40884474,7.3984604,7.0086207,7.3875413,7.513299,0.60762143,8.05746,7.228477,7.8002644,346.6454,1.8015804,3.8050349,5.445622,0.07269057,0.36718,15.101841,9.6034565,22.789776,11.743756,15.663514,11.503145,4.7637124,8.328048,3.8913388,4.4178777,85.77503,74.93789,132.22868,41.702053,93.36731,56.061527,7.6905107,61.053314,51.87534,53.61055,448.25635,9.1518755,355.58463,334.19894,354.9683,19.450401,2.126114,18.344965,15.464905,16.149828,0.0009475537,1.1550733,0.6659242,0.006372476,0.0074466113,139.16216,22.472656,151.59547,116.44512,142.29147,0.09314585,1.3496493,1.3432063,0.0059877704,0.0051559964,20.016884,3.2857616,22.777832,15.0771675,15.284963,11.025209,1.8517141,13.300345,10.61448,11.000663,193.9081,10.869598,221.03267,125.178894,152.91417,60.831264,27.888313,62.09096,57.69639,63.698677,0.15747377,59.712368,4.362555,67.89989,53.751904,52.01805,469.02707,1.8783107,-0.03515559,512.4707
2.682966,1.2757106,3.8678331,1.5754856,3.1351483,-1.2455316,-0.62111896,1.5577197,2.0269241,0.24203864,0.016360698,-7.246309,-10.583542,-17.660374,0.16641219,-0.19832146,-0.028450718,-0.112417996,0.03651448,0.18613276,0.12373984,0.23485507,0.24203444,0.04432442,0.044593945,-0.4736872,-0.47399685,1.9505835,1.9490163,-0.29074067,1.8744501,49.14757,0.8918875,0.799666,0.9681703,242.03519,309.49738,339.03894,328.51544,-54.188595,4.905686,20.062292,37.375393,13.268597,20.755688,5.517993,26.904102,22.093996,23.634386,0.8972348,0.051555242,0.90640503,0.8577422,0.88776726,5.4437327,4.416401,11.18199,4.627605,10.142137,-0.32004496,3.3366601,1.1922418,-2.4176843,0.00587471,-5.1491284,3.0485702,-4.939515,-7.515517,-8.598763,11.52458,3.9643285,13.497722,8.43626,12.450835,0.055853873,-0.3317306,0.7139114,0.09980801,0.24332166,5.159953,0.5579905,5.360916,4.8102636,5.224052,7.630399,0.44892657,7.824475,6.9169555,7.567063,4.637814,0.44997528,4.863485,4.541964,4.8182874,6.313337,0.5603523,6.813291,6.2351575,6.3669634,7.1682916,0.5319844,7.8361273,7.149044,7.460005,8.247509,0.3603441,8.676501,8.025349,7.9506636,434.5168,20.087173,8.591832,13.784834,4.4780493,3.5216975,16.780952,14.32565,17.850754,6.781507,5.459885,11.3407545,8.53592,14.747592,6.7604623,7.8341417,53.196342,16.160772,64.92413,44.592457,50.433857,66.93418,6.4926953,68.39636,60.21257,56.939808,478.603,10.499432,461.75946,453.9543,434.27847,19.243868,0.94883996,20.644724,19.229887,18.302366,0.118855774,0.30608457,0.3777702,0.022126392,0.01601917,140.89983,8.371999,135.1796,148.01788,132.28708,0.40816018,0.51609766,0.7519406,0.053974923,0.005216785,30.840237,5.464741,30.298676,28.438955,23.043076,14.23786,2.0842006,14.935004,11.273932,12.32089,138.14987,-0.38705355,155.6013,138.90373,146.30078,87.19265,14.832373,85.124344,69.783295,91.769714,0.18508738,86.58628,14.943981,86.57798,65.72142,64.10595,451.27518,1.8343192,-0.05581011,549.4305
0.7068508,1.9617,2.0916407,0.7699393,2.7872684,-0.84661853,-0.6017865,1.428497,1.7589271,0.25041166,0.023672774,-9.482734,-7.9355416,-17.41047,0.18821502,-0.20692486,-0.019628275,-0.11474822,0.034172807,0.1696838,0.008292212,0.21915954,0.21067925,0.03514848,0.04110827,-0.4387369,-0.43467224,1.9525814,1.9465228,-0.29499334,1.9338678,51.76784,0.8076209,0.80934566,0.9762144,276.52548,298.30978,317.5379,298.65262,-54.20457,4.5361567,20.461084,38.76152,13.001906,17.974508,10.267399,25.889427,15.083741,23.570604,0.93237877,0.07660588,0.9513964,0.87074584,0.8924165,5.288126,2.5258224,6.7852507,3.40562,4.5397882,-0.23775247,3.1795578,1.6056647,-1.6835079,0.017342819,-4.6174946,4.75817,-2.4566073,-7.15818,-5.589919,7.6104884,4.222549,10.142659,4.5589128,6.519831,0.06638745,-0.3537805,0.74238646,0.024508648,0.23032872,4.5407124,1.1581316,4.9345284,3.7607808,4.560256,7.3228254,1.3058791,8.0253525,6.699413,7.526746,4.44474,1.2191597,4.8927712,3.5703068,4.480234,7.18831,1.2245854,7.6647415,6.3632393,7.0681405,7.306999,0.6070487,7.487272,7.0081615,7.522274,7.9172745,1.961809,9.883169,7.3231835,9.073478,452.07416,37.15117,29.783897,43.302345,11.508563,5.8145046,78.36814,66.57632,93.9889,11.913372,3.7682045,25.468424,11.79261,28.74689,11.93358,16.548359,99.72459,57.94735,138.03656,81.161224,120.192825,70.0679,14.110384,78.62025,66.08642,65.90495,390.60623,66.065,459.93982,381.70792,452.02344,22.327211,2.4456449,22.62199,21.405779,20.607061,0.017797617,1.108323,1.0839287,0.0063803475,0.0074466113,136.6506,55.92539,178.0284,123.55839,177.13756,0.10105039,1.3887278,1.073301,0.005965826,0.0051559964,42.568886,15.7525015,44.903618,33.96669,28.657402,13.022345,5.7911477,16.591936,10.147244,13.259006,192.93718,57.76601,207.90706,174.39618,194.68353,60.91767,32.155006,73.87805,44.158882,66.24312,0.22226022,107.69576,44.100914,116.99871,77.85579,77.61571,479.07794,1.7887797,-0.06735892,584.05963
2.811233,2.932202,3.7172196,1.666241,3.4053411,-0.73816645,-0.70360476,1.447056,1.794233,0.283778,0.0085076485,-6.158288,-9.323195,-16.696434,0.20192604,-0.23093791,-0.03616049,-0.13217826,0.048594687,0.2809644,0.049598977,0.20827764,0.20852596,0.037921954,0.037639648,-0.47697458,-0.4769674,1.9517035,1.9514908,-0.3196966,1.8972192,48.917065,0.7787836,0.72955394,0.9729138,299.1286,286.95316,326.15744,303.32187,-54.169094,4.445166,19.403067,35.391247,11.777366,17.667715,0.6581944,18.994198,17.897127,18.517826,0.9335838,0.005856451,0.9339034,0.9210544,0.9274768,7.1928024,9.012097,14.431229,6.242214,7.7009954,-0.03451384,8.504875,3.5933893,-3.2556722,0.3013391,-8.469297,9.600183,-5.093297,-13.428797,-7.225289,13.171695,8.492932,18.705423,8.640421,9.4041395,0.046001125,-0.38836637,0.7202082,0.020811005,0.31132916,4.451497,0.6995068,4.9346476,4.3014736,4.747017,7.707679,1.5314765,7.994302,6.4629188,7.1674438,4.2252436,0.20873496,4.466402,4.2425857,4.2404723,6.4077597,1.1531607,7.061197,6.0686464,6.0971317,6.974823,0.12183875,6.973176,6.9164753,7.024913,8.624224,1.902336,8.967989,7.3738484,8.91924,393.44568,1.5337514,2.4693656,6.2751555,0.077446334,0.30417445,4.824311,5.1990924,10.398692,0.4121568,1.726992,2.0326736,1.352161,1.9472108,2.1541605,2.0991325,44.301697,35.400467,58.177525,45.442596,44.97213,53.77015,1.6984463,54.128136,50.35825,51.648506,373.45993,6.7304244,360.70526,387.12277,384.84607,13.700927,0.6812457,14.199678,14.636709,14.504443,0.005171154,0.17542407,0.13195643,0.055620387,0.0074466113,124.798134,19.53356,123.25609,113.36751,135.68599,0.087921575,0.31563845,0.20298932,0.014213674,0.0051559964,14.221393,0.7955451,14.64016,14.8940325,14.766936,11.754973,1.2005949,12.327366,11.286651,11.363396,108.328804,4.1850414,123.00704,126.894,123.313225,64.63445,9.314576,71.716736,59.481667,72.429924,0.1516726,55.489395,6.360972,52.779194,52.476875,52.020206,372.99783,1.8648874,-0.047841653,483.6259
2.6359546,3.2429628,4.2595477,1.5187126,3.3137445,-0.7821452,-0.67645395,1.5317085,1.9664203,0.24864438,0.006366718,-8.895114,-10.450194,-20.17732,0.18498637,-0.19676135,-0.029112985,-0.12613435,0.043582406,0.10082847,0.054560274,0.21970697,0.2139851,0.041148845,0.045734122,-0.49795076,-0.47888535,1.9537101,1.9498199,-0.32310343,1.8961238,48.089043,0.9679376,0.7266045,0.779644,282.48926,305.0169,336.52643,305.6698,-54.16417,4.5669103,20.15623,36.136898,13.108397,18.594625,4.496781,21.89585,17.363504,20.50112,0.9295153,0.040162265,0.92659515,0.8999519,0.91042453,7.825061,8.464637,16.046309,4.0553336,10.189292,0.2467129,9.404696,3.4143357,-3.56517,-0.12378082,-7.935728,9.069027,-3.570564,-13.398351,-9.524448,11.468538,11.577539,18.307703,6.034287,12.754224,0.04868662,-0.35724702,0.70876247,0.055672392,0.036639526,4.383345,0.9737571,5.561699,4.152667,4.689762,8.091654,1.8375175,8.801012,6.37308,7.542806,4.2574,0.67436296,4.7291465,3.898523,4.261131,6.6090856,1.2719175,7.104385,6.053789,6.381147,7.203004,0.5489703,7.4344616,6.970262,7.3888288,8.629099,2.368343,9.611105,7.192376,8.488693,427.42026,7.5518975,8.2077265,15.266048,0.08074286,0.400441,27.56399,10.686976,25.925812,11.579086,13.157693,17.95667,9.61536,11.302871,4.8849473,5.318174,101.58556,92.30344,147.75636,45.108204,88.5053,59.5073,10.479365,64.53691,53.915062,56.263786,539.15155,17.246555,449.328,435.67578,434.39264,18.777227,2.804321,18.157307,17.531996,16.566006,0.005171154,0.9740547,0.33743036,0.0064102574,0.0074466113,144.10219,37.46789,156.09172,119.63845,183.67256,0.103031084,0.43590373,0.19973254,0.014213674,0.0051559964,29.664196,6.6828876,29.036417,15.678497,16.316027,11.833881,2.5005689,12.969194,10.6456785,11.04944,212.47491,16.896406,162.04971,144.30898,178.88924,70.322815,49.804043,98.60726,58.00432,79.94877,0.13030905,71.21053,13.198242,72.88897,58.28377,53.774414,535.4118,1.8330976,-0.04199557,621.1068
2.2128417,3.1911252,4.406866,1.2118388,3.6678977,-0.7612322,-0.719288,1.4915327,1.8821332,0.24599439,0.017031688,-7.515,-8.896034,-17.422583,0.17801203,-0.20237453,-0.023537941,-0.11701802,0.036884427,0.14083435,0.09055043,0.23305884,0.23819017,0.04057701,0.04194114,-0.47127897,-0.4696285,1.9506125,1.9487671,-0.29610962,1.8832809,48.35686,0.84258425,0.8124962,0.9638337,291.39365,308.35135,336.80176,317.59003,-54.184837,4.650872,19.896614,36.04549,13.026959,21.521957,6.788829,27.408724,20.657255,23.043701,0.89113647,0.05930232,0.9332819,0.8601203,0.88001895,7.3307166,9.536884,12.38465,2.7410307,8.118812,0.12302087,9.863901,3.1652877,-3.9281502,0.17758694,-6.9797063,12.188917,-3.075447,-13.5782385,-7.5504913,12.185699,12.378176,18.471134,5.810137,10.32801,0.05323258,-0.34681785,0.70170736,0.049221892,0.12425126,4.750656,0.9456381,5.5071516,4.5633693,4.961109,7.723503,1.3472662,8.715806,6.7028356,7.17672,4.4370484,0.4606575,4.759267,4.6841965,4.687595,6.5599976,0.5216636,6.9548454,6.2829766,5.989975,7.3097377,0.43635225,7.4220667,7.185526,7.1846004,9.05846,1.722996,9.31544,7.9529905,8.623328,427.29907,11.661983,4.907921,21.0473,2.5055258,2.5115292,14.18268,12.968235,20.601654,6.6515827,6.253731,15.939936,7.9221487,17.566029,8.950008,8.135574,53.582447,41.179626,71.61908,40.874958,48.442123,64.23736,8.909667,64.79996,57.880383,58.513332,455.4499,8.093811,445.81067,434.71024,428.74255,20.047298,2.138781,20.149508,19.439886,18.158607,0.005171154,0.1732145,0.30821422,0.055401098,0.0074194027,127.782555,11.967632,127.0612,140.65985,147.4847,0.13033025,0.31188285,0.20298932,0.013279304,0.0051559964,33.368546,7.550037,33.77702,24.573767,21.73446,11.718856,2.1687095,13.420806,11.075447,11.628037,133.11041,8.346363,129.39752,140.4495,142.92168,79.019356,19.704426,84.129715,62.041904,91.40239,0.14259364,86.50359,14.026975,78.82075,64.00967,65.36759,446.66052,1.8124974,-0.05203579,548.3455
2.6386154,1.1761439,2.6991777,2.1567597,3.4795194,-0.79821026,-0.66555506,1.5174807,1.845288,0.27049142,-0.004232964,-9.060461,-11.112724,-21.05695,0.17074272,-0.2240151,-0.049829386,-0.13527039,0.06168032,0.18128228,0.018619291,0.21502429,0.21784098,0.04258674,0.056782775,-0.50096,-0.48698798,1.9369043,1.8506179,-0.32231772,1.9021007,48.22054,0.77758276,0.73300165,0.92816645,284.28656,294.78705,342.6571,300.1528,-54.161892,4.207894,19.931255,35.106647,11.285817,18.35568,0.61316526,19.392696,17.147991,19.488712,0.9238819,0.0018755975,0.92266166,0.92407906,0.91995466,9.039345,4.756476,12.296631,10.559005,14.585877,-0.0857436,5.481578,2.2364545,-3.891544,0.21170792,-8.861334,3.236994,-9.271156,-11.947027,-6.9800434,15.109617,8.258829,14.810194,12.03834,11.063865,0.03668121,-0.37347522,0.751283,0.056299284,0.12152195,5.370305,0.35566688,4.918652,4.5787544,4.9719877,9.200556,0.3697485,9.684511,9.809238,8.867244,4.2223363,0.1478948,4.260551,4.0953975,4.2484617,6.1807284,0.09915049,6.121464,6.0027018,6.227447,7.136259,0.120340884,7.265588,6.94931,7.0848675,8.008048,0.7830903,7.7317514,7.6972,8.14238,372.69012,2.0770836,2.9688072,3.4266331,1.6945027,1.8367926,26.918722,0.6550243,20.599781,12.628421,16.026806,11.97795,3.0327592,2.947276,4.1494784,5.913151,109.82213,59.75865,134.4587,72.03739,120.89016,57.545967,-0.73431796,55.35847,54.618904,59.69632,419.293,4.128476,392.5357,340.36172,389.32748,16.270176,0.45696118,15.850795,14.993548,17.278011,0.000669513,0.34057805,0.22885752,0.0054618125,0.0074466113,195.49484,14.0782175,181.18784,139.53975,191.57854,0.22973724,1.1984615,1.3923227,0.011503276,0.0051559964,21.520845,1.8179564,17.225925,16.595383,19.305784,11.355135,0.4875698,11.871232,11.169852,11.244581,235.81596,14.327191,227.34193,163.77982,191.21542,67.28216,20.851187,68.04592,59.69377,74.00071,0.15280333,59.96547,1.2621446,58.511585,57.673397,52.04458,509.1153,1.8884616,-0.039850343,593.04254
1.3840635,0.98470217,2.0143747,1.1851022,2.0810635,-0.7581145,-0.7132448,1.4923747,1.8207994,0.25227553,0.01944739,-7.480012,-7.7705736,-15.535483,0.18222488,-0.20849037,-0.028170345,-0.12044466,0.038976613,0.23633918,0.043722484,0.23325814,0.23365037,0.040673837,0.04434423,-0.46559,-0.4693251,1.9505309,1.949583,-0.2987792,1.8979605,49.686317,0.81409526,0.77801496,1.0261207,271.2353,305.58463,322.69766,304.13083,-54.185955,4.286906,19.766619,35.244736,13.303442,18.043034,6.6365113,23.639433,17.67462,23.306791,0.9430214,0.054826118,0.93750143,0.8871407,0.8870398,4.622584,3.5430582,7.450748,2.7425425,5.5084133,0.470316,4.7246366,1.7312737,-2.139323,0.48726872,-4.5213246,3.7489636,-3.4336004,-7.9328923,-6.581257,6.221412,4.6886334,11.111462,5.234739,9.698021,0.060864635,-0.3654488,0.7494093,0.038077913,0.30630562,4.2732954,0.33053908,4.4442782,4.1825957,4.3895454,6.52496,0.2603492,6.8268332,6.2352595,6.6159167,4.2674546,0.2831698,4.3933344,4.123735,4.31871,6.2116065,0.27663973,6.362626,6.045768,6.0343084,7.0412226,0.6992405,7.7825456,7.013539,7.776948,7.679179,1.1340702,8.569386,7.456407,8.532365,370.19937,10.644957,11.720866,17.270687,0.93416137,1.062149,16.8076,21.209326,22.605627,0.8101063,1.4702816,9.996369,10.1668825,13.436107,4.4640794,5.7225647,51.112713,14.076977,59.627617,44.2606,45.46413,58.6651,6.3119593,58.55654,53.95342,53.447773,347.22375,12.5181675,356.45447,347.96902,367.72058,19.862106,3.0813355,20.326782,16.602488,16.089485,0.434922,0.3397727,0.48006684,0.006372476,0.0074466113,113.552986,6.162426,116.66649,108.18576,114.38964,0.71555626,0.14265981,0.15429305,0.005978696,0.0051559964,26.675325,8.790208,27.926651,17.314941,16.757978,12.34794,1.2948666,12.106853,10.744058,11.396433,117.297615,10.535222,124.3726,112.47652,116.62795,60.519268,14.584838,68.22351,59.34815,63.666283,0.19313306,77.97614,16.40916,66.83001,54.900314,55.122448,362.88882,1.8224188,-0.050788924,429.84613
1.3837192,1.4188691,2.2737405,1.3464369,2.0169942,-0.79075265,-0.65280557,1.458007,1.8135178,0.25813356,0.0069357227,-8.383833,-8.012296,-17.20647,0.17861924,-0.21359845,-0.027479375,-0.1202407,0.03971277,0.1555571,0.049667474,0.23130573,0.2249623,0.040918987,0.04676094,-0.4859491,-0.4825649,1.9499661,1.9442586,-0.29646105,1.8886777,48.106316,0.83539104,0.7895287,1.0381624,267.3184,300.9011,325.69467,301.3038,-54.174442,4.5442653,19.851439,36.449856,12.939197,23.539598,5.946371,26.169392,21.95334,26.092358,0.8118663,0.04099527,0.8768888,0.8540726,0.85953385,6.6925607,2.9002721,6.943579,5.5330043,6.721461,0.67567796,3.1222384,2.4438808,-0.4380174,0.7270986,-6.49915,3.6879559,-6.2377067,-8.693839,-7.753901,9.583805,4.508599,11.61566,8.897269,11.745222,0.055958368,-0.37672415,0.7457738,0.0422061,0.15397069,4.3910456,0.6102237,4.4798794,4.1529603,4.2957215,6.7409654,0.6190256,6.719296,7.162125,6.7867503,4.1666555,0.3298041,4.5016017,4.004904,4.328511,6.274149,0.636685,6.3610854,6.3425565,6.29876,7.1223645,0.6583863,7.524632,7.0244894,7.6505885,7.370135,2.0587966,8.968335,7.5774016,9.183318,367.4267,13.925685,13.38036,11.325313,0.95099366,0.51667345,39.204758,20.152607,36.79129,0.32484755,1.4702816,17.80238,11.889763,15.796237,3.940583,4.5140433,60.074768,36.225056,74.02782,40.869038,44.32166,58.129898,7.996069,61.347996,56.43462,53.020245,366.83203,37.091835,361.87427,381.01074,376.39688,20.914642,3.8386486,20.708252,16.220377,15.907738,0.004992007,-0.020285703,-0.023630468,0.006382361,0.007456702,128.25087,7.450429,118.48731,114.64524,114.93232,0.083004504,0.14265981,0.15429305,0.0060086,0.0051559964,32.843494,12.958445,29.640417,16.061398,16.836256,11.078448,0.78088176,11.916679,10.741498,11.197656,133.2995,16.33191,118.25404,111.51644,117.035515,61.01333,11.563386,68.41428,59.27511,61.239513,0.18150204,71.04709,15.656038,71.699295,53.841248,54.976868,365.33322,1.840523,-0.050858427,417.39975
2.7239904,0.8372441,3.425042,1.9408557,2.2231042,-0.79033315,-0.7091267,1.5065545,1.8430238,0.2667154,-0.008183657,-11.516858,-11.205678,-21.191954,0.17821026,-0.22344126,-0.050433397,-0.13354366,0.048560303,0.16655286,0.011931784,0.21990648,0.22200093,0.03966329,0.040704697,-0.49202183,-0.4852591,1.9533013,1.9511027,-0.31415692,1.8987447,49.413795,0.7729195,0.8053296,0.9826665,280.78732,293.67618,334.396,288.42563,-54.16816,4.475375,20.818687,36.203606,12.974443,17.668194,-0.66585875,17.830189,18.284227,17.970291,0.9236632,-0.005236101,0.93113124,0.93620896,0.93237597,7.1738544,4.182659,10.57601,6.3695006,7.380777,0.33462855,5.1687446,2.2283611,-1.149338,0.5198795,-7.9074597,3.5994215,-7.62187,-11.258663,-8.762324,12.280292,5.4834113,13.260368,9.656957,11.41539,0.032404527,-0.34899312,0.6942738,0.027556423,0.0487475,4.4181256,0.3004858,4.5292916,4.375521,4.8321385,11.026434,0.5806386,11.252257,10.448246,10.054883,4.2471395,0.1753129,4.4746785,4.085488,4.258,6.742236,0.25654224,6.9839745,6.6167855,6.7871547,7.0520854,0.047273465,7.173773,7.0186763,6.987746,9.360149,1.3546447,8.664429,7.6959014,8.849272,455.62332,1.8143386,5.691986,10.045355,1.3147303,2.6047611,31.629404,-0.52188396,43.7604,2.8660774,2.3804884,7.169367,0.25803864,2.6417344,4.5448213,6.9012556,91.31074,16.337759,102.26052,105.155235,121.937996,52.629116,0.9187605,51.050507,51.074997,54.438046,466.60364,-2.0643673,502.32965,433.31015,445.87064,14.415391,-0.07488799,14.386164,15.770469,15.440249,0.014123665,2.2402892,4.2996516,0.0063152793,0.0074466113,190.56783,20.820206,168.25035,171.54199,181.20267,0.22334044,1.3578377,1.7996446,0.0059952233,0.0051559964,18.011559,-0.7049909,15.660908,16.855589,19.065619,11.537353,3.338967,16.710012,11.258124,11.396846,198.03174,13.693097,191.94745,181.40413,209.38297,63.39192,5.9130907,66.85438,59.948658,71.042465,0.09890099,54.847088,1.2805743,64.04384,58.78658,62.561897,479.85776,1.8700281,-0.044274226,558.9694
2.82208,1.3228495,3.440051,2.1754246,3.5105433,-0.8054554,-0.65577096,1.5014533,1.847269,0.24736942,0.002267198,-9.779623,-10.914176,-21.443052,0.17101283,-0.19726233,-0.04192977,-0.12950951,0.051877093,0.16855271,0.017080639,0.22081198,0.21962161,0.043808926,0.06038424,-0.5048695,-0.486762,1.9364955,1.8497388,-0.32001522,1.897943,48.288383,0.77886397,0.74064034,0.9042582,282.49036,303.026,350.0208,301.51044,-54.163975,4.2582016,20.045855,34.93834,12.416774,18.35568,1.6364676,21.146235,17.041853,20.185993,0.9245404,0.011475846,0.9247379,0.9113261,0.9130784,8.715915,8.657189,16.34946,8.186685,17.028585,0.12816936,7.2200336,2.3262205,-4.7795734,-0.29252988,-8.535165,6.2567587,-7.6066504,-12.957684,-9.077706,14.487926,14.204811,20.049335,10.826313,14.223586,0.04066991,-0.35062385,0.7410894,0.05444243,0.062485456,5.4456487,0.71861744,5.020682,4.502222,5.024049,9.34982,0.4266828,10.094951,10.156933,8.996662,4.20547,0.3036188,4.29376,3.8640125,4.2468786,6.3459015,0.43662286,6.2409067,6.0907664,6.347044,7.171176,0.5119095,7.534323,6.965957,7.328317,8.09802,0.94584227,8.1755495,7.6105986,8.427099,379.81302,2.705858,4.3768845,5.8939333,1.6945027,1.8762239,27.910248,6.7559166,34.844845,12.628421,16.026806,13.952934,5.884333,11.51864,5.747064,8.010183,111.45444,68.09187,154.6706,72.227425,125.785126,60.70245,7.6858315,61.98576,55.523254,61.432186,443.10532,8.513604,415.33698,383.42328,395.07916,20.08435,2.0188842,19.510864,16.179905,18.774395,0.000669513,0.86211514,0.6296782,0.0054618125,0.0074466113,200.47142,18.52005,191.97122,142.86192,189.90453,0.23561206,1.3302552,1.4033062,0.0068227844,0.0051559964,24.892736,4.6191926,25.22792,17.258186,19.9421,11.222095,1.8768384,13.300345,10.800271,11.103101,246.18913,16.21101,234.21999,163.35138,192.51932,66.08134,29.22367,71.28517,59.44257,72.77505,0.14194132,64.65658,4.2732115,68.041435,59.079357,52.04458,541.91425,1.8857042,-0.040353857,583.49243
1.5705826,1.3674859,2.2254972,0.92002076,1.5635508,-0.95049685,-0.5199083,1.5918369,1.9602737,0.26703098,0.017645191,-7.047844,-6.381024,-14.019441,0.17476434,-0.21288662,-0.019696765,-0.12156086,0.038299017,0.20654707,0.058994014,0.22170876,0.22041215,0.059314754,0.07078601,-0.50298244,-0.47654927,1.9536866,1.9440705,-0.30612287,1.8902664,49.32319,0.9383493,0.8760615,1.0727793,147.496,240.00063,276.51675,223.57289,-54.173904,4.0402045,19.39669,34.071564,13.061854,25.515411,6.794237,26.17166,22.127563,26.385214,0.8520124,0.05344034,0.89178073,0.84590316,0.85681623,3.4132786,2.889664,4.3564143,2.8736324,3.7816062,0.5463465,3.3143792,1.6922947,-1.0677189,0.43584728,-3.652182,2.8614624,-2.8740656,-6.135804,-5.555403,6.4221187,4.2102575,7.9973636,4.362294,7.496059,0.06511838,-0.3785404,0.773801,0.09143518,0.26149845,4.182391,0.47030896,4.4004855,3.871564,4.3032055,6.559715,0.5515635,6.759916,6.2710857,6.849101,4.050416,0.40480056,4.2207594,3.8131855,4.1026955,6.0752563,0.3985721,6.6731195,6.278955,6.1618977,7.099234,0.64294285,7.460707,6.9660244,7.4429493,7.245897,1.4112314,8.615203,7.270167,8.698317,357.83115,22.686537,15.063298,17.180387,1.7801882,1.1040742,56.1245,18.784126,27.297314,4.095807,3.4157603,20.327394,8.588435,12.767764,3.6802485,6.288399,39.96596,17.827543,52.48638,36.304462,43.00503,65.225845,6.582655,69.183914,59.25749,59.738426,388.0737,26.342426,361.01636,359.15204,358.4314,20.986183,2.1228075,19.355593,17.163652,18.247765,0.04763957,0.2469251,0.37750363,0.00582515,0.01797279,108.746155,9.400249,116.87641,110.35897,112.23791,0.09426983,0.5176602,0.9075766,0.0048044804,0.0028108733,34.525158,8.467011,28.564487,16.41505,17.580397,11.923381,2.4331186,15.075051,10.204454,10.775406,134.5226,13.120558,131.90193,105.8352,105.71754,59.29494,14.14199,72.70603,45.833122,54.100124,0.20884846,82.23639,15.470637,84.213936,59.59665,72.45759,346.345,1.8206996,-0.050006647,429.13593
2.7239904,0.8372441,3.425042,1.9408557,2.2231042,-0.79033315,-0.7091267,1.5065545,1.8430238,0.2667154,-0.008183657,-11.516858,-11.205678,-21.191954,0.17821026,-0.22344126,-0.050433397,-0.13354366,0.048560303,0.16655286,0.011931784,0.21990648,0.22200093,0.03966329,0.040704697,-0.49202183,-0.4852591,1.9533013,1.9511027,-0.31415692,1.8987447,49.413795,0.7729195,0.8053296,0.9826665,280.78732,293.67618,334.396,288.42563,-54.16816,4.475375,20.818687,36.203606,12.974443,17.668194,-0.66585875,17.830189,18.284227,17.970291,0.9236632,-0.005236101,0.93113124,0.93620896,0.93237597,7.1738544,4.182659,10.57601,6.3695006,7.380777,0.33462855,5.1687446,2.2283611,-1.149338,0.5198795,-7.9074597,3.5994215,-7.62187,-11.258663,-8.762324,12.280292,5.4834113,13.260368,9.656957,11.41539,0.032404527,-0.34899312,0.6942738,0.027556423,0.0487475,4.4181256,0.3004858,4.5292916,4.375521,4.8321385,11.026434,0.5806386,11.252257,10.448246,10.054883,4.2471395,0.1753129,4.4746785,4.085488,4.258,6.742236,0.25654224,6.9839745,6.6167855,6.7871547,7.0520854,0.047273465,7.173773,7.0186763,6.987746,9.360149,1.3546447,8.664429,7.6959014,8.849272,455.62332,1.8143386,5.691986,10.045355,1.3147303,2.6047611,31.629404,-0.52188396,43.7604,2.8660774,2.3804884,7.169367,0.25803864,2.6417344,4.5448213,6.9012556,91.31074,16.337759,102.26052,105.155235,121.937996,52.629116,0.9187605,51.050507,51.074997,54.438046,466.60364,-2.0643673,502.32965,433.31015,445.87064,14.415391,-0.07488799,14.386164,15.770469,15.440249,0.014123665,2.2402892,4.2996516,0.0063152793,0.0074466113,190.56783,20.820206,168.25035,171.54199,181.20267,0.22334044,1.3578377,1.7996446,0.0059952233,0.0051559964,18.011559,-0.7049909,15.660908,16.855589,19.065619,11.537353,3.338967,16.710012,11.258124,11.396846,198.03174,13.693097,191.94745,181.40413,209.38297,63.39192,5.9130907,66.85438,59.948658,71.042465,0.09890099,54.847088,1.2805743,64.04384,58.78658,62.561897,479.85776,1.8700281,-0.044274226,558.9694
2.9911304,2.1821733,4.112676,2.088638,3.722683,-0.7739698,-0.6825133,1.530854,1.8666316,0.2898309,-0.009658201,-8.630396,-11.383409,-19.050806,0.17497471,-0.23785844,-0.055545196,-0.13924558,0.058073785,0.18211879,0.039603323,0.21464655,0.20763211,0.04531626,0.05211043,-0.5008784,-0.48450464,1.954864,1.9516649,-0.3191614,1.8919481,50.315697,0.7919731,0.8023546,1.047264,257.54657,280.10736,328.16232,275.81955,-54.16853,4.637327,19.804441,35.977997,11.1959505,17.733465,1.7153845,19.760592,17.175522,18.844706,0.9229706,0.011210676,0.9302639,0.9209129,0.92570174,9.353097,3.6061037,10.908062,8.357974,8.052246,1.6661854,3.1198316,1.9869573,-0.5837643,0.83089525,-9.372745,2.6136425,-9.818196,-10.652667,-8.995872,13.64315,2.630911,13.400437,12.699477,13.128659,0.036352105,-0.37988913,0.7207555,0.03587179,0.09698829,5.526203,0.27923614,5.1143794,4.670642,5.1254134,7.011649,0.5848721,8.321801,7.1179795,7.698356,4.2886415,0.12097904,4.397572,4.1115236,4.3325405,6.279126,0.21153674,6.978428,6.1178627,6.448187,7.063397,0.2942806,7.396385,6.8948154,7.2514243,8.182324,0.99261034,8.37352,7.60467,8.145111,411.57605,1.9717683,5.449,5.4016204,1.0963702,1.9689101,26.763937,4.753272,19.237906,2.6300528,2.3804884,8.618867,3.3599458,9.482854,5.967752,8.597869,64.64524,19.929447,85.24556,51.94365,72.730515,49.768394,2.1111317,50.147144,49.928192,51.82453,386.5802,1.4512397,412.99374,354.94464,391.1176,16.149954,1.3432847,15.740805,15.704911,15.264153,0.014123665,2.2402892,4.2996516,0.006372476,0.0074466113,129.06862,6.362021,132.24939,131.41582,131.19737,0.21730354,1.5058806,1.7395446,0.005989834,0.0051559964,19.08093,2.8399398,20.14085,14.997084,19.60484,11.460286,3.6341956,15.806967,10.744903,11.065792,158.71002,6.495068,154.99078,145.36766,143.25494,71.46412,3.5703912,68.69451,66.46093,72.7884,0.13442169,53.262436,4.2354507,55.766296,57.79757,60.378136,414.76514,1.8855679,-0.042585287,505.97034
1.3209695,2.7801569,3.263452,0.7212257,2.3711004,-0.7756956,-0.63850814,1.5009465,1.8787913,0.2405807,0.010322111,-7.8937836,-8.853686,-17.68182,0.16594227,-0.19825052,-0.023717972,-0.112188704,0.037508633,0.18633954,0.09363544,0.23992254,0.23989911,0.04296789,0.049420808,-0.478004,-0.47500333,1.9490716,1.9419916,-0.28259596,1.8761493,47.48956,0.89277357,0.8058242,0.97778875,310.34564,310.5696,334.81158,326.62433,-54.18325,4.8924484,20.253534,38.96523,12.930037,20.633451,6.6299486,26.78021,21.7889,26.650703,0.83622324,0.05828985,0.87721527,0.84178424,0.8547512,7.2977858,4.496255,6.6585937,2.8721468,4.3289485,1.2293783,3.5547369,2.39248,-0.80646724,0.63109076,-5.1590257,4.992715,-3.6333487,-8.829772,-6.815073,9.809481,7.8935304,10.020888,5.5304055,10.556397,0.056395646,-0.34429985,0.72343457,0.05504398,0.21576345,5.1408944,0.78672266,5.3065042,4.4500947,4.8275623,6.9865437,0.60093594,7.1657662,7.12454,7.1587067,4.6216383,0.44346115,4.8344126,4.3288116,4.7833443,6.10975,0.47849527,6.4603925,6.43724,6.611053,7.285284,0.63528156,7.73844,7.113676,7.638593,7.823921,2.1445234,9.2919035,7.83866,9.427661,449.03687,27.455452,21.555851,24.387857,4.91991,4.2998204,50.23787,34.370953,62.977093,6.8112116,5.2414837,21.354437,16.80995,19.02866,7.315239,7.7088923,55.806644,44.60917,89.08807,33.108078,48.329433,70.78453,9.957487,76.10769,64.10074,61.660873,440.13922,44.8621,436.10736,469.14948,444.37543,20.559923,2.0277846,20.841413,20.259874,18.976559,0.018136263,0.24048622,0.26828352,0.014166526,0.061864678,134.21779,14.942817,130.28635,127.32451,121.40128,0.24142669,0.51609766,0.7519406,0.0059026396,0.0051559964,38.167988,13.808273,36.565346,27.882936,22.954895,13.956525,2.3294194,15.102285,11.537541,13.65007,148.93167,20.740952,155.90637,133.05911,137.47894,84.23377,22.52912,90.19359,63.788788,85.728645,0.2176778,93.81508,23.116959,99.736626,68.65295,64.73011,468.73425,1.810942,-0.055974424,530.3314
1.5016406,0.76213866,2.144706,1.4595854,2.345785,-0.770997,-0.7132448,1.4976087,1.8582484,0.2526824,0.017556982,-7.284485,-7.7183986,-15.514079,0.17630468,-0.20557976,-0.02789189,-0.11940365,0.040421646,0.16113098,0.09061934,0.23473455,0.23235446,0.040006172,0.044987936,-0.47073913,-0.4694512,1.9513903,1.9493257,-0.29386893,1.8864596,48.574966,0.87712145,0.79157513,1.0223167,275.47763,298.20975,335.28796,306.4088,-54.183247,4.4040585,20.094177,36.25361,13.2543335,20.664667,3.109733,23.918491,21.63019,22.218992,0.9097178,0.033879172,0.9188926,0.8876395,0.8947008,5.1825542,1.2121162,5.7943077,3.7811615,4.960793,0.41053954,1.1655356,1.4459498,-1.1416403,0.4599113,-5.2951593,1.6927449,-4.13026,-7.153111,-6.2584257,7.1632156,2.7588508,10.410724,6.5553255,9.086429,0.057943307,-0.35222512,0.74953294,0.06843138,0.21561962,4.508378,0.16834956,4.5380697,4.465894,4.4912624,6.672286,0.50701964,7.0422397,6.5295806,6.7998614,4.3873334,0.09859915,4.4206386,4.4424877,4.4101224,6.108568,0.31393582,6.4284964,6.2339506,6.250301,7.4466324,0.23771568,7.4257417,7.361096,7.4094357,8.263785,0.55414665,8.379229,7.9476676,8.242411,376.18927,12.046645,4.985849,13.542454,2.1804235,2.9139252,7.2753263,7.810016,11.169327,5.118654,4.6614575,14.495033,3.9423,15.611773,9.971852,9.365216,50.434696,3.4328494,68.34629,45.22108,48.764565,59.63644,4.4115953,61.016453,58.11356,57.044514,358.89682,3.5423954,368.88208,367.92764,363.7003,20.182203,0.789975,20.94558,19.934454,18.450874,0.0009475537,-0.065204725,0.038202263,0.0063474486,0.0074194027,116.54608,3.916965,101.97992,117.4556,112.469666,0.12339628,0.12483983,0.14223927,0.0058004903,0.0051559964,30.72227,4.9718757,28.65382,24.633615,22.256388,11.234707,0.6839908,11.877942,11.160859,11.604796,120.14943,6.0529075,130.26717,123.72215,118.95863,63.551456,-0.03206034,64.94294,62.08324,66.22197,0.18328463,79.04865,9.235472,71.17172,63.445145,63.30144,379.05136,1.8471235,-0.05091543,446.2743
2.302216,0.6281367,2.7318683,1.8967438,2.3289042,-0.7526322,-0.6900075,1.4387025,1.7687336,0.29604343,0.00641055,-6.36124,-8.37472,-14.854071,0.19444156,-0.2407206,-0.03851998,-0.13388675,0.05300084,0.3623952,0.045590308,0.20883052,0.20315363,0.038047176,0.04139058,-0.48295078,-0.4791411,1.9525315,1.9513878,-0.3141307,1.8913271,49.014565,0.7961288,0.7104314,1.1562936,282.15005,310.0742,336.91342,310.79538,-54.171265,4.379535,19.289143,35.754578,11.203931,17.948645,3.4213758,21.581478,18.19979,20.99184,0.9270378,0.026381608,0.92778474,0.9033983,0.9099411,6.3513775,1.8619229,8.398924,6.5018134,7.535963,-0.2144262,3.1889784,1.9747372,-1.2384228,0.47292206,-6.39227,2.694213,-6.9977365,-8.11825,-7.160645,10.21197,2.201356,10.890254,9.61666,10.910345,0.052612215,-0.40695807,0.75733835,0.03075848,0.52769655,4.4884987,0.12318745,4.430244,4.446743,4.5205207,6.515478,0.199873,6.530777,6.1195397,6.7225447,4.2413125,0.117770284,4.2372103,4.138036,4.204625,6.118498,0.1654297,6.315318,6.061673,6.0699196,7.0290093,0.6018971,7.505651,6.9876566,7.5518513,7.2802258,0.5702861,7.702047,7.34879,7.635741,334.72162,0.4402932,1.1650406,-1.1915394,0.38379842,0.360998,16.752151,0.8719654,-0.21194066,0.40510446,1.4702816,6.4550333,4.2128816,8.474917,3.9379845,4.90669,42.696983,4.646216,48.117382,34.356476,37.94247,56.536453,4.304056,56.38747,52.234943,51.244633,310.0439,-0.025060304,309.05573,310.18533,310.04178,17.633781,2.2104626,18.355192,15.897884,16.178093,0.0009475537,-0.057103626,-0.041382704,0.006227887,0.0074542775,91.81458,3.5835004,92.873764,91.15604,100.204346,0.082795985,0.14265981,0.15429305,0.005986563,0.0051559964,18.583946,2.86824,18.600237,17.297222,16.775475,11.158097,0.40164477,11.317239,10.970455,11.018609,97.70751,4.5595083,99.67778,91.84363,97.700005,62.85513,6.1449685,65.879585,59.587563,68.68004,0.1676938,55.53038,7.0321455,58.192047,52.16388,51.653854,305.76096,1.879257,-0.044530496,362.1224
2.4145403,0.8928623,3.3174787,1.9449389,2.309518,-0.78545177,-0.68394095,1.5132562,1.8560865,0.25625658,-0.0011167654,-8.95716,-9.90589,-17.768778,0.17752656,-0.20137525,-0.04035127,-0.13172355,0.05018921,0.1889311,0.04669392,0.22013365,0.2074702,0.040320054,0.045681756,-0.50981253,-0.4870239,1.9543422,1.9507986,-0.31776056,1.8958355,48.16373,0.77700835,0.75164783,0.9361493,266.61017,302.22092,342.4906,298.89407,-54.161613,4.1810904,19.88533,35.43448,13.221203,18.50883,1.5139959,21.522894,17.407894,20.180626,0.927195,0.00836508,0.9236781,0.90938056,0.9138919,7.4850464,5.8611164,12.15397,5.045007,9.28403,0.21814205,3.4799912,1.6979296,-1.5096024,-0.041172307,-6.9125915,4.306331,-6.097252,-8.691932,-8.401652,9.050283,8.811402,15.988908,8.086885,12.363169,0.046121746,-0.36944172,0.76334184,0.045197513,0.081869364,4.2800612,0.6033419,4.2382383,4.1331244,4.351787,6.717316,0.45654526,7.5017357,6.0399823,7.045351,4.205382,0.30724168,4.3112874,3.895016,4.203624,6.3707266,0.3224728,6.326092,5.971449,6.26205,7.18489,0.40884474,7.3984604,7.0086207,7.3875413,7.513299,0.60762143,8.05746,7.228477,7.8002644,346.6454,1.8015804,3.8050349,5.445622,0.07269057,0.36718,15.101841,9.6034565,22.789776,11.743756,15.663514,11.503145,4.7637124,8.328048,3.8913388,4.4178777,85.77503,74.93789,132.22868,41.702053,93.36731,56.061527,7.6905107,61.053314,51.87534,53.61055,448.25635,9.1518755,355.58463,334.19894,354.9683,19.450401,2.126114,18.344965,15.464905,16.149828,0.0009475537,1.1550733,0.6659242,0.006372476,0.0074466113,139.16216,22.472656,151.59547,116.44512,142.29147,0.09314585,1.3496493,1.3432063,0.0059877704,0.0051559964,20.016884,3.2857616,22.777832,15.0771675,15.284963,11.025209,1.8517141,13.300345,10.61448,11.000663,193.9081,10.869598,221.03267,125.178894,152.91417,60.831264,27.888313,62.09096,57.69639,63.698677,0.15747377,59.712368,4.362555,67.89989,53.751904,52.01805,469.02707,1.8783107,-0.03515559,512.4707
1.4591298,0.3333957,1.5764217,1.1739001,1.4546769,-0.78253716,-0.6242084,1.4310607,1.7607052,0.2788372,0.020205129,-6.4501476,-6.403398,-12.311876,0.1993151,-0.2273056,-0.027537111,-0.12718984,0.040228955,0.37843317,0.03511845,0.2143951,0.19401751,0.036583785,0.043454353,-0.4629396,-0.4520005,1.9537804,1.9500483,-0.3080928,1.9208031,50.92334,0.77951366,0.74242634,1.1709628,264.75763,296.7488,329.5344,294.43668,-54.18772,3.912411,18.89513,32.083305,12.942766,18.003977,4.079371,22.170721,17.70598,20.253807,0.9310993,0.03149931,0.93121225,0.9018682,0.9161438,4.251399,1.8292823,5.3127375,3.576454,5.0700555,0.15530431,2.6583686,2.176422,-0.91654664,0.4533503,-4.074248,3.124803,-3.2946966,-6.342698,-6.1197095,6.3334985,3.1488492,8.961006,4.9147725,7.507925,0.06787709,-0.4002755,0.78288704,0.04516373,0.48857382,3.8336225,0.6472555,4.048908,3.3987525,3.7479005,6.5322986,0.639532,6.587438,6.3933806,6.5495496,3.7667456,0.66488206,3.975875,3.3703525,3.6301563,6.058322,0.13268976,6.617238,6.1450934,6.1235266,7.169078,0.24389474,7.2936125,6.9854593,7.2262383,7.739605,0.41717154,8.5111885,7.4950695,7.654335,302.52036,0.54817533,3.735818,-1.0148523,0.009800878,0.26010266,2.337424,3.3072488,-1.1333486,0.20999615,1.4702816,3.6987798,1.9553717,7.198885,3.4319131,4.3910327,46.70225,15.323798,49.679783,40.752483,50.642197,53.43773,6.7450633,55.31594,50.607834,50.766987,288.9225,1.2039844,281.50623,282.75635,291.5326,15.051861,1.4998124,15.466628,14.780613,15.186087,0.0015066203,-0.02024976,-0.03630395,0.006372476,0.0074466113,96.40773,1.3744942,100.745094,98.30191,103.98102,0.083745204,0.12483983,0.1566449,0.0059742937,0.0051559964,16.600908,2.689728,17.185575,14.536459,15.174624,11.600237,1.6501044,11.704615,9.974986,10.578162,101.10884,16.271393,99.88894,92.35088,104.22491,43.728413,9.106282,47.452156,35.101593,49.28243,0.19017509,54.40823,11.881028,55.77013,51.02657,50.81964,293.5828,1.8255502,-0.05413257,349.34726
2.4145403,0.8928623,3.3174787,1.9449389,2.309518,-0.78545177,-0.68394095,1.5132562,1.8560865,0.25625658,-0.0011167654,-8.95716,-9.90589,-17.768778,0.17752656,-0.20137525,-0.04035127,-0.13172355,0.05018921,0.1889311,0.04669392,0.22013365,0.2074702,0.040320054,0.045681756,-0.50981253,-0.4870239,1.9543422,1.9507986,-0.31776056,1.8958355,48.16373,0.77700835,0.75164783,0.9361493,266.61017,302.22092,342.4906,298.89407,-54.161613,4.1810904,19.88533,35.43448,13.221203,18.50883,1.5139959,21.522894,17.407894,20.180626,0.927195,0.00836508,0.9236781,0.90938056,0.9138919,7.4850464,5.8611164,12.15397,5.045007,9.28403,0.21814205,3.4799912,1.6979296,-1.5096024,-0.041172307,-6.9125915,4.306331,-6.097252,-8.691932,-8.401652,9.050283,8.811402,15.988908,8.086885,12.363169,0.046121746,-0.36944172,0.76334184,0.045197513,0.081869364,4.2800612,0.6033419,4.2382383,4.1331244,4.351787,6.717316,0.45654526,7.5017357,6.0399823,7.045351,4.205382,0.30724168,4.3112874,3.895016,4.203624,6.3707266,0.3224728,6.326092,5.971449,6.26205,7.18489,0.40884474,7.3984604,7.0086207,7.3875413,7.513299,0.60762143,8.05746,7.228477,7.8002644,346.6454,1.8015804,3.8050349,5.445622,0.07269057,0.36718,15.101841,9.6034565,22.789776,11.743756,15.663514,11.503145,4.7637124,8.328048,3.8913388,4.4178777,85.77503,74.93789,132.22868,41.702053,93.36731,56.061527,7.6905107,61.053314,51.87534,53.61055,448.25635,9.1518755,355.58463,334.19894,354.9683,19.450401,2.126114,18.344965,15.464905,16.149828,0.0009475537,1.1550733,0.6659242,0.006372476,0.0074466113,139.16216,22.472656,151.59547,116.44512,142.29147,0.09314585,1.3496493,1.3432063,0.0059877704,0.0051559964,20.016884,3.2857616,22.777832,15.0771675,15.284963,11.025209,1.8517141,13.300345,10.61448,11.000663,193.9081,10.869598,221.03267,125.178894,152.91417,60.831264,27.888313,62.09096,57.69639,63.698677,0.15747377,59.712368,4.362555,67.89989,53.751904,52.01805,469.02707,1.8783107,-0.03515559,512.4707
2.8465533,2.0278993,3.4661708,2.026956,3.2480025,-0.81258905,-0.69659555,1.4470346,1.8046101,0.27493298,0.013156268,-6.5791707,-11.333434,-18.632526,0.18929836,-0.22495623,-0.033185333,-0.12516397,0.04638644,0.38615996,0.040945407,0.21282615,0.20306347,0.036750052,0.040947326,-0.4740554,-0.47578833,1.9515069,1.9510394,-0.31236923,1.8713211,47.527935,0.78209597,0.7590405,1.2101616,327.8036,314.59723,348.20148,328.17416,-54.17149,4.5804596,19.937025,40.23155,11.7679615,23.251122,3.6442695,25.280937,21.277771,22.11321,0.848644,0.054558955,0.9119609,0.86597127,0.888834,9.328219,7.8583364,12.943177,8.045661,10.663332,0.114478186,4.6521955,1.9752314,-3.9055226,0.348337,-8.688533,5.0250807,-7.47052,-11.477095,-7.318113,11.722003,4.8160586,15.838397,9.817355,13.615514,0.053338055,-0.37521276,0.7234078,0.021847062,0.5646652,4.9042907,0.5961386,5.0727563,4.6381254,4.939878,6.402638,0.45201877,7.0541873,6.260607,7.2734942,4.532483,0.37744626,5.055795,4.4193225,4.637366,6.08426,0.4723657,6.461308,6.0937796,6.39824,7.187243,0.3408285,7.350371,7.114984,7.142235,9.044616,0.90767306,9.134104,8.79412,8.645164,460.28876,13.91174,16.934656,24.06024,4.698526,4.5723057,44.081722,21.656155,63.19011,23.691435,24.078697,15.036666,9.760981,17.154701,9.261422,13.250276,44.913258,41.782036,87.58755,38.153694,43.478344,67.26849,9.025953,68.26388,59.618855,61.36195,414.18842,30.123013,430.5027,396.67288,410.74136,19.763664,2.0021148,21.042358,19.051895,19.666107,0.0091901105,1.1443003,1.1145197,0.05259091,0.0074558984,118.78356,15.513635,132.03906,109.35163,129.4235,0.17254251,0.37440524,0.21738437,0.0765497,0.0026247841,29.973932,9.111697,35.466953,23.813864,25.676695,12.663283,2.7316315,13.427472,11.227932,11.079996,146.47435,17.553951,150.25978,133.203,142.20305,79.01535,14.907018,92.24875,66.00917,93.10411,0.15388556,82.877304,25.061274,95.75962,69.384544,74.56245,407.13998,1.8701516,-0.057781532,560.2278
2.762253,1.3511658,3.4480176,1.6878965,2.6328745,-0.7805963,-0.67229366,1.5316676,1.8522211,0.25306046,-0.0045541376,-9.250659,-12.38224,-21.798725,0.16985036,-0.2020007,-0.044997502,-0.13235575,0.052820183,0.25785694,0.05766071,0.21752022,0.20781928,0.04051784,0.045362882,-0.5197187,-0.49274245,1.9519674,1.9505283,-0.3232443,1.894804,47.952686,0.78324664,0.80173564,0.93112296,280.40268,309.00266,348.94403,310.60742,-54.16698,4.4581156,20.372322,36.439228,13.349399,18.216185,2.3170831,21.824862,16.706007,21.651672,0.9271304,0.014813719,0.9272272,0.9051707,0.904978,7.758686,6.24653,13.159698,4.8394947,9.621449,0.10591118,4.2920136,2.3828053,-2.1444528,-0.036400765,-8.232224,5.8524733,-4.8032446,-10.606955,-11.019892,9.788682,8.71011,16.673094,6.7716484,16.31579,0.03971807,-0.35320848,0.7241842,0.09328511,0.12624219,5.547786,0.69084567,5.570687,4.5108767,5.096223,6.9568396,0.39717144,7.8395214,6.760374,7.6520777,4.2196693,0.38971776,4.6625314,3.823697,4.255022,6.5872393,0.42474812,6.36538,6.2489176,6.4648113,7.211234,0.6245869,7.4532833,7.0065484,7.678737,7.606478,1.424076,8.146432,7.5199747,8.564646,431.0469,8.39724,12.407994,18.819761,1.1891191,0.8622367,34.600964,21.227743,63.061295,14.190459,16.071583,14.90836,9.555299,18.702986,5.1807365,8.550035,100.259476,83.15783,135.93613,39.04601,109.693565,61.052986,9.169937,65.87082,55.196083,57.46385,586.1645,27.172525,442.0374,417.77835,409.05905,20.759209,1.8103985,20.11953,17.077093,18.564222,0.0009475537,1.1887194,0.68134356,0.006372476,0.0074466113,145.26349,28.246021,206.51242,127.301346,162.72629,0.09314096,1.3674692,1.3552601,0.005989834,0.0051559964,27.487131,6.878202,32.282066,18.082436,19.007738,11.040756,2.0000112,12.928406,10.723179,11.045643,233.87637,40.61038,236.6147,151.11595,169.48012,85.3186,42.66329,124.31773,61.370125,76.533516,0.13445728,71.59368,8.568181,75.10847,58.49496,56.179234,545.3549,1.9012991,-0.035374302,635.2478
3.3479218,1.0043204,4.0114737,3.0204244,4.3422666,-1.1894746,-0.5936319,1.4596504,1.9473543,0.27796,0.01364046,-5.961552,-11.116167,-18.50112,0.17528087,-0.22111095,-0.030225722,-0.118435234,0.04401807,0.19663009,0.08730464,0.21289529,0.20879395,0.038621567,0.0422852,-0.47758526,-0.47571412,1.9514126,1.9491841,-0.31456465,1.8909703,51.071964,0.35916162,0.73838836,0.9195122,219.29256,307.75745,359.94565,320.6398,-54.17749,4.704462,19.356524,36.413715,11.037089,18.296114,4.4341683,22.504988,17.275576,21.985228,0.9481859,0.02980328,0.9340904,0.8939694,0.90149236,9.869106,4.5283117,14.979309,9.29418,12.715942,-0.30567098,3.6921072,2.0128055,-2.709448,0.034139056,-10.383358,2.4322376,-11.57329,-11.280844,-10.626342,16.621883,4.51313,16.631672,15.839803,17.97109,0.055286642,-0.36611083,0.7218338,0.073646024,0.3046936,4.975306,0.38349667,4.9987025,4.9183807,4.945486,7.352384,0.31804377,7.8048024,7.8525686,8.063732,4.31272,0.2814731,4.4313655,4.1627107,4.3172836,6.405623,0.29434136,6.676545,6.0760784,6.163076,6.9884744,0.46480766,7.399368,6.9849057,7.2750554,8.226445,-0.12025271,8.003831,7.6946225,8.232382,420.91263,6.708886,3.757516,2.0084102,0.5704922,0.47424385,4.9441557,5.307375,4.4093766,0.7114046,1.726992,5.0742326,5.675715,10.351472,3.8737035,6.0285454,52.54429,-4.717465,59.23707,54.090004,54.59426,60.077682,5.092995,60.918076,54.231026,51.691257,420.71774,2.1452906,407.14337,428.36835,392.9815,17.929981,1.3525915,19.196806,16.792198,16.162592,0.0009475537,0.053313512,0.09559107,0.006387142,0.0074541466,131.3317,6.908143,133.72688,138.12282,134.19966,0.29928324,0.14265981,0.15429305,0.006277849,0.005216785,23.176256,4.2753234,20.291462,16.472115,16.283335,11.580641,0.574362,11.425891,10.808681,11.291975,129.57286,-4.4675164,138.3685,121.19298,138.10272,74.36076,4.396296,74.33934,71.219635,77.506744,0.15466976,64.76076,11.142871,64.917404,54.064983,55.1991,401.82883,1.8710134,-0.052192345,482.91525
1.4386083,0.50671476,1.7084202,1.3509245,1.837529,-0.75317085,-0.6778914,1.4410955,1.7746805,0.24576366,0.018835489,-9.768776,-8.348725,-15.944881,0.18532547,-0.2173359,-0.022437107,-0.12358923,0.03712178,0.40672743,0.030990079,0.23318157,0.22591247,0.0385825,0.04180696,-0.46490338,-0.4721671,1.9514089,1.9417211,-0.29678634,1.8852468,48.331413,0.8006422,0.7381846,1.0212697,289.69464,310.5077,336.71793,304.14893,-54.186035,4.50526,19.888397,36.69055,12.951626,18.964407,2.9464939,22.17392,19.969849,22.155779,0.9261705,0.024017723,0.92836815,0.90135765,0.90348166,8.631569,2.508382,8.522034,5.5079393,7.9718637,-0.11655827,1.7366773,1.6652964,-1.3784919,0.48802963,-6.1630087,2.4406834,-4.950926,-8.012958,-9.729549,13.012723,2.7727904,12.581655,8.990907,12.682291,0.062154923,-0.36567196,0.7385233,0.057786588,0.43631962,4.7131157,0.50635415,4.534637,4.385064,4.649196,8.161013,0.2806421,8.68637,7.483403,8.478917,4.2458,0.2452474,4.2257996,4.095628,4.231934,6.486526,0.52562755,6.767772,6.367932,6.26666,6.9080687,0.59775096,7.4221997,6.8648376,7.4838934,7.413707,1.3355683,8.039713,7.2418027,8.160229,395.50677,6.889068,5.3461213,0.56562924,2.8176057,4.595595,31.369884,2.8402543,7.9047756,23.95224,20.41287,11.132677,5.6287603,11.054893,7.7933965,8.946959,101.433495,26.935669,97.7208,121.3607,124.46086,60.681206,5.2155495,59.3022,58.975456,58.348194,352.53366,5.0625415,429.33713,425.21976,397.23633,19.489435,1.5554667,19.041983,17.806719,17.903082,0.0009475537,-0.057103626,-0.041382704,0.005408969,0.007380401,156.60567,8.461211,151.48303,166.7331,163.5792,0.082795985,0.14265981,0.15429305,0.005982866,0.0051559964,24.433302,5.072268,21.016592,18.434814,21.87064,11.094111,0.50335854,11.362602,10.998361,11.195521,183.25584,3.3868861,174.00844,166.87473,189.09383,63.65459,4.4771004,69.12787,61.62706,64.82262,0.14709964,60.591137,8.767861,59.86514,58.960663,60.89864,435.53177,1.835835,-0.051436834,470.3084
3.0553417,1.971097,3.9363306,1.8656356,3.313282,-0.77599514,-0.68717545,1.5311992,1.8659352,0.27060005,-0.0066765137,-10.064752,-10.725661,-18.746279,0.17105865,-0.22635013,-0.04548331,-0.13310774,0.04736125,0.16351512,0.044870924,0.22134782,0.20960447,0.045861017,0.0523946,-0.49443904,-0.48346975,1.954493,1.9509256,-0.3138596,1.8916044,50.16383,0.7901804,0.8034734,1.0410594,256.2501,280.4478,328.16232,275.2251,-54.16888,4.506398,20.141014,36.019295,13.250902,17.869766,1.7115209,19.760592,17.19834,18.844706,0.92333776,0.011323887,0.9317864,0.9213829,0.92570174,8.554609,4.5412226,10.036902,5.643137,6.990469,1.9168794,3.053282,1.8777536,-0.4867642,0.81585354,-8.6163225,2.0236459,-8.117696,-9.811522,-8.813891,11.600031,4.5942554,12.948663,10.134626,12.209259,0.040607076,-0.36123598,0.7193951,0.037671477,0.10249373,4.40229,0.2713495,4.611485,4.2764826,4.8090024,7.5992293,0.6751708,8.97451,7.1477575,7.732744,4.274823,0.12097904,4.3371553,4.0956764,4.3125486,6.2738934,0.2924574,6.982773,6.1264987,6.5448694,7.099792,0.27729255,7.4483514,6.9220915,7.239313,8.446599,1.3933326,8.839915,7.771273,8.309833,404.1569,1.7767359,5.449,4.4970484,1.0963702,1.9689101,26.795252,4.5518847,18.828362,2.479436,2.3804884,8.425745,2.9207382,9.482854,5.967752,8.22307,69.5677,21.504862,83.35072,55.76919,79.398315,49.623253,2.1903183,49.99731,50.025337,51.96975,415.32385,1.5085151,416.14075,408.35196,389.37152,16.001778,1.3532482,15.692211,15.704911,14.816983,0.014123665,2.2402892,4.2996516,0.006372476,0.0074466113,145.09554,11.702709,146.44675,131.69794,138.08145,0.21730354,1.5058806,1.7395446,0.005989834,0.0051559964,18.741257,2.6180534,20.14085,14.877452,19.60484,11.434871,3.6341956,15.8026905,10.744903,11.05182,174.79999,6.495068,161.11166,155.62633,154.7238,63.73952,2.9510179,64.05198,59.4884,68.791695,0.13435136,53.22665,4.2354507,55.676205,57.144627,60.378136,432.63916,1.8693098,-0.043979008,478.095
1.6843009,0.8444358,1.8388096,1.1377628,1.6367562,-1.030954,-0.56483525,1.5877095,1.9780556,0.28049704,0.020735288,-7.163224,-6.3208055,-13.208438,0.19891158,-0.22715275,-0.028726649,-0.1285532,0.04062018,0.28913277,0.08691822,0.22652163,0.2236795,0.052889165,0.061661154,-0.50417167,-0.47141865,1.9570364,1.952098,-0.30762568,1.9122876,50.75852,0.9893091,0.900664,1.2812659,138.41335,241.04665,288.6517,223.04738,-54.169243,3.971965,19.224592,32.559425,12.785115,19.149094,6.016448,21.09057,14.598464,19.44239,0.9200877,0.04550069,0.95757145,0.908557,0.92174906,3.9816923,1.3303094,3.7902102,2.520773,4.2014155,1.1202796,2.0575128,1.5546104,-0.4454795,0.43176877,-5.7926903,3.0289454,-2.8987994,-5.8788104,-6.089485,7.3219333,3.6706212,8.34315,4.1562595,7.7859664,0.06711199,-0.38728213,0.7787536,0.09038227,0.37563577,4.180624,0.35634795,4.3318086,3.9059649,4.2880692,6.463827,0.37750396,6.4585085,6.2493176,6.4412665,4.0248117,0.3759599,4.171274,3.7956479,4.073636,6.060966,0.30101985,6.4075503,6.044987,6.0481906,7.156361,0.21725705,7.266886,7.051876,7.2237635,7.530783,0.37974462,7.951869,7.4798064,7.598533,318.34488,0.47099957,3.5956054,0.77227396,-0.028094525,0.23722936,1.3562716,5.1250644,2.259423,1.0908333,2.0601943,6.882156,6.665431,9.2029,3.4213064,4.888187,37.700676,10.257825,43.17968,33.409073,38.72916,52.447754,6.1221685,57.683857,51.835987,51.74717,301.76694,6.764648,304.41586,299.04367,308.45728,16.813332,4.2393875,18.949081,14.67281,16.112513,0.0014335593,-0.053931892,0.047584638,0.0063891625,0.0081450995,96.37925,5.1133747,100.15739,94.0011,96.999886,0.09228074,0.12483983,0.29121754,0.00685461,0.0028108733,17.247831,5.481113,21.202879,14.530485,15.789413,10.16396,1.8397994,12.010517,9.95959,10.148628,98.423775,9.776729,98.93835,92.46891,101.21747,55.05655,13.95417,62.531723,46.373833,55.757267,0.17485526,53.15961,7.270099,59.59618,51.580997,51.816788,311.3184,1.836057,-0.050654337,366.80292
2.4340496,1.5804497,3.372237,1.5214072,2.7021313,-0.9779538,-0.5665125,1.6895167,2.0592704,0.2809414,0.010640179,-8.027047,-9.644375,-17.364697,0.18103777,-0.23003529,-0.033058006,-0.12874916,0.04570724,0.19009276,0.11017752,0.21955045,0.21825758,0.072813734,0.07590061,-0.5444897,-0.47228923,1.9541552,1.9490987,-0.31583738,1.919147,52.91325,0.9445454,0.9883672,1.0582515,151.2919,225.98885,296.23126,206.45921,-54.15215,4.396346,19.531721,34.82455,13.084499,18.580278,6.6240425,21.97003,14.15835,20.583498,0.9124122,0.050313212,0.94888675,0.8965414,0.9065567,6.3472285,3.9072075,7.7198277,4.424746,5.8758497,0.21304907,2.8563907,2.143175,-1.0937248,0.44141573,-7.2481995,3.5734801,-3.814684,-8.153443,-8.9684725,7.9925404,3.8978488,10.220941,6.358087,12.915289,0.055757005,-0.368068,0.73198026,0.123635136,0.10854912,4.1668606,0.37310508,4.8731065,3.9105031,4.4007077,7.137813,0.51067793,7.851224,6.7198405,7.3909664,3.9787211,0.44491512,4.2231226,3.618863,4.096612,6.3402915,0.40556777,6.438441,6.306517,6.361342,7.0912886,0.49344122,7.5826564,7.0990753,7.537118,7.8347077,1.5062624,8.507191,7.468265,8.260285,402.346,9.587891,14.152569,19.460062,2.4849174,1.1870944,21.769882,17.73724,28.892088,3.5344758,1.878353,16.297388,8.134883,16.698183,6.5627937,9.034655,89.629585,44.947334,77.77456,55.4532,67.99852,58.35021,11.654052,63.295654,54.606865,54.337936,441.98273,21.26096,349.28445,282.53287,351.31702,21.690155,3.7274904,18.88375,17.76428,17.756136,0.0009475537,0.67893684,0.2674186,0.006382361,0.007456702,130.49124,12.332125,175.20317,107.731735,126.43355,0.08299962,1.2759192,1.3774664,0.006034982,0.0051559964,26.809418,9.236907,30.104778,19.559132,19.477884,10.624311,2.988075,12.654303,10.0936365,11.065036,179.42075,42.21773,153.93912,139.21895,136.28976,52.86775,16.080534,72.87385,46.34328,58.110287,0.17562382,71.34844,16.013893,76.02323,59.36619,59.713078,414.62106,1.8898834,-0.04533667,460.29434
2.7637646,3.5954406,4.481459,1.6769236,4.713388,-0.81749517,-0.72072846,1.4984756,1.8628008,0.24979892,0.017798338,-7.8402457,-10.799767,-17.849197,0.18564208,-0.2047078,-0.021693502,-0.119943194,0.03568492,0.3110828,0.10833967,0.23285954,0.21959132,0.03827615,0.0435188,-0.47572592,-0.46588403,1.9518378,1.9508541,-0.2952432,1.8939937,49.641712,0.7892162,0.7226523,1.0782424,292.01355,309.8503,353.12744,316.34186,-54.183575,4.705705,20.039673,37.5347,11.687896,20.980808,4.4514914,23.088337,19.537561,21.899946,0.90235955,0.049158953,0.9326935,0.8672839,0.89203995,8.164054,9.437053,13.364675,5.0206404,10.455156,0.3409155,11.872007,5.4206905,-3.9938087,0.19791268,-9.607255,10.65353,-3.5757926,-14.265736,-8.105929,15.291199,9.559911,19.881342,6.383053,10.37472,0.057912596,-0.3561384,0.690195,0.13712674,0.37473452,4.8257747,1.2973369,5.880948,4.2736864,4.716275,8.390564,1.4244089,8.519568,6.4801946,7.398699,4.346302,0.86110246,5.0197654,4.4285226,4.420052,6.807142,0.5893566,6.89224,6.244187,6.297252,7.22875,0.23914458,7.282829,7.024545,7.0192924,9.252042,2.803527,10.479191,8.538839,9.220229,458.9133,13.420535,14.073772,19.936115,3.697493,3.6179593,27.67652,25.389013,31.581755,10.521702,17.698692,13.86396,8.206751,13.702766,7.540657,10.758831,78.342926,87.051,93.23229,39.05965,64.44563,60.86517,9.171119,60.54291,57.170643,54.38946,481.462,31.270048,495.12622,393.91376,433.6613,19.307985,3.44983,20.330236,17.818996,17.023476,0.011817603,0.9127136,0.60159975,0.095996335,0.0074194027,142.46375,47.050373,161.5188,143.95021,162.16273,0.31466484,1.2250857,0.9944363,0.18057558,0.0051559964,29.471983,6.2708817,29.5573,26.156107,23.654745,11.921228,2.1308007,12.984636,10.965121,11.330142,148.8246,25.645182,151.47224,148.23058,155.08185,73.54126,40.01436,91.79361,60.31162,88.93532,0.13773146,74.35322,19.278164,75.17358,58.531162,68.119286,457.46234,1.8430777,-0.06297341,635.6531
1.8589122,3.7833574,4.1746097,1.1466938,3.09898,-0.78689283,-0.62259793,1.5110102,1.9157543,0.2527009,0.003457202,-8.397624,-9.293343,-19.05145,0.18588044,-0.20782335,-0.031210557,-0.12070263,0.041566275,0.081618845,0.056153312,0.23065113,0.23721711,0.042040326,0.04791107,-0.4692125,-0.47657004,1.9502546,1.9440274,-0.2999009,1.8868635,48.245277,0.9978984,0.81464756,0.8533009,275.98495,303.09015,318.97134,312.10672,-54.17315,4.6659703,19.964493,36.63929,12.706841,20.82682,6.8310256,25.759642,21.945337,25.639784,0.81498027,0.057215028,0.8826345,0.8468754,0.8644683,8.37624,6.9881153,14.570268,4.4670076,8.005854,0.42999867,10.0279455,4.1590977,-4.61369,0.28379038,-7.601295,11.700156,-4.393946,-14.044262,-9.120218,13.94836,10.543001,18.18355,7.8618097,13.587363,0.046180055,-0.3610615,0.69800305,0.05325374,0.08981274,4.544141,1.1297604,5.4597664,4.21903,4.7335796,8.214106,1.798164,8.614148,7.483758,7.354935,4.37406,0.5816651,4.733833,4.126903,4.3755903,6.8110194,1.2921314,7.1177545,6.4792147,6.3282647,7.144712,0.6330498,7.689464,6.9606094,7.5581365,8.268787,3.9140778,10.325696,7.3720403,9.70642,441.55423,20.936977,17.937494,20.834236,0.7738811,0.649917,45.031628,21.551937,56.27706,0.5503866,1.726992,19.599237,12.276218,15.47525,4.5976925,5.0961485,79.01751,67.20165,79.9605,46.36103,52.122444,62.50787,10.535004,65.93059,58.184708,53.624268,442.3121,37.784557,436.74454,455.68274,447.47934,20.221893,3.6343012,19.72131,16.791218,16.484812,0.009215602,0.20907027,0.15893638,0.048260614,0.053701747,137.85503,27.100695,153.9758,133.77364,138.92075,0.09178725,0.32970285,0.20063744,0.04913539,0.0051559964,32.662148,13.233738,34.259254,15.74622,17.594437,11.859635,2.2366266,13.445608,11.048482,11.554457,159.28162,22.848345,144.63823,137.33768,153.72398,72.15981,35.642868,87.2,59.716106,79.26401,0.15493852,71.13801,25.409225,77.88762,58.1417,58.02275,432.15796,1.8495756,-0.05217705,555.1617
2.11889,1.0069137,3.2997608,1.575839,2.140332,-0.81558496,-0.69348484,1.575644,1.9038899,0.22309294,-0.036157373,-14.90359,-12.500307,-28.09482,0.117981985,-0.18704768,-0.0769621,-0.13351186,0.077158615,0.12995552,0.020428479,0.22090432,0.20727609,0.053357575,0.056888405,-0.5237262,-0.49143046,1.950132,1.9497551,-0.30885834,1.8678669,45.62001,0.78079873,0.7720665,0.75221545,275.074,307.83878,348.9356,286.0842,-54.155243,5.411184,22.563126,41.442307,14.020897,26.587727,2.1642067,30.678,25.411264,25.857824,0.8114835,0.021959687,0.8444943,0.8013426,0.85867125,7.458169,5.536753,13.569134,6.394501,9.233644,1.0175142,4.513426,2.298227,-1.4801321,0.057866693,-8.386766,5.6439157,-6.5232363,-11.540656,-8.705516,10.218011,7.5289087,17.757063,8.898701,13.63963,-0.0019100948,-0.30832952,0.6979138,0.026160588,-0.004635022,5.439938,0.69769716,5.7666717,4.878353,5.3821697,7.699685,0.393444,8.494592,7.202009,8.30261,4.709431,0.5098101,5.0701966,4.432996,4.824078,7.0901875,0.4127844,7.0904593,7.097115,7.2988925,7.334931,0.5132044,7.3472214,7.0898104,7.4201355,8.362169,0.45360422,9.263518,8.134081,9.038585,505.43054,10.641698,4.989126,16.004713,6.944039,4.9677467,57.458195,11.75177,68.80738,29.34632,22.733273,13.995305,5.016715,12.153665,6.272123,7.661305,108.11236,76.59472,134.65736,66.769585,121.02342,72.310165,7.257702,77.993866,67.89913,69.775894,630.49554,17.398005,602.6892,524.7332,542.3563,19.74333,1.6646787,20.530838,20.402748,21.881512,0.13245635,1.3683753,1.1919899,0.29347456,0.2381347,167.96446,24.36198,198.47064,146.66028,204.14148,0.9615846,1.7246495,3.1307411,1.5491471,0.456604,26.601103,3.6059375,29.339682,26.10238,23.125414,15.139715,3.7010808,17.301647,13.142214,14.480139,242.2047,16.723877,258.85025,185.10962,227.39326,106.04534,38.475136,117.974915,71.517494,100.908394,0.14135237,82.10238,7.8694897,88.991486,69.35555,68.92193,664.90094,1.8559704,-0.032456502,735.18146
1.3840635,0.98470217,2.0143747,1.1851022,2.0810635,-0.7581145,-0.7132448,1.4923747,1.8207994,0.25227553,0.01944739,-7.480012,-7.7705736,-15.535483,0.18222488,-0.20849037,-0.028170345,-0.12044466,0.038976613,0.23633918,0.043722484,0.23325814,0.23365037,0.040673837,0.04434423,-0.46559,-0.4693251,1.9505309,1.949583,-0.2987792,1.8979605,49.686317,0.81409526,0.77801496,1.0261207,271.2353,305.58463,322.69766,304.13083,-54.185955,4.286906,19.766619,35.244736,13.303442,18.043034,6.6365113,23.639433,17.67462,23.306791,0.9430214,0.054826118,0.93750143,0.8871407,0.8870398,4.622584,3.5430582,7.450748,2.7425425,5.5084133,0.470316,4.7246366,1.7312737,-2.139323,0.48726872,-4.5213246,3.7489636,-3.4336004,-7.9328923,-6.581257,6.221412,4.6886334,11.111462,5.234739,9.698021,0.060864635,-0.3654488,0.7494093,0.038077913,0.30630562,4.2732954,0.33053908,4.4442782,4.1825957,4.3895454,6.52496,0.2603492,6.8268332,6.2352595,6.6159167,4.2674546,0.2831698,4.3933344,4.123735,4.31871,6.2116065,0.27663973,6.362626,6.045768,6.0343084,7.0412226,0.6992405,7.7825456,7.013539,7.776948,7.679179,1.1340702,8.569386,7.456407,8.532365,370.19937,10.644957,11.720866,17.270687,0.93416137,1.062149,16.8076,21.209326,22.605627,0.8101063,1.4702816,9.996369,10.1668825,13.436107,4.4640794,5.7225647,51.112713,14.076977,59.627617,44.2606,45.46413,58.6651,6.3119593,58.55654,53.95342,53.447773,347.22375,12.5181675,356.45447,347.96902,367.72058,19.862106,3.0813355,20.326782,16.602488,16.089485,0.434922,0.3397727,0.48006684,0.006372476,0.0074466113,113.552986,6.162426,116.66649,108.18576,114.38964,0.71555626,0.14265981,0.15429305,0.005978696,0.0051559964,26.675325,8.790208,27.926651,17.314941,16.757978,12.34794,1.2948666,12.106853,10.744058,11.396433,117.297615,10.535222,124.3726,112.47652,116.62795,60.519268,14.584838,68.22351,59.34815,63.666283,0.19313306,77.97614,16.40916,66.83001,54.900314,55.122448,362.88882,1.8224188,-0.050788924,429.84613
2.0493374,3.0378058,3.6001403,1.2253077,2.7676628,-0.7526591,-0.7142129,1.4732736,1.7922101,0.25454572,0.0011717052,-8.828446,-9.949129,-18.508337,0.18264395,-0.21632881,-0.03773418,-0.12824014,0.04529559,0.23908366,0.037306525,0.226111,0.22812793,0.03839659,0.038174625,-0.46824333,-0.4718838,1.9508511,1.9503593,-0.30749375,1.9014808,48.966167,0.89100236,0.84184307,0.89816004,294.34436,286.33444,323.5683,296.08218,-54.176743,4.504689,19.957178,35.705967,12.947057,17.662676,0.7457448,19.140623,17.984142,18.33446,0.934999,0.010317499,0.93274534,0.9260817,0.92943084,8.589512,7.769942,14.125945,4.5378966,8.792628,0.30166292,10.060593,3.7897894,-3.359393,0.25691155,-8.326739,10.154537,-4.262552,-14.217687,-8.263703,14.065467,8.14942,19.068567,7.2201123,9.231234,0.040969133,-0.35173407,0.6875468,0.016490934,0.21947101,4.465026,0.67552817,5.088177,4.3448386,4.6044564,10.34196,1.1981171,11.5315695,9.58299,9.31901,4.2671046,0.175497,4.4192204,4.284199,4.2643948,6.5757236,1.0261943,7.0622663,6.1528745,6.220546,7.009657,0.071638525,6.9822884,6.938054,7.0051317,9.449476,2.259882,9.509647,8.092651,9.55766,455.62598,1.0229129,3.2345288,6.220531,0.423812,0.33390263,3.3611076,7.626553,4.2895265,2.3299267,1.8375154,3.0580971,2.4931788,2.132651,2.3375938,2.4288769,87.83898,44.28936,99.18898,91.32264,90.6261,53.914345,1.6529999,54.27351,52.204094,51.267056,459.18497,4.4883127,477.0697,437.66623,450.54578,14.169328,0.5985799,14.166142,14.739976,14.588741,0.005171154,0.17542407,0.13195643,0.0064102574,0.0074466113,158.41333,15.862834,156.46097,159.23328,181.72867,0.11727605,0.30633488,0.26308936,0.01421743,0.0051559964,14.967416,0.98180175,15.437309,14.613406,15.057321,11.943986,1.2123283,12.334723,11.280469,11.345605,167.4657,8.751708,159.33075,173.13133,177.8452,64.25949,5.7931647,69.277824,59.729942,72.55043,0.10296207,54.265404,5.836745,53.54132,53.990353,51.925903,434.05533,1.8493894,-0.050047852,553.79846
3.3883176,1.6528549,4.663355,2.0384955,4.155456,-1.246976,-0.5811517,1.5554901,2.0053444,0.23410095,0.0081175715,-9.820522,-11.918264,-20.54948,0.16425246,-0.19601962,-0.032798003,-0.1168346,0.041510034,0.16928403,0.07367813,0.22218923,0.21960863,0.043680687,0.051025145,-0.49452338,-0.47991174,1.9507891,1.946602,-0.30253604,1.8848565,49.497993,0.34276396,0.73342127,0.75860405,201.63434,293.78323,370.709,305.9639,-54.184498,4.887305,19.997747,38.410442,13.374602,18.997673,4.927156,24.769712,17.11768,24.36968,0.9280523,0.036400903,0.93923444,0.8724396,0.87989855,7.2668805,7.431267,17.10876,8.348379,12.595438,-0.4995978,5.753562,1.7209821,-3.7038362,-0.30166054,-6.3668165,5.337976,-5.7703996,-10.18598,-10.113879,11.786436,9.997414,19.147638,9.655096,13.915872,0.054801513,-0.32601488,0.7199269,0.07799127,0.055924542,5.2013683,0.87129676,5.6596136,4.5051165,4.970869,8.407703,0.5053331,8.843438,7.8327494,8.50064,4.4410667,0.6111241,4.879996,4.1202636,4.388293,6.4317613,0.45904514,6.926608,6.1547074,6.8770304,7.0792317,0.6620304,7.5373783,6.906505,7.6109524,8.213982,0.9078326,8.6997,7.6560044,8.19272,468.72137,13.337435,9.089463,11.620256,2.0865693,1.205074,34.123695,16.470106,52.294704,13.37315,15.561018,16.715082,9.063637,14.6414995,5.4576807,7.5312204,118.69889,60.164845,150.01227,54.61696,107.032394,68.35699,10.480291,72.005165,59.578568,59.103447,584.3202,16.44476,488.52823,460.68274,472.5974,21.271645,2.4590588,21.375376,18.243752,18.607681,0.07015706,1.0863591,0.46798384,0.006387142,0.0074541466,155.43446,27.28596,185.80553,149.35545,176.65054,0.30643126,0.6401186,1.1002706,0.006277849,0.005216785,26.217857,7.067455,32.160454,22.59029,19.459856,13.654305,3.0747867,15.8299,10.712465,11.981078,219.12971,10.147719,249.62665,152.234,204.4783,92.82131,41.206512,92.2472,66.203,79.59508,0.17337306,87.97714,15.312286,83.51675,59.194332,60.71177,557.76227,1.8397081,-0.050527014,654.5127
1.3858845,0.3171706,1.7373453,1.3311427,1.613467,-0.74722886,-0.7132448,1.4578265,1.785454,0.268989,0.01516025,-7.620436,-7.4272966,-14.538748,0.19609477,-0.22310601,-0.029064052,-0.12584414,0.04142457,0.3481278,0.041156705,0.23000373,0.22430867,0.03873611,0.041349944,-0.47484726,-0.4721425,1.95257,1.9514718,-0.30271593,1.8941969,48.721764,0.7964628,0.7461236,1.154613,280.4913,310.13135,329.66116,306.15125,-54.182087,4.270022,19.573874,35.25426,13.128435,17.973394,4.031514,22.140182,18.404459,22.354548,0.9268559,0.03049609,0.92831594,0.89879847,0.90033203,4.909182,1.2228771,5.8187513,3.4839163,6.437811,0.23253931,2.918498,1.6873527,-1.0020989,0.45159456,-4.834733,2.2041066,-4.52311,-6.9047585,-6.836558,8.281844,2.0534556,9.492407,6.0538373,9.077869,0.058377214,-0.38889438,0.76059407,0.038077913,0.4610852,4.284926,0.1108771,4.3153863,4.2264175,4.3840165,6.612292,0.2053719,6.757503,6.5216327,6.647054,4.261416,0.12276884,4.2474637,4.165312,4.207376,6.137953,0.14019209,6.3425913,6.0382385,6.083338,7.037447,0.5834224,7.5645356,7.0283747,7.6269403,7.4008336,0.69700396,8.220246,7.421766,8.051684,340.1177,0.564027,1.1650406,-0.48465607,0.16800196,0.360998,0.1563827,0.6293772,0.09335703,0.35529122,1.4702816,7.116137,3.231048,8.223463,4.4099417,4.5296597,50.278152,6.4357967,50.220543,41.201504,43.50597,56.320305,4.3832426,55.93193,52.890736,51.411304,317.33255,0.12315861,323.33298,323.3803,336.5537,18.417252,2.461333,18.458603,16.265526,16.355207,0.0009475537,-0.057103626,-0.041382704,0.0062520695,0.0074542775,105.18572,1.4785337,105.645294,100.161934,102.86503,0.082795985,0.14265981,0.15429305,0.005982866,0.0051559964,18.842024,3.051838,19.049711,16.042517,16.057928,11.077749,0.40164477,11.347112,10.977401,11.107325,110.19146,4.167915,111.86254,105.036354,104.91149,61.168797,5.2932467,61.137886,59.97874,60.856346,0.17172909,56.361248,7.0321455,56.265686,52.39867,51.55955,328.92905,1.8401008,-0.04834053,372.45847
3.9531443,2.583923,4.946719,2.052695,5.14563,-1.2422705,-0.5843862,1.56448,2.0450797,0.24742861,0.006216498,-9.613053,-12.318621,-19.58384,0.15670809,-0.20777972,-0.03855493,-0.11759036,0.041236073,0.17600271,0.06679199,0.22136919,0.2183569,0.046236012,0.052847512,-0.47827834,-0.47988272,1.9504455,1.9469187,-0.30148906,1.8819532,51.572975,0.33541393,0.7959313,0.8432336,201.22757,281.0277,357.3787,292.76285,-54.186123,4.93889,20.059721,38.427624,13.4000435,18.143152,4.701547,23.726248,16.717062,24.355207,0.92730933,0.038655818,0.9368117,0.8806907,0.86145294,7.7221913,5.662926,14.061039,8.707494,10.373302,0.5903328,4.455122,1.8599136,-2.488668,0.35297292,-8.195861,2.3507736,-8.596231,-9.654514,-10.21672,14.048623,4.857356,15.667373,11.691692,15.318768,0.050846457,-0.33562544,0.70799005,0.07308216,0.14266188,5.8471894,0.50669056,5.718923,4.8032436,5.2664175,8.3687525,0.49895105,9.198978,7.9553714,8.499167,4.483249,0.3873099,4.8188443,4.332277,4.4741464,6.345571,0.37597853,6.9501967,6.138545,6.806178,6.9981704,0.5469224,7.5827985,6.829365,7.454322,8.531891,1.4120789,9.031363,7.8052506,8.236313,469.02173,17.329361,8.539411,9.142391,3.1270459,2.871563,45.81534,10.088894,48.242092,3.9553084,2.79496,14.042455,7.4230847,15.810465,6.2655225,10.803525,76.11759,2.3248081,83.25164,61.572155,76.943085,61.10531,5.650065,60.379753,57.229687,57.1526,520.2852,6.6313996,491.30463,526.74023,449.14456,18.070818,1.6468763,19.426449,17.81517,17.862612,0.07015706,1.703054,3.0885973,0.006387142,0.0074541466,153.24371,14.005577,165.4462,157.72493,152.62885,0.4105707,0.87588334,1.1035273,0.006449653,0.0068033054,25.9984,6.5576735,29.732597,21.612118,22.41356,13.8504715,2.3345714,13.657703,10.843376,11.898187,186.44449,6.670155,179.05133,162.82893,172.07837,108.35833,13.96172,116.67395,68.27551,82.52908,0.1688486,90.96939,13.815328,73.024345,64.13618,69.07183,470.0679,1.8442482,-0.055569433,578.358
1.3837192,1.4188691,2.2737405,1.3464369,2.0169942,-0.79075265,-0.65280557,1.458007,1.8135178,0.25813356,0.0069357227,-8.383833,-8.012296,-17.20647,0.17861924,-0.21359845,-0.027479375,-0.1202407,0.03971277,0.1555571,0.049667474,0.23130573,0.2249623,0.040918987,0.04676094,-0.4859491,-0.4825649,1.9499661,1.9442586,-0.29646105,1.8886777,48.106316,0.83539104,0.7895287,1.0381624,267.3184,300.9011,325.69467,301.3038,-54.174442,4.5442653,19.851439,36.449856,12.939197,23.539598,5.946371,26.169392,21.95334,26.092358,0.8118663,0.04099527,0.8768888,0.8540726,0.85953385,6.6925607,2.9002721,6.943579,5.5330043,6.721461,0.67567796,3.1222384,2.4438808,-0.4380174,0.7270986,-6.49915,3.6879559,-6.2377067,-8.693839,-7.753901,9.583805,4.508599,11.61566,8.897269,11.745222,0.055958368,-0.37672415,0.7457738,0.0422061,0.15397069,4.3910456,0.6102237,4.4798794,4.1529603,4.2957215,6.7409654,0.6190256,6.719296,7.162125,6.7867503,4.1666555,0.3298041,4.5016017,4.004904,4.328511,6.274149,0.636685,6.3610854,6.3425565,6.29876,7.1223645,0.6583863,7.524632,7.0244894,7.6505885,7.370135,2.0587966,8.968335,7.5774016,9.183318,367.4267,13.925685,13.38036,11.325313,0.95099366,0.51667345,39.204758,20.152607,36.79129,0.32484755,1.4702816,17.80238,11.889763,15.796237,3.940583,4.5140433,60.074768,36.225056,74.02782,40.869038,44.32166,58.129898,7.996069,61.347996,56.43462,53.020245,366.83203,37.091835,361.87427,381.01074,376.39688,20.914642,3.8386486,20.708252,16.220377,15.907738,0.004992007,-0.020285703,-0.023630468,0.006382361,0.007456702,128.25087,7.450429,118.48731,114.64524,114.93232,0.083004504,0.14265981,0.15429305,0.0060086,0.0051559964,32.843494,12.958445,29.640417,16.061398,16.836256,11.078448,0.78088176,11.916679,10.741498,11.197656,133.2995,16.33191,118.25404,111.51644,117.035515,61.01333,11.563386,68.41428,59.27511,61.239513,0.18150204,71.04709,15.656038,71.699295,53.841248,54.976868,365.33322,1.840523,-0.050858427,417.39975
2.4073834,1.581566,3.5427916,1.6905863,3.8334265,-1.236154,-0.453015,1.6360099,2.0682821,0.2477406,0.021084366,-7.1318283,-8.234491,-15.557005,0.17230597,-0.20093575,-0.022589194,-0.108969755,0.033570234,0.1907036,0.08488359,0.22076152,0.22251475,0.05385804,0.058491953,-0.4841682,-0.46878,1.9557415,1.9494565,-0.2976724,1.9171968,51.659863,0.9385879,0.9241661,0.9072776,152.62671,253.96529,283.3675,248.68411,-54.191174,4.446667,19.45279,34.882427,12.780474,20.35646,7.374981,23.66146,16.563044,24.322584,0.90919954,0.05937251,0.94951886,0.8737784,0.8813149,5.5703917,3.5180252,10.287433,5.2046866,8.997768,-0.84367234,3.2056293,1.416665,-2.7211757,0.0133176185,-4.8826475,3.2153866,-4.159915,-6.5624895,-8.074236,9.308728,5.9996195,10.546102,7.4550433,10.430416,0.06813167,-0.33318388,0.73148966,0.12665145,0.15543836,4.4836497,0.48802933,4.6205473,4.13718,4.5448084,7.945096,0.46867836,8.212246,7.9559526,8.133765,4.159611,0.41456112,4.3752885,3.8644514,4.0852256,6.3847847,0.5571061,6.8768435,6.1164746,6.447239,7.085295,0.5003555,7.495769,7.0034738,7.353227,8.2450695,0.36920106,8.759606,7.991321,8.057239,425.74274,11.658575,8.20148,11.102822,2.5821087,2.0318317,16.509602,9.691688,2.4102533,4.7349696,3.073749,9.318567,8.657146,11.331692,4.7230034,5.857677,76.66229,15.372043,61.5556,54.675434,63.62153,62.817486,7.3548284,66.54408,57.557644,58.541245,444.48355,1.7651836,434.63074,386.13672,410.33594,18.617823,2.4237962,18.719786,16.33826,18.122866,0.093506575,0.20200337,0.26946437,0.02013114,0.026552828,147.5554,4.9798784,149.0496,143.97028,136.17035,0.16961889,0.51609766,0.8807459,0.0032153798,-0.0022564938,23.662931,5.528831,25.533627,20.791666,18.581593,12.697348,2.562657,15.902445,10.102178,11.617236,155.88365,5.508858,154.80476,130.21056,142.45927,67.82929,14.63867,72.99112,46.854504,63.29152,0.16747259,81.52619,15.070357,84.98827,60.796608,75.33601,409.38,1.7992532,-0.058050264,525.5496
2.3695788,0.504577,2.6559563,2.0238278,2.3188393,-0.7481205,-0.699468,1.4564149,1.7771604,0.29114667,0.00077235315,-5.742016,-8.478095,-14.669374,0.19742273,-0.24039713,-0.0485792,-0.14112349,0.05625049,0.3604346,0.04456433,0.2136277,0.20992321,0.037200022,0.038362443,-0.4874519,-0.48134497,1.9528072,1.9519076,-0.31890488,1.8966368,49.641804,0.8018149,0.7495119,1.1587454,282.73932,293.39935,332.4428,302.858,-54.16803,4.077451,19.400167,34.95486,11.063853,17.817553,-0.3310515,18.00599,17.624548,17.88312,0.9327141,-0.0022986983,0.9326723,0.9339073,0.9339231,7.688623,-0.1642371,7.5541987,8.49949,7.4843264,0.25139144,0.45799747,1.5686394,0.08698316,0.45450515,-8.777029,0.49739859,-8.633861,-8.11628,-6.6523304,10.475143,0.44539514,10.705519,11.329959,10.656265,0.046019744,-0.40659332,0.7803438,0.031714436,0.48611948,4.1823525,0.068147466,4.1080003,4.194051,4.1954293,6.338378,0.15555787,6.2115693,6.33126,6.1742635,4.209155,0.050196122,4.2319536,4.202677,4.211716,6.0242167,-0.0072494852,6.185432,6.04097,6.038481,6.9820433,-0.015197072,6.9445734,6.9699254,6.9639006,7.5084233,0.10074647,7.4321,7.295914,7.2909355,294.4739,0.000773101,0.33483276,0.17482077,0.069394045,0.30127054,-0.5220973,-0.47144094,-0.7730474,0.35529122,1.4702816,2.0633655,-0.11937615,1.6423881,2.1093848,1.9727072,28.864075,-1.6491295,27.036844,30.630308,35.839237,50.21915,-0.43707934,50.20488,50.09859,50.26813,278.37933,-0.57967055,291.9526,272.7902,292.09943,13.984575,0.12144616,13.912897,14.085908,14.124877,0.0009475537,-0.053931892,-0.050610416,0.006372476,0.0074466113,86.01848,0.33919936,86.96832,87.77846,91.16613,0.083004504,0.12859541,0.14223927,0.0059877704,0.0051559964,13.88285,-0.05977796,13.765916,14.048881,14.079707,11.15825,0.158224,11.299358,11.239809,11.268349,85.90994,1.3250992,87.49143,85.67082,94.27972,59.645885,0.037384383,56.104015,59.260105,59.542812,0.17006561,50.218777,0.5999558,49.702454,49.711967,50.263844,295.73145,1.88162,-0.04218584,327.92557
2.9393067,1.0526186,3.0305846,2.637073,2.8310833,-0.8114245,-0.7084092,1.511224,1.8645983,0.25203553,0.022252252,-5.048548,-11.291125,-15.459818,0.18389942,-0.20913132,-0.0227636,-0.11746251,0.036093872,0.34652823,0.04238131,0.23601384,0.2297181,0.038813423,0.042802025,-0.46637276,-0.46771944,1.9518261,1.950255,-0.2920797,1.8813549,49.2332,0.8203974,0.78118163,1.1897165,285.14993,321.49234,355.96344,321.6423,-54.187164,4.5313544,19.857365,36.63333,12.985047,21.712599,2.1773133,22.760944,19.666939,20.25803,0.90650165,0.021782385,0.91572225,0.9010919,0.916685,8.15773,5.511117,9.0064945,5.1648817,7.833838,-0.47391254,2.8622532,1.7888392,-2.949816,-0.012679246,-6.0170565,3.122849,-4.325779,-9.729335,-8.478471,12.383774,4.9598374,13.073242,8.466695,11.824405,0.064105526,-0.35223135,0.73334473,0.0381088,0.44747838,4.5549173,0.19202462,4.6186123,4.446366,4.6087112,6.698911,0.4123684,6.6108003,6.552261,6.7228575,4.455854,0.18067396,4.5782948,4.329572,4.5158205,6.11066,0.5397677,6.324973,6.113234,6.1841874,7.1743855,0.18266377,7.3456125,7.090837,7.294161,8.248079,0.49893108,8.48042,8.806216,8.578604,384.93362,3.8972337,2.569963,6.930247,2.8453999,2.615809,10.979788,5.015747,13.914723,5.874262,9.14168,12.566454,5.4453564,14.625175,9.263269,13.188057,54.136337,26.6392,69.74161,42.41383,44.438496,59.58872,4.9511485,61.818115,60.343704,60.39805,370.9408,7.7203045,379.75983,364.5034,373.84772,19.585217,2.2538028,21.201115,18.967323,19.243303,0.0020265006,0.027155966,0.019063683,0.003884796,0.0074194027,114.47372,4.6031346,114.53424,110.73379,111.43976,0.09903324,0.11679141,0.14223927,0.0055816155,0.002588697,23.179197,4.8457875,27.500256,23.697563,23.440199,11.503105,0.48502946,11.49808,11.14059,11.138038,122.628296,7.463322,124.99616,118.3137,119.80127,67.50502,3.8967495,73.93559,68.73643,66.33158,0.1658918,65.262436,9.627765,69.40857,60.87922,60.556618,376.98264,1.859334,-0.066768296,432.9919
2.3929634,1.0083554,3.4460287,2.1988573,2.718919,-0.7861216,-0.6792788,1.512911,1.8560865,0.2765032,-0.004893278,-7.495673,-10.456991,-18.045835,0.1839847,-0.21366835,-0.049859088,-0.13809389,0.05962226,0.2052988,0.058082305,0.21307218,0.2042461,0.039775297,0.045397587,-0.5166807,-0.48805878,1.9548438,1.9514924,-0.3234486,1.8956666,48.28469,0.7788011,0.7556563,0.9555785,266.4868,301.88046,342.4906,300.8997,-54.161263,4.2422585,19.512146,35.328346,11.232219,18.503845,1.5178595,21.522894,17.385077,20.180626,0.9269454,0.008529178,0.92215556,0.90919065,0.9138919,8.299679,5.3184733,12.559329,7.6686316,10.265995,-0.05970867,3.450242,1.6700207,-1.7069315,-0.024226658,-8.135004,4.684421,-7.98785,-9.349003,-8.79439,10.55358,7.874398,16.469868,10.63603,13.069974,0.04235137,-0.3882971,0.7696472,0.043397818,0.09224803,4.4782333,0.6356293,4.548885,4.2269144,4.4721127,6.214617,0.4504995,6.951931,6.00959,6.7225885,4.209187,0.316496,4.3787885,3.91523,4.2188225,6.361819,0.30307508,6.3136263,5.9588394,6.196553,7.156889,0.4358115,7.346494,6.9658,7.3996525,7.2020993,0.4472633,7.561416,6.974838,7.6310935,346.84784,1.9966125,3.8050349,6.6042733,0.07269057,0.36718,15.133691,9.804844,23.515661,11.913711,15.663514,13.190805,5.1396556,8.328048,3.9313908,4.4593763,81.2407,73.362465,135.76132,36.689293,90.73959,56.280342,7.6113243,61.07163,51.72017,53.628365,423.40118,9.0946,352.18387,291.98975,344.81204,19.598577,2.1161504,18.35606,15.464905,16.05581,0.0009475537,1.1550733,0.6659242,0.006372476,0.0074466113,125.13845,18.56849,139.4065,113.454445,135.4074,0.09314585,1.3496493,1.3432063,0.0059877704,0.0051559964,20.356558,3.4847002,22.777832,15.196799,15.284963,11.050625,1.8517141,13.215561,10.61448,11.007501,178.39659,10.869598,201.19577,111.15335,141.44531,63.489494,28.507687,68.991104,58.3165,67.17489,0.16348653,59.761177,4.362555,67.98998,53.67678,52.01805,452.77292,1.8933972,-0.034054585,483.60443
1.8914282,3.5043092,3.837888,1.027098,3.2987406,-0.7628731,-0.70585644,1.4805619,1.8565884,0.24584302,0.015160302,-7.94322,-8.901377,-17.585037,0.18435399,-0.20595133,-0.024756335,-0.11850406,0.037183136,0.20172377,0.05202819,0.23147112,0.2381855,0.041244674,0.043156847,-0.4623146,-0.4681981,1.9498912,1.9490477,-0.2983394,1.8960631,49.383797,0.8027652,0.81143755,0.9687591,287.01636,305.3236,320.4735,308.08105,-54.186153,4.608609,19.794638,36.284985,13.189736,17.81027,8.140174,24.095722,17.456238,22.711193,0.9425365,0.07476927,0.94624406,0.8812866,0.8887999,6.5823073,8.862859,13.545104,2.4230673,7.3322344,0.36890987,10.625417,3.4476795,-4.3802547,0.15543565,-6.056723,10.6946745,-3.2852592,-13.722105,-7.9978156,10.890236,10.918828,17.59609,5.0313034,11.6096115,0.05423804,-0.35060441,0.69712263,0.03538716,0.20884185,4.458335,0.949927,5.438081,4.233696,4.7846794,8.055191,1.5991462,8.434895,6.4084296,7.195789,4.333701,0.5077514,4.6053534,4.1754117,4.3526335,6.738367,1.2584224,7.1171913,6.109072,6.1216083,7.0530157,0.738247,7.9092584,6.9613495,7.668543,8.551576,2.626567,9.82053,7.4912243,9.280293,433.43256,11.445608,11.6605,19.515425,0.77582127,1.0360156,17.78214,26.866959,26.482275,0.86697245,1.726992,11.900424,12.591284,14.75009,4.5966573,6.373754,62.95289,50.34044,72.01323,42.895084,51.1676,61.836285,10.81003,63.90463,53.5644,55.47846,456.09137,17.14041,439.60208,418.72128,433.86298,19.576603,4.1958623,19.489656,16.584093,16.177208,0.43914557,0.57819206,0.66882586,0.0064102574,0.0074466113,126.95719,20.98899,141.74777,130.96541,145.21783,0.6568131,0.32970285,0.20063744,0.014209976,0.0051559964,27.216516,9.925434,31.213236,20.005236,17.206432,12.400762,2.303798,13.277544,10.741294,11.612321,136.2883,14.988676,132.76201,139.25154,143.54832,70.60907,33.208225,85.74305,59.50721,79.28516,0.156845,74.86317,22.467272,74.80968,56.457783,55.2291,449.13937,1.8134176,-0.051203053,521.7075
2.2747223,1.8857015,3.3743083,1.7484431,4.0298834,-0.81420743,-0.7133374,1.4929733,1.8044947,0.2582276,0.021572838,-7.3107023,-10.3559265,-16.462246,0.18572053,-0.21749242,-0.025666496,-0.12386854,0.038482867,0.35606986,0.09871071,0.23393765,0.21846336,0.037330348,0.042683,-0.47829217,-0.4702302,1.953133,1.9505737,-0.3000693,1.8925029,49.859676,0.81749165,0.7860434,1.3279,280.49786,305.68326,345.9421,310.1299,-54.18089,4.5566974,19.862862,37.671745,11.854071,19.824749,3.202875,21.146399,18.239157,20.681683,0.92077196,0.019343102,0.9237656,0.89856905,0.911977,7.108306,5.4803996,9.333816,4.1189356,7.4982853,0.3958201,4.72943,3.992486,-2.6250124,0.25651363,-8.305587,4.307813,-4.6078105,-9.24403,-6.734316,11.1886835,3.894752,14.393445,6.0087695,10.564871,0.061974015,-0.36691505,0.7241706,0.11743849,0.44555527,4.6474113,0.91761065,4.956831,4.2787175,4.439736,7.1731343,1.1628282,7.632846,6.318782,7.0419106,4.323727,0.34151173,4.573159,4.2719955,4.321701,6.528348,0.6282844,6.7977247,6.2185345,6.309329,7.248488,0.3664504,7.3593645,7.1741805,7.2121453,8.381048,1.9995611,9.998703,8.498375,9.376717,411.46353,5.6919966,5.9423885,10.289768,3.1202967,3.1990569,14.706994,20.675545,28.868074,8.915868,15.979599,13.493496,7.7222385,13.37896,7.7461753,10.334824,62.33114,43.646088,72.10611,36.73149,61.90903,55.276142,8.04324,57.695103,56.0879,52.298225,407.25803,26.318735,416.75122,348.55597,400.1137,19.475872,4.522987,21.596336,17.297129,17.3079,0.007593995,0.3019913,0.11741563,0.048137806,0.0074194027,133.0867,47.54692,120.26417,123.43374,126.414505,0.27643207,1.0380425,0.93368626,0.18131937,0.0051559964,24.960615,6.878935,26.933716,25.399498,21.716703,11.021493,0.83634514,11.511969,11.087763,11.391782,134.91615,24.951569,136.70387,134.20709,133.18336,61.456974,19.75848,71.10722,60.492302,67.72327,0.17388988,61.15122,16.027506,66.61085,50.490543,56.34887,423.8741,1.8510778,-0.058720376,478.62524
1.6843009,0.8444358,1.8388096,1.1377628,1.6367562,-1.030954,-0.56483525,1.5877095,1.9780556,0.28049704,0.020735288,-7.163224,-6.3208055,-13.208438,0.19891158,-0.22715275,-0.028726649,-0.1285532,0.04062018,0.28913277,0.08691822,0.22652163,0.2236795,0.052889165,0.061661154,-0.50417167,-0.47141865,1.9570364,1.952098,-0.30762568,1.9122876,50.75852,0.9893091,0.900664,1.2812659,138.41335,241.04665,288.6517,223.04738,-54.169243,3.971965,19.224592,32.559425,12.785115,19.149094,6.016448,21.09057,14.598464,19.44239,0.9200877,0.04550069,0.95757145,0.908557,0.92174906,3.9816923,1.3303094,3.7902102,2.520773,4.2014155,1.1202796,2.0575128,1.5546104,-0.4454795,0.43176877,-5.7926903,3.0289454,-2.8987994,-5.8788104,-6.089485,7.3219333,3.6706212,8.34315,4.1562595,7.7859664,0.06711199,-0.38728213,0.7787536,0.09038227,0.37563577,4.180624,0.35634795,4.3318086,3.9059649,4.2880692,6.463827,0.37750396,6.4585085,6.2493176,6.4412665,4.0248117,0.3759599,4.171274,3.7956479,4.073636,6.060966,0.30101985,6.4075503,6.044987,6.0481906,7.156361,0.21725705,7.266886,7.051876,7.2237635,7.530783,0.37974462,7.951869,7.4798064,7.598533,318.34488,0.47099957,3.5956054,0.77227396,-0.028094525,0.23722936,1.3562716,5.1250644,2.259423,1.0908333,2.0601943,6.882156,6.665431,9.2029,3.4213064,4.888187,37.700676,10.257825,43.17968,33.409073,38.72916,52.447754,6.1221685,57.683857,51.835987,51.74717,301.76694,6.764648,304.41586,299.04367,308.45728,16.813332,4.2393875,18.949081,14.67281,16.112513,0.0014335593,-0.053931892,0.047584638,0.0063891625,0.0081450995,96.37925,5.1133747,100.15739,94.0011,96.999886,0.09228074,0.12483983,0.29121754,0.00685461,0.0028108733,17.247831,5.481113,21.202879,14.530485,15.789413,10.16396,1.8397994,12.010517,9.95959,10.148628,98.423775,9.776729,98.93835,92.46891,101.21747,55.05655,13.95417,62.531723,46.373833,55.757267,0.17485526,53.15961,7.270099,59.59618,51.580997,51.816788,311.3184,1.836057,-0.050654337,366.80292
0.89032876,0.5717056,1.4655006,0.9247954,1.3317521,-0.80154425,-0.62365246,1.4375678,1.7665431,0.27379626,0.020121306,-6.4998393,-6.5107045,-11.714891,0.19929218,-0.22440869,-0.025575828,-0.12241927,0.03894548,0.3753274,0.03769105,0.21429645,0.19306314,0.042090125,0.044663798,-0.4602319,-0.45024398,1.954656,1.9504691,-0.30819714,1.9211173,51.04967,0.77930135,0.7307094,1.1801776,290.2406,304.03857,330.88846,311.62537,-54.189274,4.020146,19.236471,33.154217,12.973104,17.83546,7.939973,25.002949,16.529264,23.82713,0.9312414,0.06251309,0.936372,0.8733826,0.8862053,3.5529604,2.3259451,4.93748,2.8080769,4.4053164,0.26341328,2.8880143,2.036012,-1.1737623,0.4516757,-3.6867034,3.0083897,-2.8607013,-5.55385,-5.4109435,5.471498,3.08899,8.174085,4.11244,6.567239,0.066632025,-0.38640273,0.78228253,0.036618017,0.4739888,3.9594069,0.8529578,4.2231236,3.3336813,3.8114605,6.550979,0.67692244,6.850116,6.379239,6.6136413,3.8191853,0.88484323,4.0419893,3.3056314,3.676503,6.1154666,0.21758385,6.6313434,6.126895,6.1396346,7.1137123,0.8019934,7.6847095,6.861715,7.552133,7.5943737,1.2229531,8.759842,7.3332553,8.0776615,326.22144,3.7444046,7.4463177,5.9991326,0.18691796,0.3427587,4.7920585,9.714391,8.365571,1.0115933,1.8847537,8.930207,9.471637,15.438527,3.8574672,5.947757,63.994003,27.40014,65.55789,44.320473,57.466087,64.81449,9.846863,65.678,57.96176,58.309338,291.48093,10.7618685,311.13776,295.29977,323.12405,20.38334,3.05906,20.64872,17.673965,18.003521,0.014986079,0.2117937,0.19995265,0.006352827,0.0074542775,103.725494,7.869107,116.05399,104.434456,108.87129,0.08791292,0.51609766,0.73176754,0.005982866,0.0051559964,23.400417,8.931465,26.888752,17.63041,17.2084,11.620899,3.0837896,13.4237175,9.988218,10.691293,120.76856,18.532484,118.889824,104.45904,117.95993,47.396633,18.338911,56.07875,36.33176,49.28243,0.21733871,67.865746,23.925787,72.18119,54.499016,54.42804,319.67734,1.8142437,-0.052693676,370.71405
2.8346088,0.5918229,4.070532,2.145292,3.4688964,-0.7966896,-0.68441385,1.4999042,1.8555813,0.26272574,-0.004675354,-8.480052,-10.082432,-16.666742,0.170763,-0.21735457,-0.049432904,-0.1333131,0.05332679,0.17869431,0.028324699,0.22120672,0.22196679,0.04075143,0.045198746,-0.49315983,-0.48547083,1.9534141,1.949285,-0.30916396,1.8916694,49.163967,0.7726896,0.7976669,1.040539,255.69476,301.58545,347.43524,299.3952,-54.16947,4.2657533,19.864656,35.621315,12.974218,20.362206,0.79064363,21.448692,18.873533,20.42901,0.91057503,0.007172872,0.9234731,0.91759306,0.9075476,9.727199,5.338789,11.876594,7.052694,12.698179,0.03093062,4.905937,1.4682899,-3.600035,0.18451986,-8.063732,1.8551306,-6.7953634,-10.134164,-7.3468437,12.925651,10.345543,15.311719,9.536606,12.059722,0.041139163,-0.3766802,0.7486966,0.040648315,0.15008129,4.419198,0.2391943,4.411465,4.3960447,4.5428457,7.340881,0.38643795,7.9336085,6.3830256,7.1533275,4.2848024,0.14651844,4.3138595,4.055801,4.332263,6.068398,0.01190107,6.3539553,6.5841017,6.799719,7.364662,0.28803903,7.4834657,7.346792,7.2874885,8.175673,0.82847977,8.3988285,8.269141,8.546013,345.87448,4.4839287,2.5963557,7.5209084,3.194455,3.1320403,29.803984,5.5702353,32.95949,15.350689,15.999959,11.786917,4.519755,15.846634,8.410678,8.922338,116.460144,68.31482,147.99951,54.398605,99.075836,55.799065,2.7689035,54.521126,54.098442,56.760506,418.59427,7.546959,340.5148,346.47635,319.17816,16.969593,0.72427404,18.418123,19.05422,18.082008,0.0009475537,-0.05208176,-0.019966647,0.006339577,0.0074194027,147.95056,16.725069,157.4527,135.83192,155.59894,0.21798626,0.12483983,0.14223927,0.0056725177,0.0051559964,24.308012,3.0715632,24.657862,24.851265,22.405405,11.264899,0.6805973,11.361652,10.954411,10.938346,224.13756,15.199456,248.4568,156.83754,160.26355,60.336975,18.350246,60.571186,60.635704,65.7325,0.1534684,60.404636,4.2354507,65.06975,60.741104,57.611763,440.49997,1.8735421,-0.043769106,466.7189
1.3858845,0.3171706,1.7373453,1.3311427,1.613467,-0.74722886,-0.7132448,1.4578265,1.785454,0.268989,0.01516025,-7.620436,-7.4272966,-14.538748,0.19609477,-0.22310601,-0.029064052,-0.12584414,0.04142457,0.3481278,0.041156705,0.23000373,0.22430867,0.03873611,0.041349944,-0.47484726,-0.4721425,1.95257,1.9514718,-0.30271593,1.8941969,48.721764,0.7964628,0.7461236,1.154613,280.4913,310.13135,329.66116,306.15125,-54.182087,4.270022,19.573874,35.25426,13.128435,17.973394,4.031514,22.140182,18.404459,22.354548,0.9268559,0.03049609,0.92831594,0.89879847,0.90033203,4.909182,1.2228771,5.8187513,3.4839163,6.437811,0.23253931,2.918498,1.6873527,-1.0020989,0.45159456,-4.834733,2.2041066,-4.52311,-6.9047585,-6.836558,8.281844,2.0534556,9.492407,6.0538373,9.077869,0.058377214,-0.38889438,0.76059407,0.038077913,0.4610852,4.284926,0.1108771,4.3153863,4.2264175,4.3840165,6.612292,0.2053719,6.757503,6.5216327,6.647054,4.261416,0.12276884,4.2474637,4.165312,4.207376,6.137953,0.14019209,6.3425913,6.0382385,6.083338,7.037447,0.5834224,7.5645356,7.0283747,7.6269403,7.4008336,0.69700396,8.220246,7.421766,8.051684,340.1177,0.564027,1.1650406,-0.48465607,0.16800196,0.360998,0.1563827,0.6293772,0.09335703,0.35529122,1.4702816,7.116137,3.231048,8.223463,4.4099417,4.5296597,50.278152,6.4357967,50.220543,41.201504,43.50597,56.320305,4.3832426,55.93193,52.890736,51.411304,317.33255,0.12315861,323.33298,323.3803,336.5537,18.417252,2.461333,18.458603,16.265526,16.355207,0.0009475537,-0.057103626,-0.041382704,0.0062520695,0.0074542775,105.18572,1.4785337,105.645294,100.161934,102.86503,0.082795985,0.14265981,0.15429305,0.005982866,0.0051559964,18.842024,3.051838,19.049711,16.042517,16.057928,11.077749,0.40164477,11.347112,10.977401,11.107325,110.19146,4.167915,111.86254,105.036354,104.91149,61.168797,5.2932467,61.137886,59.97874,60.856346,0.17172909,56.361248,7.0321455,56.265686,52.39867,51.55955,328.92905,1.8401008,-0.04834053,372.45847
2.386032,1.0538068,3.7560625,1.5167123,2.9503808,-1.2558038,-0.47837585,1.4846556,1.9518263,0.24850221,0.024220003,-7.1361423,-8.386487,-15.24675,0.17870662,-0.20574105,-0.022450935,-0.1087656,0.03153162,0.14772615,0.059911855,0.214195,0.19983612,0.044242933,0.04976993,-0.46035475,-0.45542967,1.9524424,1.9494424,-0.29884845,1.927506,50.579582,0.7775315,0.79515404,0.9139632,207.71124,285.97903,314.75583,295.17844,-54.19635,4.5156527,19.458357,34.685024,12.791834,19.127441,8.539192,26.019215,16.362558,24.370306,0.90805763,0.06654219,0.9507323,0.86500806,0.880343,6.287457,3.6390936,11.500181,6.151389,9.130318,-1.5036128,3.4816337,2.0661788,-3.3243184,0.032055665,-4.8637156,2.7710884,-4.5160713,-6.490041,-7.9530706,10.34202,5.4716177,12.250966,8.313617,9.608175,0.06770628,-0.34761456,0.73979133,0.07714853,0.17374295,4.0656147,0.9847636,4.359466,3.5418813,4.059306,7.8683834,0.7218123,8.224813,7.4855704,8.134185,3.8663194,1.0152602,4.2214994,3.2843163,3.7650974,6.471112,0.67063916,6.9251,6.0897245,6.2888007,7.067272,0.84481555,7.806162,6.8140798,7.5394773,8.447852,0.8859293,9.498204,7.8568335,8.493865,430.81207,9.334233,10.070937,9.264324,2.1819298,1.0810099,7.245285,15.564903,19.851313,1.6028205,2.1414635,8.8941345,9.65434,17.853712,4.5230517,6.278674,90.42194,47.35176,110.982086,60.828114,76.33402,65.30627,11.236541,68.76361,55.2046,52.607243,395.33426,11.623013,408.32877,358.45428,415.90488,20.832352,3.9256,20.61117,16.705355,17.371166,0.014986079,0.19339862,0.16743954,0.006387142,0.0074541466,148.53908,11.241673,173.21002,136.20352,149.48212,0.1396471,0.51609766,0.73176754,0.0062697497,0.005216785,26.364983,10.135195,30.419987,20.586557,18.231295,13.103848,3.5738335,14.990397,10.154889,11.337927,150.86438,14.401936,166.2306,137.7061,151.42574,51.44241,16.674984,62.8174,36.582096,53.029743,0.19706754,80.53708,27.27844,83.45129,57.219944,60.618187,417.10474,1.7934461,-0.059296574,475.20743
3.100079,2.7846522,4.377763,1.7203825,3.9751995,-1.2561857,-0.554562,1.6900495,2.2153194,0.26598656,0.003364992,-7.585268,-10.074438,-19.081306,0.19414543,-0.22008996,-0.025614677,-0.12604277,0.043525103,0.104529515,0.07231067,0.21304533,0.17180066,0.060181882,0.06403956,-0.51809883,-0.46113414,1.9537364,1.9488063,-0.33512473,1.9287882,53.637447,0.9914968,0.81458974,0.9165452,93.16586,238.91777,339.2178,206.25832,-54.159187,4.571547,19.911882,35.783775,13.12208,15.777322,4.876702,20.537642,14.752084,19.180136,0.9335973,0.03989607,0.944041,0.91770405,0.92422265,7.4682255,6.2209735,13.72773,4.701448,7.4359713,0.091344394,6.6937647,2.484187,-2.3838322,0.08276169,-7.221762,8.615044,-4.377935,-12.568644,-8.087739,11.959062,7.4267387,15.588942,7.5791044,10.959728,0.042498607,-0.35855797,0.70466536,0.07281013,0.05374627,4.241588,0.75236714,4.912348,4.0803304,4.4544945,8.41059,1.6793469,9.878332,6.5758367,7.5838475,4.06397,0.60598,4.561127,3.9140577,4.086668,6.7372684,1.2135463,7.2014637,6.3791823,6.6100087,7.209304,0.39937973,7.6193395,7.093058,7.3463054,9.043343,2.9872534,9.597002,7.6049776,9.312612,432.2229,7.0256233,7.9986744,19.971678,1.2521409,2.2822983,29.67278,9.650339,81.346146,1.4117165,2.3804884,15.59421,7.1860776,14.97662,7.2018137,9.433545,95.301186,62.166595,121.41158,75.701996,92.98797,58.35718,8.32664,59.247154,55.311058,56.087967,428.29684,10.347356,436.45706,395.68112,407.7139,17.784876,2.571318,17.933228,18.257996,17.407497,0.005171154,0.17321639,0.15460926,0.0059226453,0.0074466113,149.47285,38.00538,162.72787,126.69626,167.44887,0.10294543,0.44426373,0.20298932,0.014155924,0.0051559964,29.493599,8.06875,29.462994,16.832865,20.392126,11.890204,2.5046701,12.517816,10.313503,10.649801,173.70032,23.849838,183.73175,167.59236,199.23895,57.937653,22.95284,70.56915,53.232315,66.27071,0.13575509,71.84163,15.023898,72.655556,60.355278,61.197926,471.57803,1.8475614,-0.050083924,559.37695
1.7414938,2.9368782,3.9459157,1.0371113,3.6844416,-0.8219976,-0.71792686,1.5191823,1.8691607,0.2441222,0.027086819,-7.207651,-11.142444,-17.384048,0.17130949,-0.20408396,-0.016545214,-0.11116155,0.033569455,0.31458703,0.09965189,0.24397896,0.23058277,0.045685492,0.047764283,-0.4633283,-0.46980762,1.9502283,1.9498345,-0.29049948,1.8926849,51.2094,0.82840157,0.884784,1.3991133,320.73514,320.38147,344.1729,346.26227,-54.185276,4.8673353,20.070702,39.01245,12.208195,19.586441,5.9932003,23.83864,16.691082,21.926926,0.9380758,0.052530132,0.93475664,0.87868804,0.892526,7.003543,9.262287,10.984049,2.6793866,7.5255394,0.83864015,8.392585,4.2184067,-3.7339106,0.26658332,-6.3847466,7.7121077,-3.174626,-10.630972,-6.9647274,11.663414,7.886638,14.564138,4.6189637,11.652236,0.06780201,-0.34901634,0.70631653,0.11704318,0.41016302,5.1524982,1.5221595,5.584988,4.1020947,4.6826477,6.8771296,1.2204715,7.8081775,6.035924,6.914021,4.645555,1.2264088,5.333279,4.126355,4.622677,6.5172215,0.8129775,6.933191,6.2849784,6.4979253,7.125702,0.8647724,7.781408,6.8327346,7.4552135,8.347536,2.8723693,10.114424,7.474042,9.33767,448.96518,17.970291,17.005924,31.04286,5.6802635,4.4609814,36.851532,57.35442,59.9273,9.054742,10.606317,13.040715,19.068916,23.843035,4.749927,8.783324,53.53395,67.6028,81.96571,27.450914,56.755123,65.533745,13.516298,68.463036,60.808193,55.10106,453.09314,55.665604,452.30603,385.69086,451.17908,19.072325,5.1279597,23.218008,18.776793,17.656124,0.55482817,1.0785089,0.81102294,0.04695487,0.0074194027,139.29335,59.34998,140.3719,126.23059,131.04398,0.87159765,1.4328811,1.7432195,0.18083681,0.0051559964,29.592283,15.533294,41.41384,25.928234,20.672052,14.261357,5.0617223,14.545675,10.651894,11.744504,136.47484,34.28691,152.8833,135.2218,142.40157,77.849396,50.09149,109.83028,61.301437,85.44522,0.2021593,82.62753,29.91672,87.4131,56.284386,61.52459,483.6936,1.8154768,-0.061480425,569.59595
1.9512653,2.358169,3.8069382,1.5651962,2.7645502,-0.7769762,-0.6750786,1.4707127,1.8136415,0.25736898,-0.0016959736,-9.908463,-11.096528,-22.83844,0.1567643,-0.2186813,-0.035083808,-0.122288525,0.047292475,0.25902998,0.06746464,0.2245016,0.21104494,0.04053462,0.047958035,-0.506558,-0.4906198,1.9488219,1.9435432,-0.30109513,1.8848718,47.32073,0.7776217,0.7555708,0.92417586,266.98663,306.49014,338.99237,296.8993,-54.17217,4.8172846,20.61426,38.428417,13.19871,24.112192,6.160103,26.787338,21.391518,26.420835,0.8119581,0.046065696,0.8646165,0.84063,0.85213315,7.871229,5.7742887,9.371616,5.8277125,7.22612,0.66924113,3.3654885,3.4010997,-0.6352994,0.71225625,-8.708203,4.0652695,-6.2046986,-10.737238,-10.147467,10.426186,4.9786906,11.583722,8.523156,16.661758,0.04258304,-0.35599494,0.7053211,0.09818164,0.17416951,5.988574,0.85446197,6.002518,4.544884,5.000979,6.8872027,0.70113695,7.6063633,7.177505,7.631607,4.7472043,0.51344264,5.043419,3.9530344,4.426014,6.1324844,0.532765,6.378286,6.571816,6.4851336,7.14785,0.58262765,7.51484,7.068829,7.581153,7.7478495,2.425686,9.017731,7.8829393,9.282966,458.82126,21.68583,19.77853,30.072468,2.3916562,1.1920542,66.708496,29.745766,58.78746,4.654906,1.878353,17.091461,13.870059,20.440876,4.935475,9.9994545,56.28952,72.50069,71.40581,30.339249,63.292896,67.70196,9.013435,70.534546,62.80927,59.742702,560.68726,44.263405,507.72943,473.85748,463.04697,21.261955,1.943782,20.027302,17.975122,18.7626,3.5781722,3.0974245,2.6610308,0.006382361,0.007456702,143.13013,26.22588,183.10439,119.85955,151.08269,1.9660019,4.858137,4.2521553,0.006019738,0.0051559964,34.104763,11.679595,35.304695,19.516285,20.904943,17.40912,3.7966888,15.150433,10.721419,11.265715,201.88539,43.65351,163.98154,145.6194,155.25883,110.69118,28.072,134.27048,62.91725,75.61728,0.146494,82.587,17.982046,92.3611,63.779438,62.84961,519.1475,1.8894801,-0.046686027,597.8431
1.4009218,0.40307766,1.6878625,1.3692962,1.8628201,-0.74570817,-0.68000835,1.4424145,1.7778552,0.24697793,0.015395752,-9.870118,-8.189366,-16.918728,0.18257162,-0.22003515,-0.026843634,-0.12692796,0.041100353,0.3711445,0.030323485,0.22584455,0.2174045,0.03743705,0.038553845,-0.47462544,-0.47856188,1.9520909,1.9430299,-0.30340132,1.8963852,49.00179,0.80658144,0.73686725,1.0222752,280.44626,290.33136,332.2473,294.18964,-54.17438,4.316686,20.023756,35.95547,12.837684,18.813549,-0.9037104,18.508045,19.406109,19.604284,0.9296903,-0.006901895,0.923938,0.9291556,0.9212198,7.2874527,0.72702676,6.6991878,5.285824,6.530874,0.69844985,0.1955282,1.7092174,0.1913676,0.4454338,-6.600298,1.6119466,-5.6157484,-8.0251465,-9.098618,12.762446,2.061783,12.291168,9.041048,10.228938,0.057597816,-0.3673507,0.7481425,0.060443264,0.39733353,4.30578,0.46908283,4.172571,4.283585,4.3092666,8.3132305,0.2784564,8.7188635,7.4757338,8.226445,4.214683,0.1486999,4.2210603,4.1327333,4.2346563,6.3361397,0.46278122,6.5886836,6.371852,6.099545,6.8737235,0.17733285,6.948371,6.842335,7.000165,7.629415,1.0247501,7.976827,7.1406827,7.9027224,358.0801,8.418325,1.5941764,-0.61168844,2.8029737,4.5542455,27.409286,0.32707357,1.5215644,23.921827,20.41287,3.67155,1.9416507,3.1092126,5.2279797,3.6709883,97.80298,6.236526,91.11192,118.32572,114.23706,54.647762,0.47441438,50.774387,51.81536,52.749924,312.33514,4.2561474,373.47232,376.08795,370.03668,14.617186,0.2946569,14.312053,14.188436,15.087287,0.0009475537,-0.053931892,-0.050610416,0.0054286183,0.0073727346,143.56314,5.3964114,142.35988,166.20535,153.08577,0.083004504,0.12859541,0.14223927,0.005978696,0.0051559964,19.373756,1.0575339,15.188698,17.76853,18.667252,11.292973,0.25993788,11.374299,11.231303,11.439258,155.98528,2.443338,172.12357,155.64651,187.4149,59.562958,0.6926805,60.5558,59.636036,58.711777,0.1335483,56.86221,2.1152198,50.598984,55.789635,56.78434,402.7094,1.8442317,-0.047623307,435.073
2.2552247,0.87367094,3.3463852,1.9546562,2.309518,-0.78949046,-0.68150985,1.5090154,1.8535978,0.24986409,-0.012013591,-10.777127,-11.139012,-21.505402,0.16735,-0.19979087,-0.052589606,-0.13372532,0.056988716,0.13405132,0.038678605,0.21911407,0.20354776,0.040166445,0.045464903,-0.5091124,-0.48687127,1.9542465,1.9508328,-0.31983745,1.899903,48.448673,0.7788011,0.77324885,0.8625141,267.27792,301.70514,342.5555,300.07217,-54.163265,4.3007627,20.368515,35.77432,12.951158,18.22317,1.3575227,20.923605,17.210443,20.040445,0.924829,0.007855077,0.923087,0.9133684,0.9150365,7.9522142,6.2493334,14.873568,6.4884224,11.16349,0.14293607,6.000932,2.3262205,-2.6510088,-0.04062121,-7.848667,7.0310345,-6.700212,-12.008319,-9.606999,11.804195,9.029902,18.154472,9.318738,14.162121,0.026856355,-0.34102917,0.71740806,0.03447552,-0.042870473,5.554345,0.7013643,4.9329324,4.5565906,5.061861,9.39307,0.5020592,11.126228,9.981313,9.755112,4.2121005,0.3032475,4.264891,3.892395,4.2176757,6.2452264,0.33477315,6.2218723,6.0828466,6.300433,7.160343,0.4006059,7.375378,6.972707,7.4000583,8.064269,1.0989631,8.664249,7.4910975,8.771949,405.48413,1.9843102,3.8191235,4.6689205,0.74418056,0.568783,24.590641,12.1327,28.034998,13.183446,15.774037,13.24911,4.7533226,9.648312,4.602296,5.8821435,140.84837,75.83256,160.7887,92.423065,143.38008,56.632854,7.565878,61.10243,51.862972,53.68948,515.0719,7.4366713,438.85825,410.75983,412.05048,19.48009,2.047775,18.237946,15.542524,16.310633,0.0009475537,1.1550733,0.6659242,0.006372476,0.0074466113,204.91978,17.157862,213.00479,149.74733,210.91685,0.09655393,1.3403457,1.4033062,0.0059952233,0.0051559964,23.347282,4.1802764,23.255348,14.974905,15.98376,11.124703,1.8465279,13.300345,10.661522,10.9213295,249.73206,13.058991,252.08966,189.27399,201.57048,67.11284,29.012762,72.0849,62.218906,69.91448,0.12209762,61.180862,4.2732115,67.30392,54.661438,52.01805,538.9478,1.8824537,-0.03616665,597.27185
1.4955992,0.14434084,1.6541598,1.3564713,1.6034018,-0.74675584,-0.7129307,1.4594393,1.7884263,0.26590595,-0.0052647027,-9.544926,-8.784456,-18.37055,0.18163146,-0.22441779,-0.04720686,-0.13565764,0.05079439,0.24443291,0.031647667,0.22249773,0.21584249,0.03743705,0.03865868,-0.48039085,-0.4795259,1.9526305,1.9520543,-0.31302956,1.9020928,49.60366,0.8021489,0.76789296,1.0377812,286.23947,293.3768,325.87482,298.928,-54.17173,4.089065,20.077387,34.978455,12.851208,17.668194,-0.076204,17.879501,17.819029,17.85715,0.9326626,-0.0002775431,0.93356997,0.9365494,0.93361664,6.6136355,1.1645757,8.316032,5.4460964,7.411143,0.4594396,3.6900403,2.086087,-1.3955348,0.4454338,-6.878259,3.8739278,-5.7442884,-9.886662,-7.198182,10.579774,2.3067791,11.808694,8.288896,9.071497,0.034704942,-0.36017665,0.7249418,0.023254143,0.2809312,4.2993693,0.1995915,4.393249,4.3250556,4.4766736,10.367292,0.3176213,10.650443,10.440582,9.505512,4.245427,0.052267127,4.1998363,4.234679,4.224693,5.9861565,-0.04019151,6.0817647,6.0926023,6.018148,6.9921484,0.030608695,6.96456,6.9896207,6.974653,8.191932,1.0395699,8.862755,7.779136,8.907674,361.4045,-0.0036425935,0.34892124,-1.0915607,0.11931403,0.33099872,-0.42913306,2.4671414,-0.008618848,1.3012487,1.580805,1.3446925,-0.22037652,1.9206848,2.0163257,2.1960962,83.169014,17.370317,85.103195,83.181274,103.8843,50.63127,-0.48252562,50.197506,50.2414,50.134975,369.99554,-1.2806021,373.60974,376.629,364.17496,13.963028,0.17937683,14.1409445,14.083373,14.300749,0.0009475537,-0.053931892,-0.050610416,0.006372476,0.0074466113,142.2,-0.70285386,156.05676,148.42769,151.26215,0.089235544,0.11929181,0.20233925,0.005986149,0.0051559964,13.93144,-0.0067983856,14.969014,13.8660965,14.185599,11.232328,0.1784897,11.300484,11.19636,11.166344,163.90529,3.1229088,154.10867,163.61678,155.98027,61.05111,0.5424592,59.445198,59.373173,61.612366,0.124265574,49.974426,0.60165155,49.54597,50.037518,50.16954,372.634,1.8689849,-0.045740448,421.02884
1.7663465,2.103608,3.5936537,1.4359785,2.2584167,-0.76432884,-0.60844976,1.4608015,1.8344657,0.24597494,-0.00025618193,-9.532354,-9.152915,-19.685127,0.16899924,-0.19678314,-0.024789928,-0.120421134,0.041041784,0.22920117,0.04553019,0.22278331,0.2143167,0.045067355,0.051712397,-0.5085666,-0.4885449,1.9486085,1.9425371,-0.30253774,1.8793577,47.672855,0.77002925,0.7365627,0.9296485,283.2497,306.18384,341.3919,298.8894,-54.164207,4.7938957,20.390787,39.105827,13.147033,24.089302,5.540047,26.846636,20.948545,26.55957,0.8149795,0.038894985,0.875654,0.84270453,0.85223496,6.205265,6.4610457,12.0713215,4.9436574,8.360948,1.0980982,4.377761,2.3932755,-1.2825508,0.21852604,-7.466201,5.412422,-5.479187,-10.351673,-9.194458,9.403846,6.6883183,16.515505,7.3078923,13.612339,0.048332077,-0.35674012,0.73484236,0.035312176,0.14953849,5.2365613,1.1832151,5.2183094,4.233132,4.6152654,7.232528,0.8094768,8.036445,6.9860225,7.346212,4.401364,0.68949205,4.895578,3.7998183,4.3442125,6.532658,0.64682347,6.408194,6.430079,6.5717993,7.071536,0.79248434,7.4558315,6.8626537,7.611062,7.376286,2.532639,9.2587595,7.1838574,9.46626,422.097,19.980461,20.127575,24.555841,1.3435134,0.6866776,62.79201,39.131084,53.362858,11.933838,16.077986,20.122862,13.999899,18.420986,4.4585714,6.6620097,91.66641,101.49369,144.90096,36.596375,99.77653,69.17243,13.122097,74.938995,61.495598,62.809963,546.05316,45.245594,443.22363,421.3508,431.60895,22.16242,3.0260735,21.824135,17.861843,17.972195,0.018136263,1.3893299,0.9523971,0.006382361,0.007456702,164.17918,35.553314,170.25449,134.04492,150.27237,0.11724694,1.7424697,2.780889,0.006017674,0.0051559964,36.447998,11.967078,36.35883,17.545588,17.870943,12.652077,4.0422444,16.489754,10.685096,11.716584,217.27017,23.513256,238.03036,138.57623,174.91705,81.95295,51.936413,97.38016,60.756668,70.15012,0.18987297,86.47491,19.143656,92.92527,61.114853,59.48964,561.6855,1.8293092,-0.043900516,592.9972
2.929038,1.216683,3.7372277,2.1871998,2.6325052,-0.791003,-0.70446455,1.5062093,1.8463857,0.28654385,-0.011566581,-10.067322,-11.83293,-22.436794,0.18298429,-0.23487864,-0.06046881,-0.13979748,0.059272844,0.18618469,0.01618482,0.21289538,0.21808553,0.039118532,0.04042053,-0.4996313,-0.48629397,1.9536723,1.9518421,-0.3204479,1.8965194,49.601967,0.7747122,0.80783,0.9804453,280.94098,293.67618,334.396,290.43124,-54.167286,4.5778837,20.564426,36.038227,11.485625,17.531893,-0.6619953,17.821442,17.936195,17.970291,0.9234136,-0.0050720028,0.9296087,0.93548363,0.93237597,8.462689,3.4200997,11.365668,9.817601,8.667007,-0.08364386,5.1450424,2.4144592,-1.2860764,0.529502,-8.521996,3.6009998,-9.562814,-12.711018,-8.993803,14.323411,3.6401632,13.799999,12.174491,12.7537155,0.028409472,-0.36750945,0.6954189,0.026915463,0.04655568,5.499431,0.32034487,5.2186875,4.770913,5.1728673,10.447374,0.48269647,10.455852,9.896553,9.802683,4.237787,0.1753129,4.4962754,4.0894046,4.2646065,6.7668314,0.1692184,6.9846754,6.6156034,6.7285676,7.0354753,0.026434444,7.117555,6.9826846,6.98545,9.095875,1.0090175,8.198033,7.556336,8.68291,455.45703,2.1533873,5.691986,11.204006,1.3147303,2.6047611,31.94089,-0.3204967,44.46109,3.0166943,2.3804884,7.390443,0.3650604,2.6417344,4.7647777,7.0431294,79.598656,13.906423,92.25398,93.980804,113.99344,52.761246,0.8395739,51.20034,50.957348,54.550632,430.0429,-2.1216426,497.94556,391.52838,451.04886,14.472619,-0.07488799,14.435984,15.770469,15.98166,0.014123665,2.2402892,4.2996516,0.0063152793,0.0074466113,174.54091,15.719366,153.74838,166.96318,173.62625,0.22478397,1.3578377,1.7996446,0.0059952233,0.0051559964,18.489798,-0.48310456,15.660908,16.97522,19.065619,11.547414,3.338967,16.708887,11.258124,11.374436,184.62515,13.693097,184.87685,170.60376,195.96523,72.32692,6.5324636,71.82438,64.64625,75.67742,0.11612088,54.882874,1.2805743,64.2015,59.337524,62.561897,468.6001,1.8830428,-0.042880505,584.0233
1.4275224,0.16696471,1.6010554,1.3443316,1.6034018,-0.74271715,-0.7170763,1.4661182,1.7916114,0.2722088,0.007912435,-7.358131,-7.707565,-14.774627,0.19552952,-0.22666797,-0.036038842,-0.13377683,0.044839572,0.3334984,0.043688558,0.22323738,0.21920864,0.03759066,0.038593713,-0.48099348,-0.4795259,1.9527262,1.9521071,-0.31285295,1.9015458,49.454823,0.8021489,0.75691,1.1533052,284.9529,293.55212,325.19055,300.11526,-54.172535,4.0726748,19.60845,34.80624,13.148209,17.822536,0.011578183,17.921726,17.496819,17.741064,0.9338578,0.00041399663,0.9344078,0.93394834,0.9347493,4.519771,-0.25623852,4.176706,3.466306,4.785443,0.7576157,0.3478896,1.5965483,0.24010187,0.45319793,-4.9205647,0.70581204,-4.974463,-5.9642982,-6.118302,7.5907197,0.95474863,9.201388,6.9165916,7.244313,0.053498633,-0.3866971,0.7684753,0.033143997,0.43426618,4.289583,0.068147466,4.2736998,4.264777,4.261938,6.622841,0.16072221,6.5635657,6.363661,6.6012063,4.241264,0.050196122,4.2673116,4.2338843,4.2193956,6.0733724,-0.013445067,6.2166567,6.0288887,6.0645475,6.9846196,0.034263257,6.9809103,6.989556,6.9777827,7.530783,0.18820208,7.9027596,7.341552,7.645261,323.3747,0.000773101,0.33483276,-0.45656595,0.069394045,0.30127054,-0.5094065,-0.7140293,-1.3624958,0.35529122,1.4702816,1.6479385,-0.25247145,1.6423881,1.8434324,1.7406138,36.17971,0.20261966,37.208733,36.185654,42.243874,49.97223,-0.48252562,50.002472,50.173916,49.92192,317.24976,-1.0801601,324.0269,317.70944,328.52267,13.876433,0.12144616,13.9022045,13.947973,14.041411,0.0009475537,-0.053931892,-0.050610416,0.006372476,0.0074466113,99.42006,0.58365315,102.869514,96.77114,100.497894,0.083004504,0.12859541,0.14223927,0.005978696,0.0051559964,13.897471,-0.25402278,13.60938,13.929249,14.028443,11.132834,0.158224,11.300484,11.2372,11.322104,103.0235,0.9335055,105.66526,98.608284,104.85312,60.344833,0.22670028,59.236908,59.373173,60.33006,0.15517783,49.892147,0.5999558,49.43261,49.83133,50.16954,323.16733,1.8637843,-0.044822287,364.83908
1.6166341,1.8621086,3.4446788,1.1802425,3.16421,-0.8034671,-0.7471565,1.5564996,1.9148968,0.23080607,0.027302027,-4.489136,-12.15025,-16.92517,0.16849016,-0.19024399,-0.012840162,-0.10580519,0.03107566,0.19748357,0.075935416,0.24760878,0.25263867,0.047649577,0.048744455,-0.4629983,-0.46592256,1.9497949,1.9469184,-0.26977608,1.8677714,49.15322,0.89465654,0.92867774,1.1732131,339.5539,337.7793,353.15356,352.79367,-54.190804,4.8203473,20.433054,38.64524,13.26708,24.691654,5.5999393,28.35961,23.082438,24.01433,0.87221473,0.049059607,0.89247143,0.84253734,0.87625766,4.4828806,8.157193,10.610146,1.327164,8.768934,-0.092981905,6.104831,1.8546324,-3.715726,0.08201479,-4.190994,5.05845,-2.8924155,-8.413849,-8.969363,8.949823,10.198855,14.7582655,4.988982,11.874687,0.06719195,-0.32419664,0.71537036,0.04225922,0.26141533,5.1231494,0.4627147,5.3080487,4.876339,5.215518,6.721824,0.21554832,6.9729457,6.6254177,6.9201097,4.9308615,0.47520584,5.197289,4.9104414,5.0909004,6.1366067,0.16708618,6.3690963,6.1369896,6.1578846,6.9523,0.78686523,7.6803803,6.882425,7.1892657,8.43196,0.563574,8.4491005,7.9617515,8.54581,444.4875,15.239036,9.601316,17.923197,7.0675135,6.291553,27.19456,16.00872,25.284649,13.596071,15.099695,12.257397,12.927848,19.162619,6.9908676,11.276126,26.929272,33.05857,52.33126,24.682308,44.101337,71.0261,6.929335,74.05567,68.51808,67.63034,459.91452,12.864797,443.74106,440.1356,441.33896,19.907341,3.051733,22.046686,20.581331,20.34322,0.3214211,0.449392,0.63991493,0.07218401,0.034161042,117.37494,9.707097,114.18686,116.87972,122.64689,0.58909637,0.5334501,0.9845245,0.07232322,0.040384203,29.627392,9.009913,34.105022,27.295372,24.582033,15.195282,2.8735619,16.593388,12.428219,12.836182,127.494415,12.488403,140.76164,128.00401,132.95723,102.88071,14.200132,109.372894,88.38976,94.44786,0.18464829,85.60182,16.671968,87.21898,75.24408,79.10623,476.79272,1.8252288,-0.07149385,526.84467
2.830851,2.8923385,4.1756487,1.7530818,3.360989,-0.8039891,-0.719288,1.4797804,1.8544171,0.24543852,0.0166771,-8.227721,-11.1039095,-19.059696,0.18719977,-0.20296152,-0.022053158,-0.11903529,0.037959795,0.3147718,0.05036598,0.23336896,0.22996674,0.03973951,0.041675813,-0.47035512,-0.46916097,1.9510038,1.9505421,-0.2923577,1.8806993,48.31376,0.7880852,0.7560033,1.0156058,310.00394,311.54645,350.79163,323.5608,-54.182808,4.6834025,20.415234,38.50658,12.991903,22.187994,4.7341666,25.910263,21.897635,22.58287,0.8890355,0.058727898,0.9246581,0.86695206,0.88724816,8.6727295,9.788268,15.657502,5.233753,10.968843,0.013665939,10.6806555,3.1652877,-4.4579525,0.09188368,-8.40148,11.364107,-4.198551,-14.696246,-7.9429164,14.101224,12.304812,19.923092,7.596208,11.645868,0.05428443,-0.34542805,0.7010482,0.04612239,0.37722588,4.763056,0.94679093,5.619755,4.5728774,4.9895535,7.684802,1.3653085,8.699083,6.8435726,7.152637,4.480759,0.62742585,5.1742024,4.6954184,4.775521,6.609901,0.52378464,6.949886,6.2242193,6.1583214,7.2143936,0.2500803,7.3071675,7.1703095,7.187368,9.600209,1.9246035,9.871479,8.862115,9.193901,453.42697,14.604582,16.658575,23.875542,5.29326,4.5470734,41.72948,21.740786,51.66364,22.58192,22.107735,13.44426,8.139767,16.907637,9.938603,12.918213,55.54783,58.61522,81.86029,36.48149,53.369682,64.47032,9.10514,64.335144,58.948936,59.0627,460.89496,28.725498,483.12988,428.605,451.39236,20.045696,1.7832613,20.708029,19.628012,19.548794,0.0091901105,0.84069973,0.86138415,0.052142028,0.0074558984,144.28102,12.351946,153.98209,144.56158,158.55846,0.19128053,0.37440524,0.21738437,0.012950593,0.0051920833,30.365993,8.405864,34.208393,24.541746,25.803656,12.277016,2.8517246,13.46441,11.255511,11.292344,153.69293,14.863843,143.9091,144.89464,164.5764,79.431725,33.914692,96.826195,62.03438,94.02906,0.12682162,79.646225,23.814054,91.39037,69.3455,72.78438,459.96066,1.8358431,-0.06289032,605.03937
2.0690043,1.9210747,3.8025494,1.6069574,3.785985,-1.0688905,-0.5866838,1.5223885,1.9639255,0.231942,0.004129046,-9.855815,-10.82311,-19.412727,0.16268314,-0.19397584,-0.03249111,-0.110889666,0.036727175,0.17098266,0.07579971,0.23312156,0.24165092,0.042912178,0.049196146,-0.47140485,-0.47320724,1.9491936,1.9425626,-0.28684556,1.880198,49.792427,0.84666216,0.77518004,0.87243634,247.0388,300.1029,314.5097,312.15683,-54.190502,5.096785,20.270947,40.036777,13.05118,23.64617,8.391952,26.92939,21.688309,27.241468,0.830336,0.062175363,0.8827658,0.8299621,0.85410565,7.1568947,4.640043,13.168908,7.474018,10.696502,-0.5332713,3.7496293,2.0897403,-2.5756557,0.2723345,-7.2977195,3.5876384,-6.4301853,-8.869292,-9.750678,13.833111,6.8552303,13.288451,10.704462,15.759811,0.05012148,-0.33282202,0.700343,0.077762336,0.17046821,5.350161,0.9008461,5.5361567,4.57952,4.9558773,8.081768,0.653845,8.229031,8.596486,8.181454,4.873112,0.5817471,5.0759,4.164636,4.4907556,6.3227987,0.67139673,6.7125998,6.4692454,6.7757688,7.0626,0.68719596,7.5903034,6.9313626,7.5823674,7.8178844,1.9615649,9.394325,7.90894,9.104904,485.05133,26.374725,20.410948,20.364407,3.295831,1.5987879,56.3117,30.67765,75.06581,3.3310099,2.1414635,17.431313,14.073414,17.872648,5.3718424,9.872927,60.108723,41.407135,87.29199,36.22143,55.29307,71.48043,12.667698,72.84976,66.78124,62.517006,508.01593,39.518063,492.02322,489.07693,503.21997,20.539436,2.2473857,21.106068,19.743078,19.10768,2.130602,1.9154528,2.0925586,0.006397027,0.0074642384,161.50253,26.782894,162.47964,157.30316,152.18759,1.8835212,3.898903,2.54426,0.0063040555,0.005216785,36.73141,12.576599,32.90014,23.543406,21.832457,18.260263,7.1947837,18.431389,10.805294,12.139886,167.23866,15.144721,177.34904,145.61188,162.44035,99.39798,25.24348,100.22908,65.16633,76.93797,0.20885915,92.07414,23.675241,105.074066,68.39164,64.47047,495.81955,1.8068978,-0.05862186,595.2697
2.5450392,2.433323,4.360715,1.5985134,3.2467048,-0.780513,-0.6740656,1.5309664,1.8678602,0.24941179,0.0051117856,-8.814778,-12.133713,-21.503923,0.15400545,-0.20192826,-0.033703055,-0.119057834,0.0496985,0.21643999,0.08380756,0.22242522,0.21213104,0.041076526,0.045529284,-0.49711445,-0.4876335,1.9507442,1.946567,-0.3126142,1.8858469,48.08864,0.3990567,0.7848473,0.9015973,279.18286,312.46182,381.38382,309.4467,-54.174484,4.611193,20.772356,37.369675,13.321536,20.300505,3.5121217,24.337166,19.238562,22.845816,0.87668556,0.036684036,0.91118467,0.8796086,0.8889266,7.4032283,6.57506,9.439361,4.38104,5.7763095,0.3830154,4.8755245,2.6320274,-2.0252879,0.46260193,-7.54268,6.0267754,-3.8562834,-10.356892,-9.360343,9.499033,7.591174,12.554402,6.138418,14.649924,0.051082104,-0.34059703,0.7103177,0.100881204,0.18848768,5.643128,0.28154597,5.797173,4.714009,5.107929,7.117861,0.65987396,7.999439,7.1140223,7.8903723,4.346821,0.26946595,4.7734585,4.238005,4.5969152,6.375351,0.61144596,6.459555,6.288618,6.8883405,7.3011827,0.5734399,7.7473416,7.20888,7.6722426,8.420933,1.3490921,8.972614,8.245452,8.610024,458.0983,15.665236,13.501919,17.997833,2.8393993,3.117311,25.631865,17.71637,48.28856,6.90546,5.250019,19.070578,12.799006,20.338509,8.300586,9.071612,70.20103,42.833218,88.92883,47.160915,69.63841,63.618767,5.59846,67.74422,56.728878,59.351017,560.3316,20.397001,494.54193,468.069,446.93207,20.039766,0.81150043,19.479933,19.568428,18.70947,0.0009475537,0.34904367,0.106835276,0.0063474486,0.0074194027,143.25552,14.29181,164.38986,120.47682,145.52835,0.12339139,0.1311316,0.1400527,0.0058278283,0.0051559964,32.560585,9.835801,39.75345,26.03199,23.127798,11.121956,0.7677333,11.959773,10.804942,11.449829,194.81534,41.3475,169.60513,157.3495,156.44514,97.19137,15.489025,127.072685,65.283585,86.7146,0.14416398,87.295845,14.249569,81.73541,63.740845,63.262917,506.13425,1.8789824,-0.042252913,615.953
1.642997,3.510724,3.907407,1.3792908,3.7698243,-0.84303665,-0.6291806,1.5354143,1.8894494,0.25257012,0.01685676,-7.5266724,-11.426419,-20.02391,0.1745539,-0.20870826,-0.022107447,-0.11762555,0.037205957,0.19414052,0.10545115,0.23791565,0.232683,0.043584153,0.04946723,-0.4809555,-0.47768047,1.9495251,1.9440956,-0.28304264,1.8820779,50.05211,0.93225,0.85183597,1.2740979,311.72598,319.76733,347.59848,346.12164,-54.168804,5.0187464,20.283352,38.511307,12.291572,19.94343,5.8913116,25.298191,17.46183,25.022776,0.87461317,0.04123099,0.90057933,0.8652174,0.8630179,7.6088643,7.565546,10.72197,3.9391518,7.5701733,0.9845711,7.441436,4.578908,-3.5582051,0.4410688,-7.9660735,6.7641006,-4.326057,-11.000256,-8.171812,12.871209,8.199245,14.77039,6.4933815,12.604379,0.060144436,-0.34787562,0.7021193,0.11922324,0.23565759,5.2099557,1.6275208,5.728345,4.1183257,4.638971,6.819346,1.474073,7.8055844,7.00098,7.1914067,4.550737,1.2538592,5.4008837,3.830592,4.568072,6.562533,0.87163687,7.004189,6.5312796,6.910178,7.261605,0.9129802,7.690394,6.8405123,7.3370132,8.084742,3.3352313,10.502365,7.314011,10.294471,463.5562,19.119541,22.448757,28.930351,2.502626,3.2707498,51.5642,68.243095,86.32592,6.796396,10.281804,21.377615,22.06529,21.679033,4.657569,7.4766755,69.23275,106.376366,113.15859,31.52379,55.782486,63.1402,14.882496,70.369774,61.39127,56.20183,457.08633,66.98275,461.3509,408.83176,476.5339,19.938261,4.804852,22.183979,17.86872,17.99959,0.038195696,0.68029624,0.5490307,0.047828957,0.104783975,145.6402,61.202286,148.77927,137.85573,140.56732,0.38943914,1.3017993,2.2326717,0.18134648,0.0051559964,35.0441,17.856844,39.02352,22.792006,20.10161,13.266996,4.570899,14.22636,10.864105,11.702458,155.72942,41.0128,161.68173,142.50165,151.97383,74.90965,53.601498,110.17294,60.573837,83.91349,0.19836856,75.40819,29.410357,95.72937,57.97436,56.626293,477.0593,1.8443388,-0.06334808,582.2063
3.0553417,1.971097,3.9363306,1.8656356,3.313282,-0.77599514,-0.68717545,1.5311992,1.8659352,0.27060005,-0.0066765137,-10.064752,-10.725661,-18.746279,0.17105865,-0.22635013,-0.04548331,-0.13310774,0.04736125,0.16351512,0.044870924,0.22134782,0.20960447,0.045861017,0.0523946,-0.49443904,-0.48346975,1.954493,1.9509256,-0.3138596,1.8916044,50.16383,0.7901804,0.8034734,1.0410594,256.2501,280.4478,328.16232,275.2251,-54.16888,4.506398,20.141014,36.019295,13.250902,17.869766,1.7115209,19.760592,17.19834,18.844706,0.92333776,0.011323887,0.9317864,0.9213829,0.92570174,8.554609,4.5412226,10.036902,5.643137,6.990469,1.9168794,3.053282,1.8777536,-0.4867642,0.81585354,-8.6163225,2.0236459,-8.117696,-9.811522,-8.813891,11.600031,4.5942554,12.948663,10.134626,12.209259,0.040607076,-0.36123598,0.7193951,0.037671477,0.10249373,4.40229,0.2713495,4.611485,4.2764826,4.8090024,7.5992293,0.6751708,8.97451,7.1477575,7.732744,4.274823,0.12097904,4.3371553,4.0956764,4.3125486,6.2738934,0.2924574,6.982773,6.1264987,6.5448694,7.099792,0.27729255,7.4483514,6.9220915,7.239313,8.446599,1.3933326,8.839915,7.771273,8.309833,404.1569,1.7767359,5.449,4.4970484,1.0963702,1.9689101,26.795252,4.5518847,18.828362,2.479436,2.3804884,8.425745,2.9207382,9.482854,5.967752,8.22307,69.5677,21.504862,83.35072,55.76919,79.398315,49.623253,2.1903183,49.99731,50.025337,51.96975,415.32385,1.5085151,416.14075,408.35196,389.37152,16.001778,1.3532482,15.692211,15.704911,14.816983,0.014123665,2.2402892,4.2996516,0.006372476,0.0074466113,145.09554,11.702709,146.44675,131.69794,138.08145,0.21730354,1.5058806,1.7395446,0.005989834,0.0051559964,18.741257,2.6180534,20.14085,14.877452,19.60484,11.434871,3.6341956,15.8026905,10.744903,11.05182,174.79999,6.495068,161.11166,155.62633,154.7238,63.73952,2.9510179,64.05198,59.4884,68.791695,0.13435136,53.22665,4.2354507,55.676205,57.144627,60.378136,432.63916,1.8693098,-0.043979008,478.095
1.7562811,0.48383233,1.8131778,1.4793674,1.994317,-0.77863455,-0.61235416,1.4150369,1.7530274,0.2946565,0.018141856,-4.976618,-7.0200224,-12.037279,0.20279181,-0.23934947,-0.034363385,-0.13422684,0.05047397,0.39886454,0.023005161,0.2075122,0.18314989,0.035654124,0.04270256,-0.46899214,-0.4509415,1.9537461,1.9496115,-0.31549054,1.929134,51.01707,0.78952706,0.74460024,1.177625,278.39587,298.44095,336.64822,303.36435,-54.179268,4.0115585,18.786911,33.86594,11.713841,17.839731,3.9028912,21.94624,17.337234,20.15013,0.93055016,0.028979369,0.93385255,0.9044338,0.916472,5.138889,1.9757248,7.2364426,5.6156416,5.81687,-0.20648131,2.9200656,2.6216156,-1.2819748,0.4455178,-4.1935463,3.5562465,-3.3853521,-6.8422527,-6.1430025,7.506946,3.0341358,9.734353,6.3417706,8.21046,0.05993555,-0.4075789,0.78931725,0.034046542,0.5493754,3.8043897,0.69274366,3.9712315,3.440283,3.7392066,6.2970862,0.80296135,6.689891,5.9284105,6.612585,3.7104714,0.68511504,4.0204887,3.2473063,3.5921004,6.070689,0.4960593,6.796638,6.158668,6.163799,7.1106257,0.33537832,7.4286814,6.9278336,7.4284,7.637289,0.7715755,8.043879,7.5904493,7.4129214,317.87674,0.5076311,3.4667575,-1.0093361,0.008748383,0.26010266,1.6935918,5.272168,-1.3677936,0.2598094,1.4702816,3.8980744,2.3394477,6.7484536,2.9392955,4.417522,58.916798,13.41319,82.08237,39.167587,50.059837,54.89984,7.276688,56.4366,49.87633,50.3026,294.2876,1.6640387,243.9482,250.49338,291.46054,15.212874,1.4749846,14.421621,14.435725,15.281507,0.0015066203,-0.046868935,-0.038645163,0.006372476,0.0074466113,104.15935,7.4594846,98.34838,90.9411,100.57744,0.083745204,0.12483983,0.1566449,0.0059779906,0.0051559964,17.123045,2.9005811,15.998116,14.740874,15.178048,11.6165,1.6607518,11.693819,9.893924,10.466105,105.5712,16.928734,110.34963,105.052734,104.142,45.03838,9.244158,46.94597,33.788147,49.27457,0.19775216,54.89039,11.6463585,59.09583,51.095192,50.574806,305.013,1.8566856,-0.049632628,358.43848
1.6037806,1.8865422,2.3230662,0.7982607,1.7584949,-0.7731793,-0.72610056,1.5229987,1.8814176,0.24685489,0.019816332,-7.267092,-8.20792,-15.899484,0.17401332,-0.20362934,-0.020484515,-0.11341954,0.036440596,0.27762422,0.089728706,0.24147435,0.23674145,0.045610037,0.045897946,-0.47025493,-0.47208753,1.9502347,1.9494927,-0.29336286,1.8820895,48.375046,0.88451576,0.8013427,1.1513803,307.9922,315.06805,339.06003,324.99194,-54.18723,4.7003183,20.125816,38.099365,13.136014,20.419512,5.3729405,26.051208,21.750946,23.695786,0.8931715,0.05530937,0.9083298,0.8737741,0.8830535,4.050907,4.366984,6.3194647,1.6302402,3.837065,1.088616,3.7241035,1.828508,-1.367331,0.47932115,-3.6396027,4.728796,-2.9534929,-7.305106,-5.664899,7.3471007,6.550511,9.36953,4.183936,8.292826,0.06415391,-0.34580722,0.7380189,0.05504398,0.3853658,4.924245,0.4542874,5.08848,4.4983907,4.8770266,6.874033,0.3135171,6.8162556,6.12561,6.792442,4.6038074,0.43179956,4.704206,4.4456787,4.7664895,6.08976,0.25479963,6.431743,6.205769,6.3453145,7.2221174,0.60502905,7.8896937,7.10919,7.69398,7.9224,1.1358179,8.611642,7.667129,8.619775,418.4331,21.13547,14.217661,22.908506,4.7910843,3.741877,23.26183,25.418787,35.814945,6.780459,5.2414837,12.127356,12.2848015,16.22143,6.5640197,8.52202,38.678043,27.850504,68.73292,30.351957,46.437828,70.61931,6.361429,71.513885,61.948734,60.380066,397.08804,18.95166,405.29483,409.17148,406.7209,19.77391,1.4280668,21.264898,19.858736,18.731695,0.54529697,0.56592464,0.74628365,0.0141566405,0.0074194027,117.49301,12.14979,114.88312,118.854195,113.57924,0.7920769,0.51609766,0.7519406,0.00575774,0.0051559964,30.845642,8.6462755,33.288628,29.272287,23.412891,14.426556,2.486865,14.917017,11.239225,12.642821,121.2992,12.104258,141.66093,126.41269,122.03901,81.25829,24.08934,83.70045,63.230724,86.59072,0.2139324,90.65961,18.232658,87.32383,67.0801,64.92186,427.18408,1.8016729,-0.05046126,473.79913
1.6736045,2.1619792,3.5244224,1.1550258,2.2951396,-0.8039086,-0.7471565,1.5647904,1.9033662,0.22493914,-0.007919335,-9.743504,-13.535642,-24.24273,0.11862342,-0.192501,-0.04930598,-0.11430416,0.053765964,0.23933503,0.010222377,0.24505553,0.24692412,0.048655387,0.04996338,-0.4649764,-0.46677256,1.9513705,1.9495995,-0.26530308,1.8584967,47.23226,0.83595216,0.82060844,1.1051157,331.13846,342.8121,351.99548,352.67236,-54.189167,5.414281,21.656311,39.44848,13.592447,28.300358,4.0532413,30.962645,26.033577,26.91481,0.80844676,0.03763904,0.8311137,0.8001808,0.84306294,5.7752943,9.690535,14.679199,3.5110471,10.009753,0.21238473,7.634257,2.0840664,-3.5354612,0.09814177,-8.100687,8.39132,-4.684684,-9.81976,-9.911596,11.37398,10.931475,17.79799,6.5499444,13.769666,0.032671742,-0.31399485,0.68066674,0.018877266,0.3128176,5.5955644,0.48387334,5.882986,5.379708,5.679687,7.3844995,0.43842298,7.790724,6.4454684,7.6007,5.130906,0.46969727,5.3664856,5.0379205,5.130753,7.081367,0.19547158,7.0117154,6.66042,6.7209067,7.027292,0.6143176,7.4152107,6.927858,7.2495975,8.993626,0.5510285,9.347237,8.456845,8.540635,513.5818,9.756968,4.78138,14.738047,7.732158,7.118086,41.47203,8.05496,53.467766,26.662798,19.753302,7.903751,9.317132,13.622152,5.070682,9.433719,28.860262,29.772896,45.53615,25.579266,49.11123,73.23168,3.4276347,75.64197,67.49164,69.873604,543.95074,13.70128,539.4008,539.6424,531.02075,20.243298,2.522069,21.919304,19.497755,20.553007,0.59070575,0.39486283,0.6198553,0.4874043,0.42927524,153.56203,12.521817,160.09619,152.68988,160.38326,1.8696102,0.5334501,1.498498,3.5704713,3.5189183,24.84071,7.334123,29.707382,20.85367,22.077122,17.26025,2.894431,17.295834,13.698366,14.60912,177.11285,17.099403,170.5044,170.64604,172.97984,121.32435,12.783139,134.55753,90.97338,113.82041,0.13917461,78.65847,11.8373375,86.590904,72.65727,80.31632,555.7716,1.8331761,-0.06699862,649.90594
2.3778236,1.9562397,3.396032,1.0600367,2.5504713,-0.8068051,-0.71378845,1.5251722,1.8788761,0.25154564,0.021993931,-5.5985413,-11.355843,-15.663389,0.1868115,-0.20802757,-0.019444508,-0.1144758,0.035714734,0.3494424,0.050362892,0.24302648,0.23280562,0.043701097,0.044611804,-0.46890604,-0.46680695,1.9509538,1.9500026,-0.29041424,1.8833832,48.734615,0.8247109,0.7678674,1.244446,320.2254,330.49466,356.3173,345.6465,-54.190617,4.607152,19.969564,38.125618,13.155775,19.803982,4.7096806,23.648033,19.945116,22.166956,0.91875124,0.035750587,0.91104907,0.890111,0.90158075,9.191572,8.267796,11.599134,5.3593383,9.007643,-0.7547556,8.599248,2.0158212,-4.505437,0.07631071,-7.8217807,5.63112,-4.355013,-10.26291,-8.991704,14.044533,8.752116,15.299359,6.8561697,13.677972,0.064888425,-0.3480825,0.7278533,0.03782698,0.46010506,4.6296763,0.4302477,4.7617364,4.36393,4.874013,6.658751,0.28851372,6.8883147,6.415554,6.861465,4.4460526,0.48829123,4.6724987,4.2880545,4.6288595,6.1469154,0.11922666,6.337797,6.0877604,6.2063947,7.080721,0.78366125,7.7816057,6.9916697,7.5239954,8.01774,1.4274358,8.558703,7.8713536,8.616526,404.87143,5.4137006,5.65336,8.125105,2.8178518,2.24683,12.461424,11.4630375,19.59517,5.0655513,6.135867,10.145476,11.535456,14.312688,5.8193026,8.43149,48.397243,39.936768,64.46954,30.896393,44.094414,68.644295,6.900983,70.83883,59.486393,58.64213,380.72913,11.0220785,400.85205,388.03143,398.6802,19.511276,2.4010365,20.619371,17.841234,19.896751,0.022099992,0.37770665,0.2885036,0.019705594,0.010944161,117.7378,11.342961,121.29416,109.832985,112.76861,0.10725047,0.5294498,0.7519406,0.033656597,0.0051559964,24.359072,8.370279,29.549047,20.673544,21.483677,13.327761,2.9739094,14.325026,11.055004,11.115655,122.65717,12.276672,127.60167,118.17284,118.66083,70.79035,21.429277,85.556816,61.167088,80.247375,0.18839842,69.062454,14.233463,79.12521,62.4005,58.683,423.0792,1.8433795,-0.066001944,467.38104
1.9907796,2.8779457,3.548075,1.2030724,2.7676628,-0.7526318,-0.7183585,1.4761164,1.8010801,0.2596895,0.014329801,-8.080348,-8.70147,-16.802307,0.19761412,-0.21774192,-0.026962623,-0.12502122,0.039136324,0.26992282,0.044951,0.22766936,0.23011597,0.038550198,0.038056675,-0.4681685,-0.47059622,1.9513516,1.9506165,-0.30530715,1.9003495,48.657623,0.799646,0.72648466,0.97749573,293.0578,286.10095,321.9342,294.8736,-54.181828,4.502302,19.647821,35.573017,13.003802,17.908333,0.83865494,19.101473,17.903563,18.446915,0.93440056,0.009698372,0.9352191,0.92175967,0.92810917,5.5370092,5.4388876,11.4499655,3.3081744,6.9275184,0.45194906,7.3711605,3.3507695,-2.6875987,0.19217293,-7.0229545,7.51174,-3.4907453,-11.245876,-7.3574057,10.825134,6.3049736,15.972234,5.740237,8.190823,0.05584906,-0.3651698,0.7066144,0.024847148,0.30383036,4.4328365,0.5013644,5.030067,4.3091335,4.51894,7.8541164,1.6011622,8.484008,6.7338524,7.126721,4.2609653,0.17523655,4.4152145,4.2704787,4.262714,6.6158,1.1241242,7.106216,6.085359,6.0611725,6.9895296,0.07921332,6.985923,6.939671,7.000356,8.555255,2.0847569,9.268949,7.377432,9.076556,413.35574,1.619846,3.2204401,6.9580197,0.077446334,0.30417445,2.885102,6.181674,6.8832593,0.4121568,1.726992,2.4920597,2.593063,1.9470606,2.0606065,1.942299,54.03621,29.386953,54.62515,48.946312,52.972576,54.52052,1.6529999,54.407566,51.699497,51.605755,396.6089,5.8334846,404.19846,406.10388,414.82248,14.158697,0.65879214,13.990722,14.6744795,14.27272,0.005171154,0.17542407,0.13195643,0.0064102574,0.0074466113,126.48357,17.508821,136.07169,123.12259,136.35631,0.087921575,0.31563845,0.20298932,0.014209976,0.0051559964,14.966423,0.9053847,14.76042,14.774401,14.7156725,11.865286,1.143797,12.334723,11.313693,11.476248,127.10557,4.3037868,126.90659,125.51104,132.26062,63.6985,5.4774055,67.71098,59.729942,71.074524,0.13696243,54.723812,6.309107,53.380848,53.249046,51.925903,415.4453,1.8394616,-0.05037934,508.40927
2.9973288,1.2736102,3.1084313,2.6774025,3.1381414,-0.8145328,-0.6889392,1.499393,1.850925,0.23801433,0.028306019,-7.3062224,-12.135593,-17.910442,0.1721606,-0.20733674,-0.018694576,-0.11624672,0.033713825,0.3973055,0.03194384,0.2376659,0.22920103,0.038659815,0.042762157,-0.4612141,-0.46709314,1.9509709,1.9405476,-0.28482047,1.877175,48.870975,0.82482994,0.75943863,1.0601463,284.74924,308.52704,362.16095,318.67993,-54.18702,4.6826434,20.174782,37.259735,12.52362,22.51773,1.4618055,22.882025,20.803095,20.652187,0.88579464,0.014637913,0.9063088,0.89872885,0.9100265,10.566746,5.334541,11.359825,7.8663263,10.0286665,-0.09162457,2.916293,1.9015083,-2.932421,0.10646736,-9.702008,4.197598,-5.7261734,-11.987267,-12.289962,17.11466,5.487134,16.186203,12.602187,15.94354,0.06685841,-0.34118077,0.7137793,0.05555037,0.41227382,4.937152,0.48468187,4.865626,4.551804,4.919745,8.20485,0.29960233,8.310996,7.543772,8.340747,4.4258084,0.22834858,4.6489263,4.2753153,4.5530267,6.430471,0.43820533,6.730333,6.497488,6.1612177,7.044768,0.27563098,7.252468,6.931625,7.283594,8.346712,1.1534584,8.554485,8.560314,8.734814,435.29388,8.891213,3.4970992,6.3071284,4.6026154,5.448715,38.93337,7.1779647,19.545021,28.037401,24.870358,17.30221,6.4877734,14.802804,10.039973,13.856972,109.0314,28.375383,114.72394,129.29485,118.89413,62.56426,4.5260434,61.38907,61.459984,62.1989,376.61252,12.602532,445.35327,428.6781,432.27042,20.207483,1.774511,21.00991,18.979795,19.855629,0.0020265006,0.027155966,0.04346991,0.0030435307,0.007345526,162.19604,9.385846,158.13333,168.77567,162.72762,0.10061749,0.11679141,0.14223927,0.0055816155,0.002588697,28.58504,5.6002207,29.216194,24.6294,26.237535,11.532432,0.6147647,11.58252,11.144047,11.332375,186.68736,8.973153,183.3993,168.51395,200.95216,73.04383,5.486535,81.70022,69.917786,70.7113,0.1359624,70.35419,10.793271,70.14837,66.75642,67.171394,467.29904,1.8452758,-0.067202315,503.7184
2.3695788,0.504577,2.6559563,2.0238278,2.3188393,-0.7481205,-0.699468,1.4564149,1.7771604,0.29114667,0.00077235315,-5.742016,-8.478095,-14.669374,0.19742273,-0.24039713,-0.0485792,-0.14112349,0.05625049,0.3604346,0.04456433,0.2136277,0.20992321,0.037200022,0.038362443,-0.4874519,-0.48134497,1.9528072,1.9519076,-0.31890488,1.8966368,49.641804,0.8018149,0.7495119,1.1587454,282.73932,293.39935,332.4428,302.858,-54.16803,4.077451,19.400167,34.95486,11.063853,17.817553,-0.3310515,18.00599,17.624548,17.88312,0.9327141,-0.0022986983,0.9326723,0.9339073,0.9339231,7.688623,-0.1642371,7.5541987,8.49949,7.4843264,0.25139144,0.45799747,1.5686394,0.08698316,0.45450515,-8.777029,0.49739859,-8.633861,-8.11628,-6.6523304,10.475143,0.44539514,10.705519,11.329959,10.656265,0.046019744,-0.40659332,0.7803438,0.031714436,0.48611948,4.1823525,0.068147466,4.1080003,4.194051,4.1954293,6.338378,0.15555787,6.2115693,6.33126,6.1742635,4.209155,0.050196122,4.2319536,4.202677,4.211716,6.0242167,-0.0072494852,6.185432,6.04097,6.038481,6.9820433,-0.015197072,6.9445734,6.9699254,6.9639006,7.5084233,0.10074647,7.4321,7.295914,7.2909355,294.4739,0.000773101,0.33483276,0.17482077,0.069394045,0.30127054,-0.5220973,-0.47144094,-0.7730474,0.35529122,1.4702816,2.0633655,-0.11937615,1.6423881,2.1093848,1.9727072,28.864075,-1.6491295,27.036844,30.630308,35.839237,50.21915,-0.43707934,50.20488,50.09859,50.26813,278.37933,-0.57967055,291.9526,272.7902,292.09943,13.984575,0.12144616,13.912897,14.085908,14.124877,0.0009475537,-0.053931892,-0.050610416,0.006372476,0.0074466113,86.01848,0.33919936,86.96832,87.77846,91.16613,0.083004504,0.12859541,0.14223927,0.0059877704,0.0051559964,13.88285,-0.05977796,13.765916,14.048881,14.079707,11.15825,0.158224,11.299358,11.239809,11.268349,85.90994,1.3250992,87.49143,85.67082,94.27972,59.645885,0.037384383,56.104015,59.260105,59.542812,0.17006561,50.218777,0.5999558,49.702454,49.711967,50.263844,295.73145,1.88162,-0.04218584,327.92557
2.5460413,2.3766916,3.9324229,1.4027172,3.8780081,-0.77142,-0.6848709,1.547905,1.9124265,0.25304288,0.0099519035,-9.480985,-10.997228,-19.342026,0.15838248,-0.2113153,-0.031480547,-0.11830593,0.04053863,0.19303942,0.028933039,0.22273208,0.22685352,0.04742486,0.05240728,-0.47765073,-0.47809237,1.9501246,1.9469308,-0.30501804,1.885098,50.460007,0.32635692,0.80002874,0.95138377,265.2301,285.03467,361.0312,286.02136,-54.183563,4.9295673,20.181456,38.57719,13.45313,17.90182,5.616845,23.872839,16.671993,24.147509,0.9237497,0.05702944,0.94074327,0.88271344,0.86163265,5.60021,4.5093603,8.469915,4.664265,4.743109,2.3864272,4.1801524,1.860492,-1.0778841,0.8388105,-7.121372,3.1235495,-6.6548223,-8.293243,-7.922678,8.947839,4.292208,11.195099,7.511684,11.236769,0.054449655,-0.3433039,0.71184,0.026958825,0.19008864,5.6958566,0.493787,5.602593,4.6379223,5.1547565,7.939318,0.5448065,8.602606,7.5094566,8.397973,4.470175,0.39961293,4.8834558,4.2461824,4.4988503,6.5940294,0.46595445,7.1066694,6.3060613,6.813485,7.003318,0.77608585,7.7803807,6.831181,7.568592,8.119873,1.6943917,9.124465,7.522782,8.27882,460.90207,21.945625,15.269985,22.552423,3.830496,3.2797084,66.78093,22.47222,57.838264,4.2646127,2.79496,14.555077,13.184992,18.423113,6.54741,11.428036,69.26364,33.042168,98.84848,48.962452,78.26225,63.55696,6.6474557,61.694016,57.34242,59.568157,443.99008,19.081491,482.31543,473.78235,448.0539,18.374071,2.0782568,19.633556,17.809137,17.930973,0.4965982,1.921235,3.4052243,0.006372476,0.0074466113,134.30894,14.656246,154.20197,131.39146,148.26378,0.8352891,0.87588334,1.1035273,0.0059844567,0.0051559964,29.229387,9.105705,33.22459,23.14967,23.102165,13.793361,2.6928806,13.674285,10.834306,11.854335,182.14175,18.101828,180.24278,172.1901,166.90337,101.14014,26.925907,116.95652,63.650425,81.28173,0.18660736,91.15917,18.87018,80.69965,66.47746,69.88774,478.47052,1.8157523,-0.0498084,569.0723
2.2459407,1.1400145,3.4681451,1.7175145,2.3399918,-1.033767,-0.55138546,1.5906097,1.9673307,0.30506137,0.008610537,-5.3348293,-6.9626226,-13.034871,0.19952315,-0.24640128,-0.043623894,-0.13770975,0.05470893,0.29742217,0.07145277,0.22114863,0.2096964,0.054482132,0.0644295,-0.5170065,-0.4663197,1.9562343,1.9500633,-0.31803253,1.915952,50.262604,0.8614872,0.8904436,1.2921511,151.14651,249.25848,299.89963,234.2914,-54.16513,4.1049223,19.110062,34.292007,10.940208,19.049906,5.139776,21.221485,15.105515,19.073597,0.91926205,0.0398826,0.9532889,0.9050212,0.91998065,5.689492,1.8254569,5.660859,4.8452816,5.4268513,0.34129152,2.3072639,1.6111395,-1.3087093,0.43757695,-5.0154514,3.3567188,-2.9996724,-7.3378067,-6.1685667,9.297616,3.4081805,9.102069,5.574184,8.510285,0.05451833,-0.4012856,0.77848464,0.06595145,0.4077822,4.1431994,0.40692195,4.3565125,3.8978322,4.3438044,6.170133,0.40767655,6.5756016,5.9635806,6.512751,4.0602436,0.36726686,4.2220783,3.7461162,4.0548916,6.0036354,0.3486865,6.4144154,6.0689063,6.011412,7.1114335,0.18596745,7.236226,7.0012927,7.15082,7.4101753,0.3592938,7.6318502,7.2222314,7.3301663,315.2171,0.6303081,1.1596099,1.957115,1.1915338,0.80683106,0.21390122,12.906336,1.9265454,2.868618,2.1207078,8.879927,7.7569494,7.5426617,2.836173,4.6261325,45.53445,10.366595,58.413788,33.323814,39.948605,53.89879,5.900595,57.194214,51.80423,51.76042,313.31894,5.531869,300.1381,264.59872,310.59045,16.831152,4.055402,18.729048,14.347419,15.877333,0.031759124,-0.080551066,0.0794657,0.0057928,0.017401764,98.026474,4.301487,89.41866,87.13854,99.46012,0.10531775,0.12483983,0.29121754,0.003938156,-0.0023172826,17.574501,4.967082,20.743393,14.664293,15.6472845,10.203929,1.8168489,12.165805,9.976752,10.523464,110.66889,3.5259664,94.21385,92.99331,99.80685,60.258537,15.107322,61.34994,45.774097,55.74941,0.17731443,55.367615,7.2822847,61.764084,51.620865,69.14666,308.82645,1.8406991,-0.045709167,363.20987
2.1047878,2.8358262,3.9136887,1.0625236,3.1073651,-0.8422119,-0.7212512,1.496129,1.867044,0.23593183,0.025564196,-7.668885,-11.328816,-18.5284,0.17034817,-0.20171827,-0.015406064,-0.10915813,0.030636713,0.3391366,0.046593238,0.24456438,0.23622046,0.044230405,0.04461107,-0.45841807,-0.46812037,1.948298,1.9495164,-0.28646174,1.8795385,48.580074,0.8060608,0.8612084,1.2545738,356.80542,324.2895,347.3141,362.13828,-54.1899,4.890578,20.680864,41.304707,13.171725,21.281054,7.996094,27.394842,20.543148,23.501314,0.8730958,0.080117755,0.9246326,0.848018,0.87969446,8.505122,8.594776,12.034363,4.229655,8.269529,0.604292,6.439117,1.9394444,-3.7335103,0.24859758,-7.115165,7.549309,-4.054263,-11.024117,-7.445617,11.666579,9.818228,14.734589,5.4653234,13.160877,0.06601625,-0.33111474,0.7164785,0.03202887,0.4932275,5.051249,0.90767556,5.5439262,4.4669924,5.0883355,6.731586,0.4735942,7.441271,6.607997,7.057136,4.756094,0.74621785,5.356771,4.389826,4.9890795,6.130585,0.47222638,6.4964347,6.157905,6.3992095,7.1530247,0.8338212,7.9244776,7.055404,7.6299963,9.176146,1.5465703,9.729389,8.576066,9.040285,505.3331,20.625534,23.769392,39.92188,6.742525,5.749392,52.339546,53.122055,74.69354,24.072613,19.869484,16.330278,16.170176,21.399628,8.383534,10.69459,48.678043,55.877525,91.84534,32.515247,50.187077,74.86865,12.98369,76.675995,63.220394,62.81296,456.6917,46.93719,517.2338,445.85574,472.66537,20.279432,3.019679,22.40235,20.311626,19.72802,0.559605,1.9476337,1.758406,0.003380867,0.0074558984,127.91725,22.246044,149.9253,127.97531,145.5116,0.7609586,0.60002065,0.7519406,0.07671456,0.0051920833,32.823742,15.512774,43.160355,27.099155,25.43793,15.507809,5.734009,16.649303,10.871771,12.0316,165.17465,28.503538,166.93782,139.0896,160.23651,89.77627,34.30756,121.45323,62.860817,95.77983,0.18793112,94.72096,35.758068,115.25019,72.494736,75.207405,518.9855,1.7926012,-0.063526735,619.7791
2.7464404,1.8462769,4.1610117,1.5308465,3.452091,-0.9324793,-0.5700001,1.5669358,1.9888432,0.27228123,0.007820765,-7.797251,-8.980311,-16.3488,0.18218905,-0.22493011,-0.03404849,-0.12576404,0.04221986,0.14717618,0.02809257,0.20752536,0.19172554,0.047430072,0.058733225,-0.4758595,-0.45403767,1.9565679,1.9501624,-0.31922922,1.9308012,51.709007,0.77945465,0.8041738,0.98024994,265.29312,284.76068,333.65005,270.2551,-54.18213,4.571064,19.943611,36.436794,12.934233,17.608358,7.289654,22.009327,15.522981,19.838242,0.9390247,0.047284365,0.94587445,0.9036599,0.91649973,6.1609273,3.6341105,8.265786,4.0463753,5.114722,1.308429,3.9437165,2.3556244,-0.9269249,0.8054237,-6.8548083,3.0569563,-6.535089,-7.878452,-7.313318,9.153142,3.6458046,11.00415,7.57516,9.967752,0.05252233,-0.3627732,0.7242592,0.07663,0.16065627,3.9707103,1.0226266,4.5249786,3.4438443,3.9962842,7.9066477,1.0934435,8.831818,7.3562846,8.173379,3.7922857,0.9921136,4.3141575,3.3050225,3.6945016,6.4359875,0.6078602,7.1938,6.274408,6.920865,7.060355,0.8424787,7.849358,6.5879316,7.3694167,8.341578,1.7357638,9.805277,7.2043653,8.715333,455.8899,10.004466,10.509129,12.090619,1.0920522,2.1055744,40.247383,27.361605,75.27524,2.502077,2.79496,15.721931,10.618049,16.238558,5.821609,8.285848,112.01711,43.130527,146.69699,64.97224,97.54174,57.231922,8.291763,60.235455,55.39498,55.813656,405.6018,17.457584,399.45975,350.90765,433.61108,17.378744,3.1064122,19.386446,18.31734,17.159512,0.014986079,1.6028715,3.0995739,0.006372476,0.0074466113,147.4936,25.876501,177.72249,130.40623,159.32153,0.22187763,0.8580632,0.7341193,0.0059800544,0.0051559964,31.139002,7.9835787,33.53264,16.809044,20.100805,12.145706,3.9823995,13.055827,10.14067,10.663304,211.39423,21.70157,188.78941,159.88512,175.45122,49.245785,23.27406,58.13341,34.93643,55.789967,0.1846909,75.77456,17.772358,75.875565,60.99047,63.374622,449.46863,1.8179259,-0.051134855,529.7842
1.5016406,0.76213866,2.144706,1.4595854,2.345785,-0.770997,-0.7132448,1.4976087,1.8582484,0.2526824,0.017556982,-7.284485,-7.7183986,-15.514079,0.17630468,-0.20557976,-0.02789189,-0.11940365,0.040421646,0.16113098,0.09061934,0.23473455,0.23235446,0.040006172,0.044987936,-0.47073913,-0.4694512,1.9513903,1.9493257,-0.29386893,1.8864596,48.574966,0.87712145,0.79157513,1.0223167,275.47763,298.20975,335.28796,306.4088,-54.183247,4.4040585,20.094177,36.25361,13.2543335,20.664667,3.109733,23.918491,21.63019,22.218992,0.9097178,0.033879172,0.9188926,0.8876395,0.8947008,5.1825542,1.2121162,5.7943077,3.7811615,4.960793,0.41053954,1.1655356,1.4459498,-1.1416403,0.4599113,-5.2951593,1.6927449,-4.13026,-7.153111,-6.2584257,7.1632156,2.7588508,10.410724,6.5553255,9.086429,0.057943307,-0.35222512,0.74953294,0.06843138,0.21561962,4.508378,0.16834956,4.5380697,4.465894,4.4912624,6.672286,0.50701964,7.0422397,6.5295806,6.7998614,4.3873334,0.09859915,4.4206386,4.4424877,4.4101224,6.108568,0.31393582,6.4284964,6.2339506,6.250301,7.4466324,0.23771568,7.4257417,7.361096,7.4094357,8.263785,0.55414665,8.379229,7.9476676,8.242411,376.18927,12.046645,4.985849,13.542454,2.1804235,2.9139252,7.2753263,7.810016,11.169327,5.118654,4.6614575,14.495033,3.9423,15.611773,9.971852,9.365216,50.434696,3.4328494,68.34629,45.22108,48.764565,59.63644,4.4115953,61.016453,58.11356,57.044514,358.89682,3.5423954,368.88208,367.92764,363.7003,20.182203,0.789975,20.94558,19.934454,18.450874,0.0009475537,-0.065204725,0.038202263,0.0063474486,0.0074194027,116.54608,3.916965,101.97992,117.4556,112.469666,0.12339628,0.12483983,0.14223927,0.0058004903,0.0051559964,30.72227,4.9718757,28.65382,24.633615,22.256388,11.234707,0.6839908,11.877942,11.160859,11.604796,120.14943,6.0529075,130.26717,123.72215,118.95863,63.551456,-0.03206034,64.94294,62.08324,66.22197,0.18328463,79.04865,9.235472,71.17172,63.445145,63.30144,379.05136,1.8471235,-0.05091543,446.2743
1.4275224,0.16696471,1.6010554,1.3443316,1.6034018,-0.74271715,-0.7170763,1.4661182,1.7916114,0.2722088,0.007912435,-7.358131,-7.707565,-14.774627,0.19552952,-0.22666797,-0.036038842,-0.13377683,0.044839572,0.3334984,0.043688558,0.22323738,0.21920864,0.03759066,0.038593713,-0.48099348,-0.4795259,1.9527262,1.9521071,-0.31285295,1.9015458,49.454823,0.8021489,0.75691,1.1533052,284.9529,293.55212,325.19055,300.11526,-54.172535,4.0726748,19.60845,34.80624,13.148209,17.822536,0.011578183,17.921726,17.496819,17.741064,0.9338578,0.00041399663,0.9344078,0.93394834,0.9347493,4.519771,-0.25623852,4.176706,3.466306,4.785443,0.7576157,0.3478896,1.5965483,0.24010187,0.45319793,-4.9205647,0.70581204,-4.974463,-5.9642982,-6.118302,7.5907197,0.95474863,9.201388,6.9165916,7.244313,0.053498633,-0.3866971,0.7684753,0.033143997,0.43426618,4.289583,0.068147466,4.2736998,4.264777,4.261938,6.622841,0.16072221,6.5635657,6.363661,6.6012063,4.241264,0.050196122,4.2673116,4.2338843,4.2193956,6.0733724,-0.013445067,6.2166567,6.0288887,6.0645475,6.9846196,0.034263257,6.9809103,6.989556,6.9777827,7.530783,0.18820208,7.9027596,7.341552,7.645261,323.3747,0.000773101,0.33483276,-0.45656595,0.069394045,0.30127054,-0.5094065,-0.7140293,-1.3624958,0.35529122,1.4702816,1.6479385,-0.25247145,1.6423881,1.8434324,1.7406138,36.17971,0.20261966,37.208733,36.185654,42.243874,49.97223,-0.48252562,50.002472,50.173916,49.92192,317.24976,-1.0801601,324.0269,317.70944,328.52267,13.876433,0.12144616,13.9022045,13.947973,14.041411,0.0009475537,-0.053931892,-0.050610416,0.006372476,0.0074466113,99.42006,0.58365315,102.869514,96.77114,100.497894,0.083004504,0.12859541,0.14223927,0.005978696,0.0051559964,13.897471,-0.25402278,13.60938,13.929249,14.028443,11.132834,0.158224,11.300484,11.2372,11.322104,103.0235,0.9335055,105.66526,98.608284,104.85312,60.344833,0.22670028,59.236908,59.373173,60.33006,0.15517783,49.892147,0.5999558,49.43261,49.83133,50.16954,323.16733,1.8637843,-0.044822287,364.83908
2.3419974,0.35429686,2.4657822,2.1202438,2.7376847,-0.79519516,-0.6939586,1.491728,1.8319479,0.27162328,-0.04469223,-12.615479,-11.0788555,-25.728943,0.12502982,-0.21675658,-0.084252,-0.14541459,0.0882688,0.21575364,0.020705087,0.20547743,0.20223287,0.042075094,0.045114618,-0.49309358,-0.4845782,1.952946,1.9520962,-0.30878907,1.873147,46.136616,0.8030961,0.7633123,1.0080615,276.5593,306.45062,345.3577,311.0858,-54.169327,5.209668,21.399714,39.256653,11.966108,24.953074,2.0774858,27.549076,24.103262,24.548845,0.87847525,0.021898873,0.8462695,0.8395328,0.87582225,9.642931,1.2370578,10.702347,9.251713,9.286428,0.3587757,1.7556375,2.5431151,-1.170169,0.6165901,-9.725683,2.5233636,-8.375528,-10.065391,-7.781471,13.431978,1.1427519,14.017452,11.965753,14.485262,-0.0050917035,-0.36252096,0.71855736,0.013513625,0.29205576,4.975249,0.17001772,5.2140017,4.84611,4.9902186,7.1666107,0.27628767,7.297551,6.9091196,7.625941,4.530525,0.21592258,4.7051806,4.476294,4.608624,6.954444,0.025305167,7.0390077,6.9984097,6.962218,7.2960134,0.12570305,7.359109,7.3339033,7.319729,8.830271,0.028195117,9.102477,9.037514,9.539832,448.21362,8.113692,0.75683594,6.14129,7.2434053,4.8007016,32.093956,1.6122301,28.200068,21.357899,11.8969145,9.955984,0.5163815,11.899019,7.5910835,7.447787,81.77354,1.1195949,75.07418,79.85864,86.46043,63.19275,3.3221834,61.420315,58.356953,59.61476,432.86832,3.8305807,460.7508,427.16193,447.91376,19.596445,0.5496587,19.58521,20.604519,19.640598,0.09341312,-0.08055527,0.13256624,0.16135491,0.049395796,147.53098,6.124648,142.8097,150.73285,158.65398,0.6798379,0.12483983,0.4354869,0.59260005,0.25400057,26.005108,1.5068226,24.98208,26.116741,23.86644,13.130086,0.34320986,11.804278,12.065288,12.980329,163.03516,8.945578,163.35439,156.47415,156.2135,77.42906,3.4947615,90.697876,70.188805,86.24423,0.14050229,69.98729,3.7992208,71.46361,66.87518,67.77706,487.94644,1.8712499,-0.040591173,540.5869
3.5767648,0.8308729,3.9966252,2.9878864,3.6268272,-1.2430927,-0.6004026,1.5073333,1.9581774,0.2442806,0.016013801,-8.223649,-10.128713,-17.493654,0.17516695,-0.2026035,-0.02585657,-0.119956344,0.03623477,0.16194865,0.088978976,0.22930296,0.23378639,0.03937376,0.04272648,-0.46975687,-0.47023854,1.9511113,1.9501743,-0.29667157,1.8937494,50.746563,0.82344687,0.7631368,0.9161299,208.83339,307.08713,318.03244,304.60214,-54.18712,4.5433426,19.69132,36.385677,13.104967,18.284367,5.0920205,23.147554,17.480246,23.05033,0.94665384,0.03268007,0.9384126,0.88985807,0.8919127,9.837818,4.6572313,13.714626,8.5463915,12.645271,-0.54507464,3.6441147,1.6368623,-3.0044715,0.0502808,-8.867512,1.6963797,-8.96922,-10.135964,-9.834388,12.834778,4.951868,16.179977,13.319071,16.320885,0.057283185,-0.34985107,0.7236704,0.082068235,0.2075756,4.5584936,0.36652395,4.854781,4.4464693,4.7599916,7.810374,0.31157053,8.211555,7.8362007,7.874906,4.2861733,0.28723767,4.4475217,4.129914,4.299983,6.3090076,0.29855996,6.827017,6.0704384,6.222213,7.0417895,0.34010673,7.5653753,7.0527663,7.5681033,8.347054,0.03899552,8.472104,7.97844,8.355749,418.34363,4.6470976,3.8813453,2.9009361,0.2015197,0.47424385,4.9343133,7.1642547,13.522583,0.6334779,1.726992,8.288187,4.6283484,11.190364,4.1694736,6.187064,72.08616,-4.447847,64.79627,65.74716,63.3635,59.79207,5.3145685,60.889824,55.445778,53.170605,412.22464,2.6638207,412.40396,416.24274,411.0038,18.95686,1.3589906,19.750732,17.378515,16.599127,0.0009475537,0.0799327,0.09793229,0.006387142,0.0074541466,143.38599,7.6804633,145.10756,144.30913,139.40627,0.29928324,0.14265981,0.15429305,0.006274152,0.005216785,22.144178,4.9323077,22.224533,16.362772,16.53621,11.407352,0.6041323,11.3223915,10.791545,11.359651,139.19666,-2.003401,150.06288,133.96198,145.35283,65.39533,2.2991745,67.059586,59.944016,67.16571,0.15999119,64.23066,11.052814,65.86721,53.810753,55.443935,426.07315,1.8499517,-0.05584444,477.6601
2.504871,2.3758054,3.5255613,1.0112786,3.3281248,-0.82156503,-0.7188506,1.5396916,1.8865983,0.23820662,0.025796484,-4.7899766,-11.914493,-16.80352,0.17052454,-0.19963318,-0.0153173115,-0.110450074,0.03230727,0.2993581,0.048926726,0.24609415,0.24002007,0.045220397,0.04580568,-0.46025345,-0.4657189,1.9488204,1.9475378,-0.28774205,1.8889934,50.82948,0.82842505,0.853336,1.2126482,320.0994,326.0012,356.5048,347.29724,-54.192898,4.7545,20.056528,38.103992,12.983703,19.309128,6.258644,24.192017,18.77902,22.681355,0.93244344,0.053476397,0.92918515,0.8812733,0.8899216,7.750174,8.648257,11.90095,3.4137187,8.3946705,-0.46271485,7.6156054,2.0597425,-4.0905137,0.1998129,-6.501453,6.625251,-3.656909,-10.431275,-8.7135315,12.285314,9.807744,15.155428,5.5488753,12.874685,0.06837581,-0.3309465,0.71776766,0.03782698,0.40674102,4.837891,0.5915075,5.2399416,4.3955865,4.9739294,6.6102552,0.24639274,6.8136616,6.1779814,6.7008214,4.6605506,0.640355,5.0502367,4.316817,4.883098,6.1622443,0.23117605,6.358016,6.1044254,6.197074,7.0940804,0.8226097,7.9208407,6.991213,7.6019726,8.271373,0.96622366,8.725925,8.023622,8.769689,433.88266,19.767633,15.759873,23.933159,5.0364356,3.6739469,32.751953,30.104027,38.065994,6.8769393,6.135867,14.421719,17.80553,19.501608,6.6975408,9.632758,46.274586,49.335773,74.80472,28.540722,46.203304,70.15667,8.829699,71.341736,61.75859,60.309517,408.10715,25.198317,421.2472,411.8747,426.8262,19.90458,3.3469863,21.811724,19.964462,19.632162,0.5047737,0.81491524,0.7332977,0.0032809086,0.0074194027,120.45185,16.945274,128.31148,119.25135,123.76513,0.67537475,0.5294498,0.7519406,0.0049581607,0.0051559964,29.644299,12.064149,37.25461,24.531898,21.260235,14.42481,3.4595478,15.057122,10.748495,11.636675,130.56136,17.826332,144.01035,127.277275,130.85483,78.56669,31.011808,91.77567,62.34507,84.43329,0.19997184,86.30954,21.935373,87.532974,64.47808,62.664883,451.9559,1.8066678,-0.069550194,493.34488
1.3840635,0.98470217,2.0143747,1.1851022,2.0810635,-0.7581145,-0.7132448,1.4923747,1.8207994,0.25227553,0.01944739,-7.480012,-7.7705736,-15.535483,0.18222488,-0.20849037,-0.028170345,-0.12044466,0.038976613,0.23633918,0.043722484,0.23325814,0.23365037,0.040673837,0.04434423,-0.46559,-0.4693251,1.9505309,1.949583,-0.2987792,1.8979605,49.686317,0.81409526,0.77801496,1.0261207,271.2353,305.58463,322.69766,304.13083,-54.185955,4.286906,19.766619,35.244736,13.303442,18.043034,6.6365113,23.639433,17.67462,23.306791,0.9430214,0.054826118,0.93750143,0.8871407,0.8870398,4.622584,3.5430582,7.450748,2.7425425,5.5084133,0.470316,4.7246366,1.7312737,-2.139323,0.48726872,-4.5213246,3.7489636,-3.4336004,-7.9328923,-6.581257,6.221412,4.6886334,11.111462,5.234739,9.698021,0.060864635,-0.3654488,0.7494093,0.038077913,0.30630562,4.2732954,0.33053908,4.4442782,4.1825957,4.3895454,6.52496,0.2603492,6.8268332,6.2352595,6.6159167,4.2674546,0.2831698,4.3933344,4.123735,4.31871,6.2116065,0.27663973,6.362626,6.045768,6.0343084,7.0412226,0.6992405,7.7825456,7.013539,7.776948,7.679179,1.1340702,8.569386,7.456407,8.532365,370.19937,10.644957,11.720866,17.270687,0.93416137,1.062149,16.8076,21.209326,22.605627,0.8101063,1.4702816,9.996369,10.1668825,13.436107,4.4640794,5.7225647,51.112713,14.076977,59.627617,44.2606,45.46413,58.6651,6.3119593,58.55654,53.95342,53.447773,347.22375,12.5181675,356.45447,347.96902,367.72058,19.862106,3.0813355,20.326782,16.602488,16.089485,0.434922,0.3397727,0.48006684,0.006372476,0.0074466113,113.552986,6.162426,116.66649,108.18576,114.38964,0.71555626,0.14265981,0.15429305,0.005978696,0.0051559964,26.675325,8.790208,27.926651,17.314941,16.757978,12.34794,1.2948666,12.106853,10.744058,11.396433,117.297615,10.535222,124.3726,112.47652,116.62795,60.519268,14.584838,68.22351,59.34815,63.666283,0.19313306,77.97614,16.40916,66.83001,54.900314,55.122448,362.88882,1.8224188,-0.050788924,429.84613
2.3465183,1.7322448,4.1527524,1.9660882,2.732432,-0.7844431,-0.6433988,1.4652029,1.8082246,0.28934887,-0.0017838263,-6.9259505,-9.168757,-17.587807,0.17870934,-0.23096083,-0.042235687,-0.12827562,0.0535577,0.2004657,0.05147653,0.21353944,0.20836534,0.040316276,0.04667512,-0.49674955,-0.48579708,1.9503725,1.944913,-0.30737022,1.8859919,48.423462,0.7749501,0.7566137,1.039721,271.81107,305.6778,332.94693,307.54608,-54.172153,4.6875234,19.59938,36.993908,11.07146,23.514849,5.2361617,25.671532,21.663197,24.775105,0.81299806,0.03699282,0.8767695,0.86022717,0.87034655,9.07963,3.6862843,8.787783,8.590253,8.178582,0.13145354,3.4103181,2.5489643,-0.5303424,0.7421402,-8.549192,4.0747123,-8.196781,-10.1207695,-8.023334,11.964308,4.811913,12.939641,11.447726,13.213834,0.046291854,-0.39806294,0.7493955,0.032938536,0.18746108,4.803822,0.6457481,4.8527713,4.308106,4.399945,6.547587,0.6308194,6.586289,6.79747,6.690312,4.1868305,0.32480553,4.5652127,3.9959853,4.319398,6.1610694,0.5515525,6.3334966,6.3286886,6.311265,7.1571636,0.6247887,7.494999,6.9830394,7.6001267,7.249527,1.8681177,8.616512,7.3706255,8.80745,363.34756,15.131054,13.356186,9.094667,0.6482815,0.450654,50.75845,18.611519,37.237835,0.3746608,1.4702816,19.580479,13.122521,15.061518,3.880882,4.611778,48.544117,34.210655,73.494705,34.286728,39.100357,58.709404,7.9168825,61.56708,56.09057,52.505573,352.24008,38.555782,358.11124,365.00287,356.05948,19.85886,3.545779,20.475697,15.895227,15.889933,0.004992007,-0.020285703,-0.023630468,0.006382361,0.007456702,112.0373,9.233747,106.26884,105.63935,112.41673,0.083004504,0.14265981,0.15429305,0.006017674,0.0051559964,32.348476,12.148268,27.452522,16.044346,17.150349,11.091211,0.7174234,12.043122,10.712378,11.054756,136.93425,12.276326,111.45591,101.00819,109.82403,64.263435,12.688236,71.84048,60.374454,66.879036,0.1787039,70.56177,15.082807,72.62641,53.83131,55.07117,349.2931,1.8533285,-0.047136314,407.64563
2.7774491,2.0376868,3.6981487,1.3545165,3.4883456,-0.84363765,-0.6952841,1.600794,1.918306,0.23143971,0.016591497,-6.1535563,-13.112363,-19.848476,0.17484474,-0.19394194,-0.022161748,-0.116178565,0.037979994,0.13405812,0.050037764,0.22932896,0.21823087,0.049240723,0.05534094,-0.49006772,-0.47472534,1.9485992,1.946951,-0.30092266,1.8834791,49.270844,0.9245531,0.7663682,0.9549742,304.09534,320.83618,355.86612,305.1025,-54.181786,4.681926,20.572731,39.87,13.210199,21.780672,3.065526,23.818638,20.186462,21.710476,0.8995165,0.024773976,0.9054207,0.8756064,0.9047939,8.275903,10.240233,15.085234,4.371635,10.024951,-0.18727076,6.6531706,2.031887,-4.114449,-0.20367576,-6.972599,5.7722445,-4.555103,-11.597178,-9.19095,12.609121,11.274908,17.741905,6.0120335,14.01166,0.060746696,-0.3298447,0.7218653,0.04787802,0.02643349,4.937549,0.81102353,5.313325,4.409946,4.9654207,7.037992,0.4893373,7.5143533,6.4502025,7.4189987,4.4979725,0.7046883,5.0151615,4.2123594,4.8629823,6.45894,0.5993443,6.355008,6.1223497,6.8207984,7.284042,0.9403961,7.5411234,6.9231553,7.393265,8.0491705,0.6768054,8.934193,7.774167,8.364037,431.18915,7.945337,7.8983936,13.713142,2.8113623,2.678028,29.331926,16.77008,48.078518,15.0792465,18.206966,17.218023,12.099171,16.426558,6.7039285,10.766325,101.26731,81.7038,145.33865,35.796516,103.93383,65.7367,10.116871,74.39205,63.99161,65.234726,540.7922,22.77707,477.5053,411.11865,446.61755,19.783142,3.0018666,21.643314,18.999617,20.22232,0.022099992,1.1474187,0.41670746,0.0022471421,0.0074194027,159.17464,31.202175,137.58177,109.48059,156.87288,0.14353923,0.61425006,1.0882168,0.004953482,0.0051559964,25.758131,9.542913,34.401573,23.768988,22.634325,12.894022,3.683925,15.180092,11.059216,11.399588,215.05475,19.526056,179.6081,130.26869,183.44556,86.655914,41.669483,105.7849,64.87427,84.807686,0.156059,76.11308,13.77812,86.0559,64.07346,60.508785,541.50195,1.8573674,-0.063458726,636.62646
2.5709105,1.2765042,3.6100757,1.7920182,2.633628,-0.7677405,-0.68441385,1.5176601,1.8448731,0.26394728,-0.0047839396,-9.000113,-11.731532,-21.02684,0.16954874,-0.22162928,-0.04539118,-0.13295174,0.05729276,0.21025637,0.055474915,0.21859062,0.20209369,0.040902775,0.044634696,-0.5083527,-0.49103013,1.9520013,1.9503591,-0.3151084,1.8949349,48.097507,0.7781945,0.79087913,0.95634615,274.6294,305.9242,342.95886,301.52054,-54.165718,4.2312675,20.253141,35.97891,13.246028,18.404018,2.7345796,22.520569,17.486155,22.624046,0.925767,0.017529527,0.92156476,0.8978003,0.899486,8.061327,4.8210196,8.950575,5.6235833,7.100724,-0.07579866,3.7996824,2.432789,-1.5588298,0.43642855,-7.8643126,3.2865453,-6.421512,-9.385914,-9.3921995,9.728417,4.649145,11.937837,8.4493265,14.118887,0.040910516,-0.36598724,0.73820037,0.099556096,0.15023397,4.2643175,0.19884843,4.769084,4.259919,4.523381,6.984345,0.36723244,7.6006837,6.9361696,7.582071,4.150429,0.14327706,4.391272,4.023108,4.2293906,6.481384,0.17117016,6.359575,6.235972,6.673638,7.159589,0.5962715,7.5394998,7.088724,7.6459413,7.8347077,1.4197806,8.684121,8.132911,8.740141,396.28247,6.1191483,11.093694,14.312728,1.1891191,0.8622367,21.083197,13.33751,41.830696,2.5890694,1.878353,15.239967,8.064753,18.483002,4.9495144,7.0565624,70.699265,35.98948,71.68176,43.450264,67.678986,57.441467,3.794376,62.09131,54.022312,55.127934,494.84528,19.593554,403.2336,360.32352,379.89597,20.151268,2.5682027,19.259163,16.629295,17.481394,0.0009475537,0.67893684,0.27905115,0.006372476,0.0074466113,129.70908,15.197204,167.99995,110.96242,130.36935,0.08299962,1.2319202,1.3442765,0.005989834,0.0051559964,27.186228,6.760402,31.034964,17.203142,18.55301,10.796844,0.6119342,11.620511,10.780987,10.9977,181.8874,35.51894,159.85568,135.8604,139.67014,60.749695,8.088029,75.392105,58.992294,66.79615,0.14109202,69.66267,8.677108,71.13909,56.988655,56.179234,439.767,1.897397,-0.04008837,515.54596
3.1291037,0.75346035,3.2274017,2.8874316,3.264833,-0.81149447,-0.7084092,1.511224,1.857575,0.25349757,0.020356301,-5.3461995,-11.03457,-15.459818,0.18405178,-0.20968932,-0.023220677,-0.11814838,0.036093872,0.34652823,0.04877024,0.23527099,0.2297181,0.038599104,0.042802025,-0.46682662,-0.46805918,1.9518261,1.950255,-0.29372978,1.88797,49.76509,0.8203974,0.773912,1.2007211,278.52194,314.7084,356.72916,314.68402,-54.186382,4.458867,19.857365,36.46225,12.985047,19.818834,1.9201666,21.57391,19.778313,20.569895,0.9149894,0.01594965,0.9151923,0.906764,0.913994,8.15773,3.4151778,8.628994,5.412687,7.6548414,-0.56217283,1.863806,1.6771846,-2.3893774,0.02332962,-6.4550242,2.336203,-4.5952325,-9.551042,-8.3775215,12.877689,3.1528654,13.073242,8.985021,11.824405,0.06352574,-0.35309324,0.7385038,0.044614088,0.4526863,4.545743,0.19202462,4.580004,4.415928,4.5375814,6.686687,0.40451226,6.60015,6.465961,6.656752,4.412341,0.16128144,4.4495835,4.324502,4.4319506,6.101056,0.08419696,6.3130765,6.1074796,6.082004,7.1515465,0.17228875,7.293055,7.1394153,7.294431,8.350024,0.48439127,8.48042,8.677386,8.631775,371.76813,4.9035816,2.6426115,7.4815345,3.5710876,2.5714118,12.434395,5.015747,14.224513,6.194338,9.14168,13.286099,3.4743102,15.169301,10.377696,12.07134,54.208755,24.61135,63.446114,39.24414,46.554825,56.242725,4.9511485,58.845818,55.899574,55.751186,358.7483,6.929625,361.9844,345.53207,352.9469,19.736631,2.1696758,21.377579,19.360487,19.443392,0.0020265006,0.027155966,0.019063683,0.005327148,0.0074194027,114.47372,4.663103,113.012115,110.73379,111.43976,0.09903324,0.11679141,0.14223927,0.005440708,0.0051559964,24.512526,4.772926,27.740198,24.614317,23.341938,11.297323,0.4414167,11.49808,11.186715,11.318532,122.628296,7.463322,123.79674,114.98526,119.80127,64.292,3.3808897,64.21287,62.24619,63.88537,0.1681948,61.6511,9.611768,67.01703,59.53187,58.712402,372.22778,1.8642862,-0.06486949,423.92987
1.3529185,3.226255,4.0035777,1.2186171,3.298787,-0.801469,-0.74367374,1.529441,1.8931097,0.23761699,0.027828164,-6.8131614,-11.273977,-17.5057,0.16945475,-0.19329904,-0.014717362,-0.106568955,0.03376073,0.21605587,0.124123015,0.2452551,0.23988524,0.049073417,0.054385852,-0.4822818,-0.47515088,1.9514071,1.9496464,-0.2758544,1.848074,47.42668,0.8874679,0.9633017,1.419035,338.82004,327.605,340.60712,344.81754,-54.182293,4.9331827,20.386024,39.79954,12.083242,30.54191,5.528574,29.484707,20.703522,23.70767,0.8469281,0.045213714,0.89506066,0.8173807,0.87118155,5.2473497,8.299867,9.55294,2.002286,7.8877616,0.8842772,7.25782,4.1699333,-3.339149,0.24237923,-5.0178494,6.2980304,-3.13811,-9.40402,-7.305794,9.182973,8.203436,14.313621,3.7170804,10.63187,0.06597899,-0.34358913,0.70630914,0.12147542,0.27459976,5.3138905,1.4244754,5.6167054,4.5141425,4.9382396,6.9238243,1.2423478,8.108545,6.486006,7.228617,4.716145,1.1929781,5.4633145,4.6521897,4.7994566,6.4331055,0.8218727,6.8999624,6.2516403,6.396022,6.969056,0.9050813,7.469864,6.7515206,7.2644734,8.508123,2.4723005,10.071847,7.319392,8.987085,471.45383,16.995157,9.560568,20.861898,8.726861,7.8042645,32.62884,33.214184,44.07136,19.239168,22.622177,12.175626,10.026712,17.347723,5.0711164,9.485728,44.26958,55.796448,88.47217,24.294796,51.18704,67.63717,12.714424,70.5361,75.717026,68.090324,514.37244,29.00534,496.15842,419.2825,468.25552,19.518034,5.0466204,22.733955,18.769117,17.899681,0.719355,0.81993264,1.15312,0.2295234,0.21798132,136.92294,52.545918,126.247284,132.57642,135.18163,0.9067521,1.5883855,2.1023655,0.51720023,0.12211906,29.634264,9.800559,33.7813,26.994738,21.901808,16.824394,4.6836205,16.43212,14.571203,15.0106735,138.5475,29.601646,152.02223,150.30751,146.33932,99.82977,35.68484,126.45162,115.09405,114.33657,0.18818504,85.32613,22.470165,81.81326,70.75723,81.18974,521.83453,1.8181598,-0.062017765,599.8943
2.0431395,2.4992461,3.690296,0.9242958,2.7898104,-1.0378046,-0.5546001,1.6323245,1.9777856,0.26073366,0.025873465,-6.682383,-8.124752,-15.515563,0.18295462,-0.20707238,-0.01748126,-0.110721655,0.032853547,0.3041127,0.03861314,0.22460945,0.22683987,0.062097184,0.0737974,-0.47180986,-0.45807004,1.9548874,1.9523951,-0.27538607,1.9219683,52.545704,0.9943318,0.87585783,1.3117051,183.88435,259.73727,317.77435,259.1387,-54.18413,4.6176734,20.110779,37.819633,12.957741,31.485401,6.4907136,28.99858,20.579317,27.334377,0.81801593,0.07596556,0.87352693,0.8201937,0.82414347,7.038581,5.899029,9.316903,5.213014,9.218639,0.13145852,2.7119136,1.592219,-3.5200918,0.13950224,-6.81544,4.7448735,-4.704767,-8.569965,-7.0938544,10.613057,5.974453,12.71878,6.148641,10.934402,0.07256495,-0.34677178,0.74811417,0.044214785,0.3596698,4.3922167,0.78205204,4.849976,4.138985,4.812913,6.6903424,0.6172799,7.242217,6.4088755,7.0232325,4.3747797,0.7624122,4.7893796,4.0496054,4.653301,6.250462,0.83644545,6.7623873,6.1825495,6.534362,7.2355566,0.52687496,7.49457,7.021953,7.2538824,8.708426,1.2171298,9.518355,8.087808,8.806088,451.97375,26.356056,23.333838,28.070953,7.1125174,8.309739,63.039097,30.516626,52.97543,18.361946,13.88527,22.939404,12.0570135,17.80068,11.139488,11.291879,56.69296,41.9548,68.64716,34.308506,44.31573,71.993645,12.729816,77.091446,72.28606,69.688354,405.67926,22.619701,449.03043,409.18045,450.6687,21.446531,2.2442186,21.097506,18.481052,19.525236,0.32100916,1.4561472,1.9327592,0.11503506,0.106211364,139.59238,13.65371,140.01572,125.59906,132.5793,0.4773797,0.5708904,1.0581445,0.2928741,-0.011588611,37.059395,10.974834,37.309288,21.134146,24.12765,15.340948,5.8107977,18.806955,11.521361,12.923197,161.47234,20.923172,160.02751,128.26447,140.60323,84.8766,28.320498,99.490036,61.42462,93.50752,0.1845142,111.83436,29.712215,119.92186,74.34354,77.087074,446.7415,1.7907485,-0.06632217,549.9797
1.8493437,1.4257057,3.252197,1.5139775,2.406646,-0.77992654,-0.6872004,1.4980336,1.8357416,0.24975413,0.006506412,-9.2998,-9.917842,-17.448097,0.18746355,-0.20155206,-0.031092305,-0.12643088,0.044897646,0.17786193,0.032806844,0.22014983,0.21225178,0.045299716,0.0493959,-0.50143355,-0.47992754,1.9518466,1.9496192,-0.30780897,1.881675,47.639866,0.7676831,0.7139904,0.89669114,290.43762,309.3272,347.64053,303.0701,-54.17489,4.4623294,19.960407,38.08647,13.363617,18.6867,3.9896953,23.848791,18.282705,23.441885,0.9239946,0.031593647,0.92710817,0.884817,0.89146465,5.885537,5.3052416,11.555698,4.0848155,8.391318,0.66382885,4.046164,1.6367471,-1.6647817,-0.0248635,-6.1556926,4.947942,-4.0726867,-8.824707,-8.34066,8.448109,7.682789,15.293646,6.291782,12.335495,0.052887723,-0.36214033,0.7570749,0.041738633,0.1378359,4.7428308,0.7301343,4.939434,4.2880416,4.6361866,7.065462,0.4104257,7.9644933,6.283969,7.3454146,4.27106,0.4854783,4.6243925,3.918326,4.2563615,6.402394,0.32163784,6.3722773,6.1693754,6.7519054,7.078354,0.7829202,7.500427,6.8915787,7.6481724,7.406985,1.0525674,8.52843,6.9721036,8.337021,377.2326,5.097892,6.441535,8.562119,0.63530946,0.54662216,45.050457,9.697387,25.028439,11.964282,16.077986,15.089542,7.4347715,11.949946,4.8347626,6.9437404,94.12229,74.37766,130.39745,42.340446,102.25521,68.35593,9.5489645,71.202286,58.112263,60.6118,498.79987,10.671724,377.23514,355.7809,391.40808,20.677755,2.3562982,20.834745,18.010023,18.855326,0.018136263,0.94112504,0.3822633,0.006227887,0.0074542775,144.30211,21.67221,162.8441,119.56153,144.56284,0.104262955,0.6401186,1.1002706,0.005986563,0.0051559964,25.968954,4.955402,27.755877,18.48185,17.681767,12.208036,2.6672964,14.962727,10.821409,11.372973,200.2262,15.850597,228.82848,130.30463,168.84248,72.80298,43.573788,79.39125,59.53799,71.15143,0.18027416,77.94684,11.159783,77.43044,58.55047,57.43136,499.88937,1.8371098,-0.04102186,579.3193
1.2724543,0.92878157,1.8838758,1.300001,1.8254986,-0.77403533,-0.692427,1.4790035,1.8427227,0.2419265,0.022397297,-9.533367,-8.597963,-18.247255,0.16856846,-0.20642154,-0.02105825,-0.1160934,0.03634204,0.22249953,0.068207875,0.23662123,0.23183739,0.03963185,0.0448602,-0.46306983,-0.4693516,1.9508625,1.9400456,-0.28593805,1.8728962,47.683826,0.8797068,0.77119446,0.95320594,282.10577,301.33832,334.4287,313.5922,-54.18666,4.625705,20.429367,37.024757,12.877516,23.24729,2.3184853,24.91358,22.87187,22.38202,0.87479055,0.030903623,0.90792024,0.88167185,0.894439,8.291694,2.6531014,7.7164617,5.3353357,6.8104615,0.49494478,1.8020517,1.6702735,-1.2495579,0.4675962,-6.4616966,2.3911455,-4.3668737,-9.926256,-9.269033,10.890643,3.905578,13.06201,8.1953535,11.771758,0.06143117,-0.34781888,0.7234345,0.078732245,0.19950627,5.022177,0.56448257,4.7655544,4.619561,4.882158,8.476159,0.39692855,8.948601,7.632937,8.3353,4.4145756,0.1831434,4.512791,4.370531,4.5196896,6.421772,0.5594898,6.7967267,6.623959,6.3761387,7.275066,0.30398276,7.362643,7.084161,7.393987,8.150762,1.2521406,8.43393,7.9523487,8.275242,439.77747,17.242817,5.3779945,12.624426,3.6392348,6.071487,33.83893,10.333327,11.799095,27.709023,22.274063,16.933899,6.097806,13.81858,9.440099,12.787936,107.940346,12.704982,114.07172,128.93242,121.111244,65.73051,5.2271347,63.540916,62.634747,61.901787,379.79926,10.298156,439.06354,441.6543,429.11856,20.442257,0.98444533,20.704529,19.414341,18.29471,0.0009475537,-0.065204725,0.038202263,0.005018375,0.007345526,160.58643,9.331699,149.16307,170.0404,162.84615,0.12339628,0.12483983,0.14223927,0.0059413975,0.002588697,33.784428,5.94514,29.071854,24.323156,25.290012,11.469815,0.7791334,11.951757,11.106859,11.56436,187.41595,7.5627365,188.08038,176.51344,198.11691,73.816505,2.1594372,76.53941,72.50136,73.007454,0.15535837,86.655495,10.21265,72.789,70.560005,71.175644,472.17438,1.8354179,-0.053787798,519.018
1.5865173,0.05484175,1.5989053,1.5872465,2.0222476,-0.7818887,-0.71394587,1.5117666,1.846768,0.24301353,-0.036327284,-14.0293865,-10.33811,-24.290651,0.12281484,-0.20434736,-0.074813485,-0.13665989,0.07625105,0.17699301,0.017807994,0.2246274,0.22052407,0.042361468,0.045281548,-0.48320568,-0.4792849,1.9528495,1.9516588,-0.29256007,1.8754388,46.63971,0.8034301,0.7748184,0.9995508,278.51898,310.59055,341.72763,309.75034,-54.172688,5.1128893,21.709015,39.168293,13.783063,24.977823,2.8752282,27.65288,24.292347,24.529942,0.8792847,0.027677596,0.86672324,0.8385863,0.8800453,7.4611545,1.230273,8.361335,7.0295997,8.22014,0.45571968,0.671938,1.9435247,-1.2809159,0.56493455,-7.172252,2.1417727,-6.4796515,-8.295875,-7.391988,10.172725,1.6521053,12.307832,9.587595,10.957636,-0.000342815,-0.3209961,0.70852846,0.02083305,0.23004283,4.871772,0.14450009,5.1252604,4.6402783,4.9191847,7.5435123,0.3089475,7.7937884,7.330122,7.4981265,4.542538,0.23498654,4.74887,4.528475,4.614983,7.110654,0.0503125,7.104391,6.98307,7.0230007,7.417897,0.123621225,7.4480987,7.4491916,7.4232836,8.995711,0.10268947,9.622386,9.326388,9.879508,466.58624,8.035495,0.75683594,6.8481736,6.443627,4.751885,29.642311,1.4953502,28.712069,21.216604,11.8969145,11.460805,0.63187134,12.114331,8.58215,8.9121475,91.98107,-3.1378336,93.62615,87.975845,95.22425,62.612602,3.40137,61.471546,58.55718,59.567825,462.84726,3.6649852,471.53885,461.181,478.01578,20.44434,0.4970799,20.450897,20.677706,19.952524,0.05632486,-0.06313604,0.13256624,0.11210248,0.01652944,161.89645,1.2836193,161.66505,157.62819,168.15842,0.5605906,0.12483983,0.31767866,0.23671412,0.23421882,26.1645,1.3627024,25.771208,26.251362,23.893244,12.79235,0.34320986,11.757381,11.963515,12.65533,175.08896,8.553984,179.364,176.8304,166.76816,71.39134,4.477973,81.39391,61.613865,77.56591,0.1415494,69.76258,3.7992208,71.47186,64.8962,67.68276,537.7777,1.8462803,-0.044007566,562.46027
2.3345423,1.4057676,3.8261151,1.6010449,2.8459938,-0.8614252,-0.5716232,1.57448,1.9511888,0.26841876,0.0061935335,-7.3908653,-10.940364,-18.390907,0.1748643,-0.22234133,-0.038215164,-0.12878375,0.047921386,0.18455745,0.051848393,0.20648685,0.1801981,0.038910087,0.046346493,-0.49460354,-0.47032663,1.9548695,1.9483663,-0.3287964,1.9200618,49.745937,0.7669023,0.7709868,0.95616704,282.74518,306.52228,343.65012,298.16864,-54.16822,4.439577,19.646212,35.61586,13.069775,17.951508,4.8143444,23.935179,16.436916,22.29023,0.9285663,0.04286823,0.93252856,0.8788646,0.89430773,6.484157,3.7825513,8.397463,4.2220755,6.035888,-0.34203127,3.10827,2.8779385,-1.4517306,0.45812184,-6.222463,4.3199644,-3.97667,-8.555647,-9.286962,8.22366,4.0127034,10.877098,6.034898,11.619519,0.048485246,-0.3738359,0.74111474,0.11307504,0.23485135,3.9247115,0.8900032,4.6338806,3.4318213,3.9699988,7.195927,1.0735338,7.9110293,6.9141474,7.3018837,3.747954,0.6784793,4.277736,3.2736905,3.7006402,6.5732775,0.54174274,6.9462295,6.3446703,6.668988,7.1359715,0.4059082,7.745784,7.0196657,7.761202,8.107101,1.5839272,9.296204,8.5903225,8.970708,411.69043,12.185812,25.42723,16.130585,0.9181038,0.8151866,24.83854,34.13321,45.374226,2.5489037,1.878353,17.712105,10.274334,18.445696,5.3589864,7.65847,109.52424,51.376312,109.70555,53.020493,73.147316,62.757587,5.8559246,63.74631,53.874836,57.180946,458.63324,29.188417,380.2189,310.53342,374.8838,21.307621,2.6785705,19.366386,16.639053,17.760406,0.0015066203,0.39399868,0.012418248,0.006372476,0.0074466113,135.79025,31.05964,158.70532,110.85246,127.14393,0.08374032,0.1311316,0.1400527,0.0059800544,0.0051559964,31.76051,11.552318,33.370453,16.876642,18.049875,10.7904,2.2378519,11.865479,9.949939,10.655203,197.37067,51.281326,177.08156,133.21045,139.24515,46.079437,17.139698,69.689064,35.28922,55.791515,0.165118,70.545044,27.442066,69.96317,57.427914,56.740314,434.73547,1.8847967,-0.042168252,515.3381
3.1663237,0.69911265,3.36968,2.9332404,3.1332195,-0.8206782,-0.7059781,1.5084549,1.8542918,0.24595426,0.009548681,-6.5979953,-12.155524,-20.532465,0.16978347,-0.21020979,-0.03613526,-0.120752454,0.043977164,0.27419722,0.039783467,0.23499173,0.22763902,0.038445495,0.043784894,-0.4813272,-0.46805918,1.9517304,1.9500599,-0.29979187,1.8911774,50.27069,0.9090075,0.91548496,1.1085185,280.87857,314.86945,357.41342,308.6406,-54.185425,4.598851,20.26661,37.47992,12.666973,19.453537,1.5328302,21.10525,19.2178,20.422842,0.9168895,0.014081008,0.9156438,0.9106253,0.9151624,9.986226,4.815501,11.708754,7.6522036,9.366547,-0.121982634,5.321041,2.305475,-3.2475214,0.14735305,-10.004513,5.7632785,-6.1266294,-14.072732,-10.63515,15.866745,5.548135,16.160084,12.446081,15.923139,0.047421787,-0.33682728,0.70015687,0.0321353,0.33336866,5.560438,0.34184954,5.31043,4.716515,4.9770265,9.701005,0.30119333,9.948423,10.339355,9.432791,4.4305573,0.17858273,4.5454254,4.324181,4.4663177,6.0307455,0.088458784,6.1665277,6.100093,6.0534453,7.1599517,0.16863427,7.2635574,7.1102424,7.3154755,9.015373,0.9281838,9.191232,8.915474,9.2815075,425.34006,4.9103885,3.7613883,16.389229,3.621008,2.5507166,9.871957,7.818647,21.949654,7.7955866,9.583382,12.643537,3.2293417,16.364414,10.610101,12.8383665,95.03303,34.130558,104.57566,86.12854,93.93513,56.839993,3.5691037,58.76881,55.977623,54.927807,442.83438,6.620108,467.75296,438.75278,424.41873,19.811169,1.774347,21.242058,19.413694,19.756351,0.0020265006,0.9194808,0.71377504,0.005327148,0.0074194027,151.80605,3.7486615,157.13388,153.7645,164.3346,0.3819924,0.10242768,0.37965637,0.0054481607,0.0051559964,24.67293,5.1434164,28.682093,24.591328,23.137377,11.338541,0.69796807,11.772652,11.13783,11.115817,182.6634,10.65093,160.65366,173.64526,168.25934,71.70149,4.5130672,75.31204,68.29896,74.751785,0.1317999,61.449657,10.091945,68.02691,59.536236,58.712402,429.88565,1.8745222,-0.065379664,523.04034
2.1282687,2.7052503,4.1325736,1.3154074,2.9653194,-0.77218074,-0.7183792,1.492307,1.8580006,0.24541914,-0.018241243,-11.5916395,-10.770439,-22.99909,0.12872183,-0.2036848,-0.05511895,-0.1282321,0.0558047,0.17009988,0.03391827,0.22976205,0.23151293,0.04266589,0.0446893,-0.47686875,-0.4706247,1.9518652,1.9513221,-0.29533136,1.879978,47.05048,0.79815936,0.7301321,0.89523464,285.99396,312.2574,341.91663,311.95367,-54.182816,5.04032,21.10321,38.08193,13.649433,23.747978,5.3043876,28.798075,21.864912,24.933111,0.8638631,0.05955232,0.89369977,0.8402068,0.8709138,6.6837573,6.462974,13.89133,4.6163354,9.611829,0.44187635,10.175125,3.3538299,-4.0057,0.35165644,-8.70168,10.540653,-4.400568,-12.608761,-8.834343,13.956201,10.491539,18.933819,8.148853,11.872941,0.021860179,-0.33783555,0.68400383,0.020626673,0.17559652,4.886077,1.1247486,5.727653,4.5814996,5.1401706,8.125919,1.5001688,8.082816,6.864331,7.519128,4.5369267,0.45784,4.883421,4.733445,4.7508225,7.2485323,0.494455,7.052926,6.617585,6.510094,7.265537,0.26940498,7.3992825,7.262775,7.3046017,9.357869,1.7248665,10.307611,8.516486,9.605577,475.34824,11.008749,3.7183785,15.931478,5.660789,3.8386998,31.5547,9.886783,26.015196,19.97319,11.9428005,11.273507,7.6505737,14.525202,8.556188,7.5975204,79.14977,40.731728,79.89679,66.79731,70.683716,64.89993,6.060498,65.49774,58.697987,60.673374,490.1732,9.339455,487.55484,489.10284,497.57724,20.75309,1.8567103,19.967426,19.749516,19.113268,0.059778992,0.1594835,0.2881582,0.14724852,0.05693754,166.05135,18.629896,177.46622,164.94139,168.93898,0.5239709,0.31188285,0.3784287,0.535505,0.2402184,30.080957,4.695924,30.614134,23.883348,21.482492,12.499245,1.7851626,12.719149,11.489807,12.825165,166.26256,16.492083,165.74771,172.68274,166.7321,84.54206,25.551983,89.82266,61.513268,96.86837,0.12635413,76.70338,12.078334,82.52286,66.93353,69.88678,506.0418,1.8218801,-0.050649147,593.7008
1.4591298,0.3333957,1.5764217,1.1739001,1.4546769,-0.78253716,-0.6242084,1.4310607,1.7607052,0.2788372,0.020205129,-6.4501476,-6.403398,-12.311876,0.1993151,-0.2273056,-0.027537111,-0.12718984,0.040228955,0.37843317,0.03511845,0.2143951,0.19401751,0.036583785,0.043454353,-0.4629396,-0.4520005,1.9537804,1.9500483,-0.3080928,1.9208031,50.92334,0.77951366,0.74242634,1.1709628,264.75763,296.7488,329.5344,294.43668,-54.18772,3.912411,18.89513,32.083305,12.942766,18.003977,4.079371,22.170721,17.70598,20.253807,0.9310993,0.03149931,0.93121225,0.9018682,0.9161438,4.251399,1.8292823,5.3127375,3.576454,5.0700555,0.15530431,2.6583686,2.176422,-0.91654664,0.4533503,-4.074248,3.124803,-3.2946966,-6.342698,-6.1197095,6.3334985,3.1488492,8.961006,4.9147725,7.507925,0.06787709,-0.4002755,0.78288704,0.04516373,0.48857382,3.8336225,0.6472555,4.048908,3.3987525,3.7479005,6.5322986,0.639532,6.587438,6.3933806,6.5495496,3.7667456,0.66488206,3.975875,3.3703525,3.6301563,6.058322,0.13268976,6.617238,6.1450934,6.1235266,7.169078,0.24389474,7.2936125,6.9854593,7.2262383,7.739605,0.41717154,8.5111885,7.4950695,7.654335,302.52036,0.54817533,3.735818,-1.0148523,0.009800878,0.26010266,2.337424,3.3072488,-1.1333486,0.20999615,1.4702816,3.6987798,1.9553717,7.198885,3.4319131,4.3910327,46.70225,15.323798,49.679783,40.752483,50.642197,53.43773,6.7450633,55.31594,50.607834,50.766987,288.9225,1.2039844,281.50623,282.75635,291.5326,15.051861,1.4998124,15.466628,14.780613,15.186087,0.0015066203,-0.02024976,-0.03630395,0.006372476,0.0074466113,96.40773,1.3744942,100.745094,98.30191,103.98102,0.083745204,0.12483983,0.1566449,0.0059742937,0.0051559964,16.600908,2.689728,17.185575,14.536459,15.174624,11.600237,1.6501044,11.704615,9.974986,10.578162,101.10884,16.271393,99.88894,92.35088,104.22491,43.728413,9.106282,47.452156,35.101593,49.28243,0.19017509,54.40823,11.881028,55.77013,51.02657,50.81964,293.5828,1.8255502,-0.05413257,349.34726
2.3048894,1.1117626,3.337116,1.8553073,2.5689363,-0.7829488,-0.6490604,1.499222,1.838984,0.23277721,0.007892273,-11.630327,-10.425713,-20.041512,0.17372641,-0.19878398,-0.02921788,-0.1255818,0.043346323,0.27241313,0.03636648,0.22152103,0.2078526,0.040166445,0.045132075,-0.5028072,-0.4867508,1.9529994,1.9418085,-0.31020325,1.8892734,47.89247,0.7872216,0.73809844,0.8293732,270.74835,300.82477,349.3052,295.15906,-54.16701,4.521758,20.187155,36.501858,13.129267,19.24633,0.7111326,21.596283,19.31293,21.639055,0.92175347,0.0015748672,0.913455,0.90569925,0.9011812,8.574012,6.302343,13.853003,6.698143,11.227326,0.13251057,3.9394855,1.8105987,-1.8719815,-0.04062121,-7.477119,5.2426972,-6.5989184,-10.318764,-11.404588,15.926771,8.482391,18.619005,9.72463,14.881557,0.053690262,-0.344411,0.7428555,0.06492518,0.1241321,4.8793383,1.0196905,4.4440646,4.3017297,4.6550508,9.0067215,0.45417815,9.780072,7.3489933,8.596076,4.185682,0.46163315,4.293884,3.8787994,4.228917,6.6643414,0.6417081,6.76312,6.36606,6.34067,7.0694613,0.53898346,7.315109,6.8547354,7.3789907,7.5650067,1.5819435,8.061125,6.9537096,8.036263,395.8985,8.8613405,5.048444,4.7901835,2.8475664,4.7700562,35.051,10.018087,26.489553,35.847004,36.254337,16.392387,6.566539,11.872792,8.159876,9.848351,148.16345,75.231606,185.06508,132.18095,161.1647,61.723362,9.101403,61.12413,54.78491,57.347073,459.5118,11.664534,415.46332,410.741,408.19385,20.425596,2.2529545,19.854528,16.289202,17.503422,0.0009475537,1.1550733,0.6659242,0.0054286183,0.0073727346,222.07912,27.970116,196.71532,185.59183,222.76834,0.09314585,1.3496493,1.3432063,0.0059877704,0.0051559964,24.36415,4.583453,25.671158,26.4047,21.266306,11.063086,1.7716541,13.358445,10.64472,11.122999,252.41609,12.379427,278.3572,180.8631,236.0171,65.99308,28.739153,74.24576,62.406883,65.66299,0.14431326,68.13207,5.4799833,69.612625,59.26658,59.596466,549.40295,1.8554511,-0.040097184,575.2544
2.22591,0.5316994,2.6376212,1.9708897,2.3188393,-0.7521592,-0.6970369,1.4505033,1.7746717,0.2874757,-0.009745467,-8.077171,-9.839814,-19.95525,0.18400174,-0.2378126,-0.060758002,-0.14232595,0.062215324,0.27268124,0.031632904,0.21269509,0.20659001,0.036892295,0.03842741,-0.48968813,-0.48134497,1.9527115,1.9519418,-0.3199439,1.8976762,49.859425,0.8018149,0.764383,1.0364803,285.09595,293.22403,333.12708,304.634,-54.168613,4.232022,19.781237,35.744884,11.381827,17.531893,-0.39420173,17.870754,17.427097,17.823828,0.9315678,-0.0029479412,0.9318345,0.9367515,0.93397313,8.85119,1.2248042,10.492716,9.608965,9.205951,0.12653689,3.7671807,2.1350732,-1.414888,0.45505622,-8.575296,3.8774204,-8.511792,-12.176882,-7.7332926,13.06867,1.900218,12.927706,11.449493,11.683893,0.027715517,-0.38159016,0.72870904,0.017093446,0.3343483,5.39996,0.21945064,4.946266,4.6986356,5.020753,10.164425,0.21620427,10.26754,10.025329,9.273761,4.2435317,0.052267127,4.1948276,4.1674695,4.2222066,5.9795957,-0.033995926,6.072996,6.0958834,6.002211,6.9739733,-0.01885163,6.9242682,6.940334,6.9610944,8.169572,0.775626,8.355208,7.591064,8.675841,360.75192,0.08007809,0.34892124,0.33175555,0.11931403,0.33099872,-0.44182375,1.723383,0.56058174,1.4237524,1.580805,1.7410616,0.03900087,1.9206848,2.2359285,2.3925207,81.58734,13.844451,84.236244,83.006,99.10181,50.758747,-0.5617123,50.399914,50.166077,50.412853,352.50714,-1.138619,377.803,359.5862,364.22083,14.090476,0.17937683,14.151637,14.13999,14.384214,0.0009475537,-0.053931892,-0.050610416,0.006372476,0.0074466113,161.44328,1.1441077,144.44919,176.19432,150.73444,0.09067907,0.11929181,0.20233925,0.0059952233,0.0051559964,14.202569,0.21039441,15.12555,13.985728,14.185599,11.257744,0.1784897,11.299358,11.198969,11.108069,166.71036,3.514502,147.0562,155.13718,145.30574,65.22149,1.1618333,67.15331,60.7559,66.31729,0.13251846,50.301056,0.60165155,49.815815,49.918156,50.263844,372.44794,1.8881468,-0.043488115,442.49274
3.5462942,0.8308729,4.0908656,2.9878864,3.6621835,-1.2411896,-0.6004026,1.5091989,1.9569861,0.24452801,0.013703019,-8.268648,-10.128713,-17.789742,0.17419745,-0.20363222,-0.029460367,-0.12052314,0.037816342,0.16308855,0.08546947,0.22834593,0.23166552,0.03937376,0.04272648,-0.47157276,-0.47023854,1.9508816,1.9501743,-0.29718167,1.8978078,50.491753,0.82344687,0.767114,0.92547965,202.94342,304.0174,318.03244,303.44214,-54.18712,4.531326,19.765882,36.16706,13.104967,18.284367,5.466502,23.304667,17.56811,23.454113,0.94600356,0.034541972,0.9377923,0.88784134,0.8888447,9.796141,5.0518956,14.335865,8.858503,12.737188,-0.54304516,4.9839644,1.7715876,-3.4572089,0.04942395,-8.856922,2.2604558,-8.89046,-11.05762,-9.976781,12.834778,5.505412,16.612066,13.1814995,16.36964,0.05454986,-0.34889722,0.7235275,0.082068235,0.19114546,4.3796782,0.36453858,4.7877383,4.393575,4.720367,7.7958016,0.37876797,8.1326885,7.898168,7.6233907,4.2821994,0.29279393,4.4475217,4.153537,4.3063436,6.345315,0.32775274,7.0140567,6.055163,6.418349,7.0417895,0.45005593,7.6175003,7.0469933,7.6622667,8.452023,0.16157404,8.798284,8.01795,8.495282,418.34363,4.6470976,3.8813453,3.0124228,0.2015197,0.47424385,5.1198664,7.1642547,13.424871,0.6334779,1.726992,9.609887,4.632641,11.190364,4.0701537,5.164751,81.29743,-5.7283998,62.294754,64.849945,61.325527,57.411713,5.3145685,57.442806,52.70754,50.862885,409.68466,2.363718,409.2146,410.11453,413.57623,19.065184,2.470142,19.787231,16.292843,15.798256,0.0009475537,0.0799327,0.09793229,0.006387142,0.0074541466,144.00981,5.4939055,142.56947,147.25409,133.67403,0.29928324,0.14265981,0.15429305,0.006274152,0.005216785,22.144178,5.758578,22.706717,15.665086,16.012573,11.436061,0.6041323,11.325975,10.781121,11.318298,138.77242,-0.8671639,151.69228,131.64761,144.32454,63.811905,2.5589283,66.24683,59.826286,67.16571,0.15999119,62.833393,11.052814,62.147305,52.018944,54.30654,424.68945,1.8514714,-0.056137774,473.89246
1.2633917,1.6454488,3.2471058,0.880481,2.0809157,-0.9182494,-0.5363883,1.5443279,1.927119,0.2648034,0.017350476,-7.3788366,-7.0903077,-14.549161,0.18197428,-0.21405637,-0.02658968,-0.11962568,0.0351108,0.14708753,0.04539397,0.21889876,0.20603794,0.043023515,0.04911052,-0.46945322,-0.45492342,1.9538294,1.9422144,-0.3002477,1.9099276,49.97083,0.8464187,0.80150145,1.1032847,257.9648,290.0553,327.85925,291.241,-54.1913,4.087663,19.267282,34.526825,12.75272,23.803858,8.859948,27.101572,22.086103,27.595568,0.82007915,0.06672497,0.88192475,0.8321416,0.85086757,4.1567082,2.3071506,6.518888,2.9042265,4.4551554,0.114826865,3.2008796,2.238848,-1.2282742,0.44702718,-3.4784544,3.7655408,-2.9039912,-5.8943944,-5.7516026,6.360196,4.9485497,8.699313,4.847154,7.314197,0.06921139,-0.37962577,0.784288,0.07581142,0.3000836,3.8762379,1.0052053,4.3223453,3.4421644,4.045416,6.5990562,1.142607,7.456998,6.131744,6.979779,3.8110046,0.9702427,4.1599402,3.3311913,3.8472497,6.071208,0.5784406,7.0322437,6.2910023,6.3589334,7.0891576,0.820454,7.752236,6.7738953,7.535478,7.3809004,2.5134702,10.171775,6.919421,9.688195,354.83875,25.848253,24.33495,35.989704,0.9699418,0.5327303,73.899666,56.125996,78.46053,1.4203849,3.8327477,20.587767,16.327175,21.899687,4.1876464,5.8043637,71.26144,71.297325,102.51266,40.68871,57.129265,67.49032,11.926777,72.88897,59.98251,57.622723,331.93655,61.167343,361.5454,340.67285,359.05408,21.35973,4.2684426,20.918924,17.82738,17.65079,0.23998462,1.4353584,1.4325378,0.048222832,0.053754725,100.20179,34.248722,118.161934,111.00135,109.072075,0.38050672,0.72838306,1.7371701,0.0060423864,0.0051559964,35.635574,17.52268,39.428085,16.66681,18.333689,12.53262,4.978502,15.086068,10.131926,11.369793,145.8019,53.25261,149.05894,101.62702,118.84914,46.544044,23.806837,73.70537,34.708855,50.50768,0.2295598,89.251045,32.503635,97.42645,60.272274,56.99869,352.63177,1.8230389,-0.054849677,432.90323
2.0355313,1.811492,3.47493,1.6386997,3.3803775,-0.75879574,-0.68004763,1.5306485,1.8544787,0.2467417,0.0059521627,-9.278095,-12.278761,-21.351242,0.16022114,-0.20585144,-0.034867436,-0.118908696,0.047782175,0.23070575,0.05584942,0.22283867,0.21933815,0.04215898,0.04671089,-0.49239084,-0.48752293,1.9498513,1.9465939,-0.31235117,1.8936172,48.549076,0.33506826,0.7691404,0.9024916,277.36606,305.12558,370.14264,302.80582,-54.175827,4.553668,20.432005,37.48016,13.652228,18.493198,6.1771297,24.807858,17.527966,23.730322,0.93443054,0.052940063,0.9259887,0.87111247,0.8785125,5.786997,5.956155,9.164502,4.200408,5.855979,0.22346665,4.0409737,2.6884916,-2.0595112,0.47233304,-6.207448,4.593405,-3.6466665,-8.996792,-9.34108,7.698377,5.12047,11.562559,6.072702,13.821355,0.05314969,-0.34108886,0.70728374,0.09600159,0.19253772,5.70925,0.57943565,5.8571887,4.5889974,4.948477,6.9191303,0.42499524,7.706926,6.8479686,7.7720113,4.605417,0.5431661,4.9714413,4.0518384,4.4501185,6.4268274,0.2843875,6.384466,6.32604,6.711608,7.1540875,0.6693691,7.7680006,7.0737543,7.715793,8.056895,1.3914218,8.771972,8.14427,8.8424,459.30045,20.349274,17.236916,27.253956,2.6123888,1.678134,53.344986,27.320383,57.516296,3.5901768,1.878353,16.365953,15.788408,20.442188,6.0918093,11.907858,55.95472,63.444363,86.123856,35.25002,69.841736,68.65246,8.162665,68.868866,62.96906,61.801838,550.68445,26.232746,494.35095,443.31982,454.84122,20.554802,1.6041735,19.74812,18.935959,19.654753,4.511896,2.8007765,2.8368995,0.006372476,0.0074466113,131.23985,22.879961,178.61343,111.5973,154.46034,2.1435301,1.6953334,1.4791262,0.0059844567,0.0051559964,32.877384,11.192829,37.660374,23.182009,22.951616,19.054632,4.275508,14.820224,10.796857,11.640327,193.99075,44.26933,172.74449,151.10052,153.9553,107.944115,34.215374,132.67249,63.148663,78.038864,0.15604384,97.65397,19.580439,84.75392,65.86368,63.740692,492.13306,1.8586303,-0.042554986,618.268
1.4934927,2.2701535,3.7907763,1.2449924,2.7566903,-0.81710786,-0.74365497,1.5111258,1.8930951,0.23051816,0.025775433,-7.5175033,-11.497656,-19.066261,0.16598,-0.19290952,-0.015041635,-0.10468103,0.030834096,0.24665444,0.0682935,0.2452549,0.248441,0.04785658,0.048730552,-0.46864855,-0.47212797,1.9491674,1.9492358,-0.2679903,1.8351657,44.730427,0.8463022,0.88075936,1.2676408,371.78754,332.74377,347.15552,359.02872,-54.188496,4.956425,20.98838,42.109055,13.455103,31.905878,7.576823,33.107117,24.6674,24.489088,0.80267614,0.075392455,0.8712269,0.7945505,0.867275,6.3373904,7.2732096,10.123403,3.9955976,8.54326,0.5155811,4.98428,1.7780894,-3.2598195,0.21646293,-5.5382504,5.9579816,-4.063175,-9.439506,-7.754743,9.322312,8.912596,13.595045,4.8748136,11.958789,0.06373296,-0.32508567,0.71710086,0.036461107,0.37595654,5.2938666,0.79096985,5.5701804,4.939528,5.3612638,6.742079,0.45403108,7.5765753,7.070926,7.2764244,5.02701,0.65747464,5.425755,4.977554,5.208501,6.06573,0.4518718,6.509169,6.18874,6.350597,7.051728,0.6559949,7.456002,6.992139,7.1844726,9.336734,0.97120714,9.550301,8.320752,8.903237,515.28625,17.576027,18.118698,33.832493,12.213327,10.810991,54.931202,38.415127,64.74291,30.846008,29.649239,14.395798,12.019787,20.755266,8.781773,12.118115,21.589378,40.22952,72.920525,30.607296,44.564957,78.294556,11.083328,82.241486,76.67545,74.44724,508.95084,31.428541,539.72766,469.42743,487.0012,20.549307,2.5414746,22.594141,21.210466,20.613504,0.5719391,1.6033804,1.9043003,0.2545732,0.37352905,130.00366,11.538799,135.10588,125.603676,144.39336,0.73634356,0.66070557,0.9989301,0.57487977,0.15363504,33.632317,11.784142,40.716656,27.486145,27.3085,17.493801,5.2044516,18.932716,15.172713,14.831567,161.25508,20.304338,165.40578,139.09862,162.3389,117.46659,14.171781,137.4883,117.898285,125.76602,0.17724061,102.18283,29.613104,117.39395,86.408806,93.70542,543.82227,1.7895397,-0.0647984,644.09827
1.3837192,1.4188691,2.2737405,1.3464369,2.0169942,-0.79075265,-0.65280557,1.458007,1.8135178,0.25813356,0.0069357227,-8.383833,-8.012296,-17.20647,0.17861924,-0.21359845,-0.027479375,-0.1202407,0.03971277,0.1555571,0.049667474,0.23130573,0.2249623,0.040918987,0.04676094,-0.4859491,-0.4825649,1.9499661,1.9442586,-0.29646105,1.8886777,48.106316,0.83539104,0.7895287,1.0381624,267.3184,300.9011,325.69467,301.3038,-54.174442,4.5442653,19.851439,36.449856,12.939197,23.539598,5.946371,26.169392,21.95334,26.092358,0.8118663,0.04099527,0.8768888,0.8540726,0.85953385,6.6925607,2.9002721,6.943579,5.5330043,6.721461,0.67567796,3.1222384,2.4438808,-0.4380174,0.7270986,-6.49915,3.6879559,-6.2377067,-8.693839,-7.753901,9.583805,4.508599,11.61566,8.897269,11.745222,0.055958368,-0.37672415,0.7457738,0.0422061,0.15397069,4.3910456,0.6102237,4.4798794,4.1529603,4.2957215,6.7409654,0.6190256,6.719296,7.162125,6.7867503,4.1666555,0.3298041,4.5016017,4.004904,4.328511,6.274149,0.636685,6.3610854,6.3425565,6.29876,7.1223645,0.6583863,7.524632,7.0244894,7.6505885,7.370135,2.0587966,8.968335,7.5774016,9.183318,367.4267,13.925685,13.38036,11.325313,0.95099366,0.51667345,39.204758,20.152607,36.79129,0.32484755,1.4702816,17.80238,11.889763,15.796237,3.940583,4.5140433,60.074768,36.225056,74.02782,40.869038,44.32166,58.129898,7.996069,61.347996,56.43462,53.020245,366.83203,37.091835,361.87427,381.01074,376.39688,20.914642,3.8386486,20.708252,16.220377,15.907738,0.004992007,-0.020285703,-0.023630468,0.006382361,0.007456702,128.25087,7.450429,118.48731,114.64524,114.93232,0.083004504,0.14265981,0.15429305,0.0060086,0.0051559964,32.843494,12.958445,29.640417,16.061398,16.836256,11.078448,0.78088176,11.916679,10.741498,11.197656,133.2995,16.33191,118.25404,111.51644,117.035515,61.01333,11.563386,68.41428,59.27511,61.239513,0.18150204,71.04709,15.656038,71.699295,53.841248,54.976868,365.33322,1.840523,-0.050858427,417.39975
2.2495766,2.2035477,3.9720623,1.238468,2.7978754,-0.80435723,-0.74365497,1.5368139,1.892826,0.23220271,0.024142891,-5.519996,-12.67881,-19.221478,0.17864205,-0.19239518,-0.013654812,-0.10497002,0.028742542,0.3828263,0.034275673,0.2459175,0.24887007,0.044451706,0.047246546,-0.46162745,-0.46493465,1.9496784,1.9488258,-0.26749012,1.8640181,47.44654,0.8095059,0.8136321,1.2296801,367.54413,345.24643,366.80548,359.93018,-54.193676,4.9248867,20.881624,41.61861,13.321089,25.440773,6.13234,29.138334,25.00503,23.523634,0.87207615,0.072110765,0.8899808,0.8295662,0.88620484,5.942828,9.453177,13.256976,2.939966,9.580889,-0.2621206,5.272061,1.8546324,-4.1885247,0.067754045,-6.4433947,5.6575055,-4.086153,-9.883188,-9.421829,11.730263,9.519835,15.353479,6.5377345,13.154671,0.06708549,-0.32721213,0.71258974,0.03140563,0.5346452,5.2330837,0.6036714,5.4766045,4.9091315,5.3951073,6.737935,0.3656961,7.144835,7.161471,7.170425,5.044606,0.6193359,5.4022565,4.9676347,5.207051,6.1223483,0.33353937,6.430849,6.1559496,6.382978,6.9833665,0.72038776,7.5634356,6.935792,7.195163,9.157798,0.52005947,9.419046,8.564344,9.031432,507.61987,16.062672,17.64577,24.888672,8.983035,9.092134,48.46142,30.492657,65.21661,25.824888,28.96468,11.371194,11.846803,16.404036,7.7374387,12.452471,21.712942,39.84733,62.921597,24.672188,46.955803,76.45661,9.137542,79.612686,68.39322,69.8742,466.7019,29.213398,550.3321,470.1901,478.78363,20.669153,2.2770648,22.307545,19.647755,20.243298,0.32866448,1.5812618,1.4993075,0.13916194,0.21552455,129.20442,13.566696,144.79791,119.68447,141.64986,0.6200781,0.59013474,0.9989301,0.475109,0.078609966,31.479671,9.0249605,37.06634,23.029215,27.238804,16.45325,4.9697733,17.865877,12.590391,12.509583,157.09305,14.608845,167.27922,135.9893,156.09775,110.86897,17.768785,124.74968,89.09653,107.493225,0.16547208,100.52596,24.453297,114.27892,80.02093,85.36663,529.51746,1.822276,-0.07437634,644.4719
1.4591298,0.3333957,1.5764217,1.1739001,1.4546769,-0.78253716,-0.6242084,1.4310607,1.7607052,0.2788372,0.020205129,-6.4501476,-6.403398,-12.311876,0.1993151,-0.2273056,-0.027537111,-0.12718984,0.040228955,0.37843317,0.03511845,0.2143951,0.19401751,0.036583785,0.043454353,-0.4629396,-0.4520005,1.9537804,1.9500483,-0.3080928,1.9208031,50.92334,0.77951366,0.74242634,1.1709628,264.75763,296.7488,329.5344,294.43668,-54.18772,3.912411,18.89513,32.083305,12.942766,18.003977,4.079371,22.170721,17.70598,20.253807,0.9310993,0.03149931,0.93121225,0.9018682,0.9161438,4.251399,1.8292823,5.3127375,3.576454,5.0700555,0.15530431,2.6583686,2.176422,-0.91654664,0.4533503,-4.074248,3.124803,-3.2946966,-6.342698,-6.1197095,6.3334985,3.1488492,8.961006,4.9147725,7.507925,0.06787709,-0.4002755,0.78288704,0.04516373,0.48857382,3.8336225,0.6472555,4.048908,3.3987525,3.7479005,6.5322986,0.639532,6.587438,6.3933806,6.5495496,3.7667456,0.66488206,3.975875,3.3703525,3.6301563,6.058322,0.13268976,6.617238,6.1450934,6.1235266,7.169078,0.24389474,7.2936125,6.9854593,7.2262383,7.739605,0.41717154,8.5111885,7.4950695,7.654335,302.52036,0.54817533,3.735818,-1.0148523,0.009800878,0.26010266,2.337424,3.3072488,-1.1333486,0.20999615,1.4702816,3.6987798,1.9553717,7.198885,3.4319131,4.3910327,46.70225,15.323798,49.679783,40.752483,50.642197,53.43773,6.7450633,55.31594,50.607834,50.766987,288.9225,1.2039844,281.50623,282.75635,291.5326,15.051861,1.4998124,15.466628,14.780613,15.186087,0.0015066203,-0.02024976,-0.03630395,0.006372476,0.0074466113,96.40773,1.3744942,100.745094,98.30191,103.98102,0.083745204,0.12483983,0.1566449,0.0059742937,0.0051559964,16.600908,2.689728,17.185575,14.536459,15.174624,11.600237,1.6501044,11.704615,9.974986,10.578162,101.10884,16.271393,99.88894,92.35088,104.22491,43.728413,9.106282,47.452156,35.101593,49.28243,0.19017509,54.40823,11.881028,55.77013,51.02657,50.81964,293.5828,1.8255502,-0.05413257,349.34726
1.9907796,2.8779457,3.548075,1.2030724,2.7676628,-0.7526318,-0.7183585,1.4761164,1.8010801,0.2596895,0.014329801,-8.080348,-8.70147,-16.802307,0.19761412,-0.21774192,-0.026962623,-0.12502122,0.039136324,0.26992282,0.044951,0.22766936,0.23011597,0.038550198,0.038056675,-0.4681685,-0.47059622,1.9513516,1.9506165,-0.30530715,1.9003495,48.657623,0.799646,0.72648466,0.97749573,293.0578,286.10095,321.9342,294.8736,-54.181828,4.502302,19.647821,35.573017,13.003802,17.908333,0.83865494,19.101473,17.903563,18.446915,0.93440056,0.009698372,0.9352191,0.92175967,0.92810917,5.5370092,5.4388876,11.4499655,3.3081744,6.9275184,0.45194906,7.3711605,3.3507695,-2.6875987,0.19217293,-7.0229545,7.51174,-3.4907453,-11.245876,-7.3574057,10.825134,6.3049736,15.972234,5.740237,8.190823,0.05584906,-0.3651698,0.7066144,0.024847148,0.30383036,4.4328365,0.5013644,5.030067,4.3091335,4.51894,7.8541164,1.6011622,8.484008,6.7338524,7.126721,4.2609653,0.17523655,4.4152145,4.2704787,4.262714,6.6158,1.1241242,7.106216,6.085359,6.0611725,6.9895296,0.07921332,6.985923,6.939671,7.000356,8.555255,2.0847569,9.268949,7.377432,9.076556,413.35574,1.619846,3.2204401,6.9580197,0.077446334,0.30417445,2.885102,6.181674,6.8832593,0.4121568,1.726992,2.4920597,2.593063,1.9470606,2.0606065,1.942299,54.03621,29.386953,54.62515,48.946312,52.972576,54.52052,1.6529999,54.407566,51.699497,51.605755,396.6089,5.8334846,404.19846,406.10388,414.82248,14.158697,0.65879214,13.990722,14.6744795,14.27272,0.005171154,0.17542407,0.13195643,0.0064102574,0.0074466113,126.48357,17.508821,136.07169,123.12259,136.35631,0.087921575,0.31563845,0.20298932,0.014209976,0.0051559964,14.966423,0.9053847,14.76042,14.774401,14.7156725,11.865286,1.143797,12.334723,11.313693,11.476248,127.10557,4.3037868,126.90659,125.51104,132.26062,63.6985,5.4774055,67.71098,59.729942,71.074524,0.13696243,54.723812,6.309107,53.380848,53.249046,51.925903,415.4453,1.8394616,-0.05037934,508.40927
3.1291037,0.75346035,3.2274017,2.8874316,3.264833,-0.81149447,-0.7084092,1.511224,1.857575,0.25349757,0.020356301,-5.3461995,-11.03457,-15.459818,0.18405178,-0.20968932,-0.023220677,-0.11814838,0.036093872,0.34652823,0.04877024,0.23527099,0.2297181,0.038599104,0.042802025,-0.46682662,-0.46805918,1.9518261,1.950255,-0.29372978,1.88797,49.76509,0.8203974,0.773912,1.2007211,278.52194,314.7084,356.72916,314.68402,-54.186382,4.458867,19.857365,36.46225,12.985047,19.818834,1.9201666,21.57391,19.778313,20.569895,0.9149894,0.01594965,0.9151923,0.906764,0.913994,8.15773,3.4151778,8.628994,5.412687,7.6548414,-0.56217283,1.863806,1.6771846,-2.3893774,0.02332962,-6.4550242,2.336203,-4.5952325,-9.551042,-8.3775215,12.877689,3.1528654,13.073242,8.985021,11.824405,0.06352574,-0.35309324,0.7385038,0.044614088,0.4526863,4.545743,0.19202462,4.580004,4.415928,4.5375814,6.686687,0.40451226,6.60015,6.465961,6.656752,4.412341,0.16128144,4.4495835,4.324502,4.4319506,6.101056,0.08419696,6.3130765,6.1074796,6.082004,7.1515465,0.17228875,7.293055,7.1394153,7.294431,8.350024,0.48439127,8.48042,8.677386,8.631775,371.76813,4.9035816,2.6426115,7.4815345,3.5710876,2.5714118,12.434395,5.015747,14.224513,6.194338,9.14168,13.286099,3.4743102,15.169301,10.377696,12.07134,54.208755,24.61135,63.446114,39.24414,46.554825,56.242725,4.9511485,58.845818,55.899574,55.751186,358.7483,6.929625,361.9844,345.53207,352.9469,19.736631,2.1696758,21.377579,19.360487,19.443392,0.0020265006,0.027155966,0.019063683,0.005327148,0.0074194027,114.47372,4.663103,113.012115,110.73379,111.43976,0.09903324,0.11679141,0.14223927,0.005440708,0.0051559964,24.512526,4.772926,27.740198,24.614317,23.341938,11.297323,0.4414167,11.49808,11.186715,11.318532,122.628296,7.463322,123.79674,114.98526,119.80127,64.292,3.3808897,64.21287,62.24619,63.88537,0.1681948,61.6511,9.611768,67.01703,59.53187,58.712402,372.22778,1.8642862,-0.06486949,423.92987
2.416966,1.338396,3.0972497,1.4764484,1.8124661,-0.9401604,-0.5331903,1.5422121,1.9259602,0.26824245,0.013334996,-8.728056,-8.118357,-17.59443,0.18610094,-0.2184641,-0.026646031,-0.12746842,0.04274796,0.32581493,0.04505897,0.21758093,0.21228287,0.059834715,0.071549736,-0.5196672,-0.4677325,1.9534603,1.9490356,-0.31403226,1.9080411,50.64066,0.8350955,0.8236615,1.0300317,144.57933,253.58711,313.00815,219.29881,-54.16117,4.129675,19.943993,36.23243,13.152385,19.485079,5.6934457,22.832634,14.029739,20.77985,0.91849416,0.04119567,0.95235026,0.886351,0.91030633,5.9251947,3.1332874,5.5744762,4.534967,5.4598455,0.49952257,3.5309732,1.8449396,-0.6237528,0.43717572,-6.0807047,2.3263607,-3.5757942,-6.372482,-5.8920355,6.8945055,3.332563,9.195036,5.396973,9.872103,0.059320506,-0.3606327,0.76082796,0.0625569,0.30859467,4.281151,0.7186541,4.73766,3.9113472,4.6137238,7.8332143,0.8025315,7.889233,6.3534455,7.56386,4.091373,0.6761056,4.4432087,3.6813142,4.075512,7.002,0.63838965,6.788608,6.2318034,6.3288617,7.079284,0.6277085,7.433906,6.8746305,7.6151547,7.6242843,1.1105216,9.100179,6.923461,8.502872,392.42123,7.6350145,10.887503,14.243312,0.34824485,0.66432244,26.292496,69.90734,79.29556,12.452587,16.51077,17.031755,11.469008,12.213339,3.8472984,5.568231,105.3052,68.28078,158.46999,37.95757,108.95432,66.06649,12.985357,72.644226,57.367264,58.549084,469.0211,46.441753,371.41916,320.58853,380.10483,20.844,3.0972216,21.013374,15.562917,17.719969,0.053952463,1.3556838,0.9281869,0.009752168,0.007957427,167.92644,58.15375,186.13403,115.25268,160.81807,0.15329371,1.7246495,2.5460536,0.0059665074,0.0028936903,24.38567,7.97663,30.16175,15.939658,16.285002,11.12712,4.2876115,17.276924,10.042929,10.245831,213.34822,46.62017,264.78415,128.96295,178.83745,57.33364,47.340786,81.47392,46.161793,65.02855,0.1634634,75.720764,15.365555,89.23789,58.680347,55.582798,506.22272,1.8229738,-0.046049356,564.34515
1.8558652,1.0912062,1.9823254,1.2221963,1.7897702,-1.025394,-0.5769778,1.6680983,2.041778,0.24435945,0.027392978,-8.730329,-6.671261,-15.630502,0.1928515,-0.21674514,-0.01868925,-0.12231006,0.03322854,0.08595043,0.050591636,0.2279159,0.22739401,0.07737969,0.087143525,-0.5350874,-0.4705362,1.9577024,1.9449066,-0.30199456,1.915025,51.126312,1.1573259,1.0421629,0.9997233,108.74896,187.11546,275.93164,175.04997,-54.164986,4.0447264,19.722845,36.599117,12.746548,22.509094,6.270103,22.196604,18.799042,20.069468,0.8829874,0.05749347,0.9326448,0.8853791,0.9174473,8.242896,2.4731765,7.7240157,4.252852,6.780239,0.39003786,2.109846,1.4824584,-1.1650361,0.4357687,-7.214742,3.9559004,-3.7891347,-7.737403,-9.385559,14.392561,3.9375138,11.6513405,7.5830927,13.034694,0.07399545,-0.35256743,0.76889265,0.08400346,-0.017613288,4.060019,0.47226,4.2479563,3.9827428,4.2932105,8.295756,0.3563472,8.649628,7.1314716,8.2735,3.9712095,0.42119497,4.2017465,3.806717,4.0691643,6.2810416,0.5099886,6.6763434,6.34766,6.1515527,6.9098077,0.5124625,7.2755013,6.7862835,7.28961,7.7059755,1.106813,8.152805,7.06964,8.000236,367.59735,7.957157,4.2920413,3.4340818,1.8617288,3.0839434,18.524725,6.9559712,7.5860453,6.7170496,11.6078825,11.706937,5.7414007,11.433291,7.3940325,8.896821,98.74767,20.954117,87.23298,109.43315,105.77454,60.485622,10.259801,61.187817,55.9329,56.34238,309.68454,11.113491,393.93204,379.82245,375.5076,18.220535,3.9153078,20.020811,16.011618,18.160465,0.0009475537,-0.053931892,-0.06591006,0.0054385033,0.0073828255,142.34622,12.981732,153.08986,164.52396,155.15337,0.083004504,0.16883864,0.14223927,0.0060086,0.0051559964,20.960165,8.811818,23.562439,19.59179,19.73119,10.524197,2.98719,12.588209,10.110882,11.401183,162.47281,15.447491,164.99808,149.7095,188.53363,52.565792,10.694036,63.451595,49.318996,52.729527,0.16463955,62.166035,11.999405,66.448944,57.492435,58.76974,385.41696,1.8208396,-0.048400894,478.5569
0.6624996,1.679062,2.5648067,0.80981845,2.0787659,-0.74186397,-0.7062871,1.4582053,1.8200314,0.25753298,0.0056636133,-8.956923,-8.326821,-16.327375,0.18240167,-0.21183307,-0.029430766,-0.11986726,0.040275194,0.18254845,0.046117898,0.23523389,0.23297606,0.045634728,0.049650393,-0.47866786,-0.47436336,1.950167,1.9443467,-0.28766298,1.8770753,47.303844,0.83019036,0.7792921,1.062733,300.90637,315.07477,326.6955,320.1601,-54.17999,4.7508144,20.115334,39.241837,13.113064,23.68842,7.609593,28.17977,22.565231,27.49934,0.81853896,0.06832543,0.8704135,0.82643104,0.8477662,4.9780636,2.8097117,6.77366,3.3778188,5.5009475,1.2131733,2.3693357,2.3330789,-0.18449323,0.57256985,-5.075179,3.061121,-4.406025,-7.5190625,-7.3140264,10.004321,3.9881985,9.34989,7.238933,10.34987,0.054370847,-0.367745,0.7366584,0.03671142,0.23899908,4.9230857,0.81127375,4.9260125,4.303812,4.5601335,6.6082244,0.5578764,6.875866,7.118383,7.158957,4.7000585,0.5143499,4.7367034,4.093037,4.462906,6.1081243,0.5068604,6.376115,6.3944044,6.586401,7.055353,0.8403516,7.5787883,6.8954244,7.5872793,7.2543344,1.9174258,8.81766,7.3315973,8.9437275,407.9252,16.104658,16.115316,12.777035,1.31389,0.7694488,40.29549,23.931038,46.871716,2.5855217,1.8847537,16.397789,13.002623,15.314044,4.283066,8.670014,41.365677,46.67228,72.4245,29.149471,43.896873,69.97951,10.236999,72.91497,63.785873,62.32253,407.7355,31.626719,394.82605,406.9384,421.40222,20.04468,1.8545043,20.4077,19.273998,19.127771,1.1628915,1.12829,0.81209296,0.0063644843,0.0074568684,120.656845,19.426954,130.62927,115.5949,124.95141,0.9260768,2.1447158,1.7269467,0.005998,0.0051559964,32.835644,11.390811,30.19535,18.721561,19.491299,15.9994,4.949728,16.067095,11.032484,11.529954,135.19168,16.78923,134.20273,117.10865,126.25022,81.382614,26.014189,94.29408,62.054813,68.86094,0.20985846,78.06657,17.118847,88.937775,64.2215,60.04792,431.92578,1.8221992,-0.051427778,498.808
3.578849,1.756711,4.75132,2.4571662,4.949033,-1.2298062,-0.56105816,1.5478272,1.9831616,0.24290103,-0.0012738216,-10.254708,-13.864711,-22.458702,0.1560603,-0.19935217,-0.03753593,-0.11887739,0.046750613,0.20881635,0.09554119,0.22106437,0.2173533,0.040858902,0.045346983,-0.49203032,-0.48805425,1.9506804,1.9471852,-0.31058466,1.8931141,49.384766,0.34412527,0.76023406,0.79166967,207.81618,302.043,361.66537,305.76575,-54.178772,5.023549,20.372711,38.64782,13.415338,18.734531,4.3656135,24.420475,17.750843,23.686508,0.9402137,0.028875846,0.9267822,0.8721411,0.8848161,10.397204,6.692459,15.710157,9.70559,12.23427,-0.65233356,4.8372717,2.5848486,-3.5041444,0.08445531,-9.077241,3.207984,-6.7961984,-11.139137,-12.083505,12.989054,5.6727505,16.671997,11.796901,18.79783,0.04680569,-0.3298736,0.6940887,0.1109365,0.17391786,5.8658323,0.55903584,6.225835,4.847004,5.3480535,8.174898,0.40617797,9.223348,8.472407,8.7578745,4.530624,0.49298373,4.979296,4.1665015,4.408577,6.1748695,0.34495908,6.952702,6.238347,6.8449345,7.158422,0.43311873,7.597454,7.0969605,7.588538,8.829739,1.0577456,8.876555,8.318301,8.908361,481.0223,12.321371,10.530408,14.4410515,1.6925796,0.9426519,24.518188,13.511026,48.20661,3.4416623,2.1350627,16.430668,9.738864,18.61285,5.4624805,11.374258,69.11322,35.09183,82.24667,53.966434,80.21281,65.45467,7.1652737,66.868484,61.740395,58.14126,643.4767,14.88104,550.238,541.29626,500.7364,20.076439,1.018027,18.978472,18.660921,18.476366,0.6287618,1.1652324,0.6084491,0.006387142,0.0074541466,164.06268,24.098583,197.85443,162.54709,171.94179,0.9814294,0.21929039,1.266748,0.006449653,0.0068033054,28.172468,8.329,33.269497,21.936646,22.194613,14.846545,1.8701583,12.525695,10.819507,11.728646,216.45961,31.61453,186.07835,169.5736,177.6564,115.989685,20.400988,137.288,68.8039,84.22034,0.122068845,77.29306,13.619675,75.35821,63.272297,61.060555,533.5162,1.8824265,-0.047729567,673.37195
0.49079067,1.2321767,1.6059842,0.8291369,1.8661356,-0.75072944,-0.71027875,1.4918017,1.8358943,0.24806736,0.01976355,-7.6729984,-7.8053226,-14.723188,0.18669933,-0.20614631,-0.021717181,-0.11262624,0.03602534,0.2572889,0.04170711,0.2400102,0.23623186,0.045534804,0.046500735,-0.46647027,-0.47020394,1.9507654,1.9501034,-0.298417,1.8877834,49.012314,0.81762487,0.76731145,1.0763134,303.15332,311.32144,322.2342,314.48444,-54.186134,4.5205464,20.017645,38.125233,13.3659725,18.256157,8.630634,26.48561,18.351902,26.041454,0.9318527,0.08274279,0.9284894,0.85587615,0.8609391,3.9602318,3.1428225,5.947138,2.0673523,4.715922,0.75786674,3.3172765,1.8410517,-1.7582662,0.41509348,-2.9881973,2.7889564,-2.8484776,-6.0572505,-6.1827035,6.771318,4.0366483,8.4551325,4.9553857,7.8549066,0.0636913,-0.35620978,0.7499346,0.034531366,0.3500871,4.628832,0.5742901,4.8045683,4.336891,4.5684857,6.5285664,0.24379823,6.7545705,6.18088,6.943979,4.5441284,0.49930748,4.6473784,4.175345,4.4853864,6.061992,0.30577567,6.3740544,6.07383,6.2561555,6.9373207,0.94906324,7.8638816,6.897131,7.735397,7.563379,1.0042243,8.256558,7.236722,8.170109,374.55084,17.988865,12.465843,19.279438,2.8438737,1.7799201,16.296885,21.254389,25.666355,1.991367,1.8847537,7.8631387,12.706947,13.6222,4.914728,9.343552,31.320436,40.029335,60.30241,26.833918,47.320892,72.431465,8.55289,71.28704,63.492764,63.423122,392.33127,17.479137,383.95935,376.60092,396.03552,19.583033,1.9123296,20.583555,19.808203,19.58814,2.5627131,2.0917575,1.7252122,0.006352827,0.0074542775,112.42391,13.333389,124.74958,109.13542,120.62574,1.2612702,0.7948604,0.7824987,0.005982866,0.0051559964,24.7554,7.237833,29.070137,25.517712,21.422503,18.206753,6.1469774,16.8286,10.997281,12.117025,113.81285,13.702203,130.59622,117.05662,121.53495,77.15711,30.45419,85.92863,61.948368,69.53632,0.22324395,88.462494,17.53765,81.26847,64.92339,64.914734,410.8682,1.7877834,-0.047660813,460.70135
1.6843009,0.8444358,1.8388096,1.1377628,1.6367562,-1.030954,-0.56483525,1.5877095,1.9780556,0.28049704,0.020735288,-7.163224,-6.3208055,-13.208438,0.19891158,-0.22715275,-0.028726649,-0.1285532,0.04062018,0.28913277,0.08691822,0.22652163,0.2236795,0.052889165,0.061661154,-0.50417167,-0.47141865,1.9570364,1.952098,-0.30762568,1.9122876,50.75852,0.9893091,0.900664,1.2812659,138.41335,241.04665,288.6517,223.04738,-54.169243,3.971965,19.224592,32.559425,12.785115,19.149094,6.016448,21.09057,14.598464,19.44239,0.9200877,0.04550069,0.95757145,0.908557,0.92174906,3.9816923,1.3303094,3.7902102,2.520773,4.2014155,1.1202796,2.0575128,1.5546104,-0.4454795,0.43176877,-5.7926903,3.0289454,-2.8987994,-5.8788104,-6.089485,7.3219333,3.6706212,8.34315,4.1562595,7.7859664,0.06711199,-0.38728213,0.7787536,0.09038227,0.37563577,4.180624,0.35634795,4.3318086,3.9059649,4.2880692,6.463827,0.37750396,6.4585085,6.2493176,6.4412665,4.0248117,0.3759599,4.171274,3.7956479,4.073636,6.060966,0.30101985,6.4075503,6.044987,6.0481906,7.156361,0.21725705,7.266886,7.051876,7.2237635,7.530783,0.37974462,7.951869,7.4798064,7.598533,318.34488,0.47099957,3.5956054,0.77227396,-0.028094525,0.23722936,1.3562716,5.1250644,2.259423,1.0908333,2.0601943,6.882156,6.665431,9.2029,3.4213064,4.888187,37.700676,10.257825,43.17968,33.409073,38.72916,52.447754,6.1221685,57.683857,51.835987,51.74717,301.76694,6.764648,304.41586,299.04367,308.45728,16.813332,4.2393875,18.949081,14.67281,16.112513,0.0014335593,-0.053931892,0.047584638,0.0063891625,0.0081450995,96.37925,5.1133747,100.15739,94.0011,96.999886,0.09228074,0.12483983,0.29121754,0.00685461,0.0028108733,17.247831,5.481113,21.202879,14.530485,15.789413,10.16396,1.8397994,12.010517,9.95959,10.148628,98.423775,9.776729,98.93835,92.46891,101.21747,55.05655,13.95417,62.531723,46.373833,55.757267,0.17485526,53.15961,7.270099,59.59618,51.580997,51.816788,311.3184,1.836057,-0.050654337,366.80292
2.77318,2.209366,3.8227532,1.4732513,3.2217557,-0.7830708,-0.6994652,1.5678083,1.8952926,0.24844402,-0.009996246,-10.707486,-11.637551,-21.815836,0.16839996,-0.2013934,-0.044586755,-0.13137753,0.050899465,0.17052455,0.025373153,0.21785803,0.2102844,0.050492875,0.057384543,-0.51142055,-0.48967734,1.9525694,1.9506729,-0.32130912,1.8846673,49.45995,0.79155195,0.7941484,0.8801987,272.5581,283.349,338.88943,273.56808,-54.15921,4.906528,20.690166,37.622417,13.430134,18.395239,2.2335231,21.250011,16.754179,20.417484,0.9176046,0.016701298,0.931856,0.90874434,0.91291684,7.173053,7.388772,14.135667,4.9754763,8.744849,2.561093,4.7859917,1.860492,-1.3091179,0.3444091,-8.742759,5.0364246,-8.045939,-10.758177,-9.470128,10.718166,7.975593,17.67141,8.731617,14.168615,0.036361195,-0.34162354,0.7102393,0.039095134,0.05533856,5.697758,0.75491184,5.402011,4.6209483,5.3333044,7.5865593,0.47182,8.994736,7.26961,8.347582,4.434811,0.45127237,4.7911787,3.982355,4.404536,6.542471,0.58538646,6.993022,6.2901073,6.86697,7.0742364,0.72673655,7.4823456,6.7645354,7.3615284,7.8953238,1.4351175,8.567624,7.3645773,8.391442,454.92294,8.454644,6.9196706,13.227701,1.5469835,2.1389139,54.574795,14.068947,67.05021,14.111296,16.214514,14.506177,5.8730536,13.285799,6.0404263,8.896334,101.6724,78.28019,137.68008,39.321754,109.84178,60.184227,8.318567,66.56581,54.283997,58.633896,544.7883,12.09412,471.5043,464.6126,454.93427,18.48461,2.3413227,18.94317,16.544228,17.157784,0.018136263,2.821834,3.720514,0.006372476,0.0074466113,146.72769,26.070576,193.15585,130.0295,173.04285,0.23745818,2.084435,2.7356455,0.005989834,0.0051559964,26.30272,4.327186,27.787714,17.46771,20.0734,12.045266,3.9837418,15.393519,10.760345,11.377741,228.23505,16.332718,241.23575,169.0464,204.95743,95.43555,39.66724,124.58367,66.403984,82.905304,0.1547686,70.685684,7.780146,73.0072,61.51644,64.22581,583.8423,1.8924316,-0.034956496,677.7069
3.2184503,1.3936194,4.038436,1.9526122,3.1356385,-1.3184856,-0.4890288,1.609024,1.969269,0.27256995,-0.0023658467,-9.504234,-9.46586,-18.741915,0.19017294,-0.22516099,-0.039085478,-0.13180287,0.04789679,0.18680331,0.07302561,0.20488031,0.1540518,0.05707634,0.08657188,-0.5156257,-0.47357807,1.9543374,1.9437243,-0.32240722,1.9135925,52.305458,1.0121554,0.8595393,1.0759399,195.3964,282.32138,343.29022,273.46036,-54.155945,4.4860516,20.253428,35.471455,13.237146,16.655048,2.1969435,20.099537,16.864588,18.815777,0.92822134,0.0033142515,0.9342097,0.92483944,0.9269766,7.23437,3.8351943,9.421842,5.6999207,6.4752574,0.15283395,3.403389,1.7479787,-1.2163941,0.41551068,-7.230044,4.834196,-5.506609,-9.205832,-7.369241,10.018436,7.5822167,11.528515,7.9587283,10.947487,0.040823318,-0.36056024,0.7201897,0.066018134,0.11935157,4.228221,0.2981656,4.6694036,4.029836,4.391017,7.532409,0.51924837,9.014409,7.313497,7.7361097,4.076356,0.3295699,4.3941803,3.9606967,4.02969,6.6167645,0.3522738,7.087424,6.570331,6.897281,7.2381186,0.2326058,7.573645,7.1388345,7.408508,8.589856,1.1702526,8.668051,7.7929187,9.0141115,416.16498,1.8067305,1.4447666,8.765641,1.2143863,1.4891845,25.349787,4.2167478,70.220406,1.3893323,2.3804884,7.182184,2.2328467,11.280719,6.183956,9.158786,78.67028,13.594546,99.88504,76.66047,89.277916,54.967175,4.625988,55.759315,50.64117,52.981586,432.73022,0.84375644,419.17957,353.02414,385.7687,18.225845,1.0628061,17.90071,16.171824,15.898497,0.0009475537,-0.056139573,-0.068680465,0.0058848634,0.0074466113,136.47597,19.151857,136.6397,130.16853,135.60078,0.09906607,0.12483983,0.14223927,0.011402575,0.0051559964,21.7065,3.7622056,21.391628,16.31017,19.701935,10.929844,0.71235955,11.256655,10.632605,10.921469,160.16347,11.902152,173.37894,151.06287,161.33672,55.522385,7.0127687,66.56475,50.415543,60.214703,0.14040004,60.70101,4.7256165,67.27528,56.933037,59.441563,459.80267,1.8882399,-0.04414347,494.45456
2.015652,1.53691,3.4436083,1.6460465,2.9570687,-0.756088,-0.69307405,1.4719142,1.8148367,0.26103354,-1.5525353e-05,-9.406243,-12.063504,-20.5039,0.17501648,-0.22160572,-0.040708456,-0.1285577,0.052666597,0.23252936,0.05513468,0.21866974,0.20896505,0.04076698,0.04505325,-0.5002799,-0.48991552,1.9518424,1.9503162,-0.3165692,1.8906945,47.565075,0.7725498,0.73594147,0.95884997,281.55203,310.8645,342.95886,299.24142,-54.172276,4.49149,20.252527,37.33531,13.463078,18.42356,4.3326497,24.371227,18.403215,23.189232,0.9186085,0.036515836,0.91724485,0.8732679,0.8872943,6.62282,3.899597,9.196496,5.0787764,6.8145924,0.2089945,3.035948,2.6445704,-1.184502,0.42637873,-7.369712,3.0369997,-4.6867986,-8.4898615,-9.557649,9.947856,2.959874,10.953298,7.540226,14.188705,0.046071738,-0.3619007,0.71463656,0.09894101,0.21617143,5.5513577,0.34863186,5.536871,4.5692472,4.9071827,6.8099866,0.3513166,7.7397885,6.9741683,7.6496468,4.397501,0.34588355,4.6893682,4.047614,4.3430605,6.4415107,0.18093182,6.367803,6.298303,6.695047,7.1513977,0.56837565,7.586304,7.0940247,7.604312,7.7785497,1.0558898,8.446777,8.10355,8.452166,423.58038,5.6455226,8.028382,7.60264,1.6957562,0.9777867,35.329926,8.168938,33.115356,3.1758342,1.878353,14.157739,9.940357,17.352419,5.2654986,11.182371,58.722294,52.492485,71.86893,39.575794,67.30595,65.414055,6.2339478,64.321266,58.99938,57.94597,531.6219,12.740868,430.63803,417.6908,425.7946,19.404896,1.1820543,18.696796,17.227848,19.191866,0.2553164,0.5391689,0.076606095,0.0060903234,0.0074542775,122.834656,14.516095,175.69403,103.57347,143.13881,0.45307243,0.11290392,0.43649784,0.00751283,0.0051559964,26.868256,6.1977954,27.68289,20.433575,20.836573,13.963038,1.4497246,12.503599,10.940064,11.161156,189.0185,38.719654,161.88968,142.05345,145.88573,101.22115,23.494665,123.33748,61.627888,76.84067,0.1321241,71.32101,9.212453,69.45,61.137497,59.937546,488.26105,1.8893908,-0.03974682,564.5069
2.5777597,2.7645695,4.613348,1.4779093,4.019945,-0.84718627,-0.6996178,1.5774109,1.9301504,0.24349624,0.01814994,-8.654078,-12.100159,-19.854792,0.17705446,-0.19677126,-0.024517195,-0.12273808,0.040368766,0.14963461,0.10630611,0.2254928,0.20673919,0.049823225,0.057651106,-0.51269853,-0.48563907,1.9506704,1.9510657,-0.30944598,1.8895214,50.143032,0.913092,0.7966846,1.2200863,307.83466,311.57562,342.74326,297.06543,-54.15817,4.7932677,20.549858,40.81481,12.503636,21.456217,3.934094,23.802462,18.027573,21.549458,0.916504,0.027319921,0.9131901,0.8719546,0.90444785,7.8451056,9.380738,15.613775,3.5865364,10.0461035,0.98950833,8.825216,3.6149993,-4.1482806,-0.058504175,-8.157584,6.287611,-3.86802,-12.315194,-9.136286,11.948035,10.558934,19.033905,5.482634,15.483315,0.059191134,-0.35282627,0.7182144,0.122131154,0.027146153,5.1412973,1.6127485,5.478032,4.088262,4.7266273,7.0648417,1.6487286,8.661398,6.251765,7.5027237,4.3881135,1.359247,5.324808,3.9759343,4.549715,6.636592,1.2127122,7.0701017,6.1473126,7.0122,7.2626853,1.2679262,7.6139855,6.7369227,7.3591356,8.031263,2.4708357,9.988193,7.2127767,8.990972,463.70322,8.693586,18.968643,18.753975,2.2046945,3.2976491,27.140778,37.435898,69.43892,16.689377,22.433935,16.799137,12.869314,19.241407,4.631149,9.445626,124.55873,97.98909,152.3391,34.604618,114.58656,62.966656,15.389666,72.25945,62.158592,58.359985,565.6107,49.15285,530.79926,406.7672,468.01685,18.844862,4.4873195,21.545097,16.99952,17.78019,0.053715114,0.9605647,0.5460678,0.04662331,0.0074194027,167.99857,58.288097,147.26105,123.54132,166.8221,0.34125078,1.5062242,1.9288613,0.18083215,0.0051559964,25.873653,10.030634,34.17124,25.429472,21.10897,12.899289,6.5716405,14.596516,10.802368,11.6470995,232.20688,34.081497,194.12881,158.25374,196.13322,83.49561,52.524666,123.36673,62.812813,85.01475,0.1662117,71.957664,28.63414,94.09565,57.288376,57.332123,547.50507,1.8542325,-0.05301051,679.5048
2.3740234,2.8699472,4.465798,1.2409793,3.3349805,-0.82019347,-0.6374979,1.539327,1.8726156,0.24011195,0.012962425,-5.631036,-11.727059,-18.378944,0.17171632,-0.20106366,-0.020386048,-0.11205367,0.036077473,0.17687869,0.054216433,0.24108571,0.23943554,0.04621208,0.04994336,-0.46556136,-0.46945587,1.9483829,1.9418747,-0.27889276,1.8796152,49.431427,0.9386455,0.8298276,1.120488,308.9358,322.0253,351.49155,349.29324,-54.18992,4.9377437,20.172112,38.69108,12.896816,19.493244,5.6189156,25.71105,19.95531,25.625214,0.87176186,0.040949266,0.8970458,0.8657841,0.8586536,8.574171,7.7443867,10.824121,4.540652,8.351609,-0.31142426,6.3267875,2.6237144,-3.9002347,0.30560574,-8.422654,6.0849247,-4.8754725,-11.046316,-9.502419,15.343438,9.557041,14.461367,7.0038276,14.041246,0.061023924,-0.33587047,0.7088983,0.040007036,0.23760438,5.067562,0.77020484,5.3042517,4.35694,4.928036,6.7091665,0.5216177,6.880626,7.1511874,7.0488143,4.643049,0.60186493,5.1071267,4.219984,4.8503075,6.1753836,0.38576818,6.35563,6.330713,6.608687,7.245801,0.7506165,7.7723556,7.012592,7.4712977,8.008578,1.758861,9.279542,7.949168,9.513747,447.29633,20.854036,20.418047,18.533545,1.854401,2.4414048,53.160126,33.20159,61.12221,4.928851,5.0592904,21.603525,17.0297,18.844751,5.9159946,7.6279597,60.52622,59.9178,82.9151,32.952274,45.118607,68.70902,10.513807,73.38996,62.29724,59.719807,423.51138,41.53246,421.565,457.06406,454.86484,20.40948,2.3082902,21.065302,18.770618,18.99804,0.022099992,0.40546128,0.33720404,0.003654053,0.061864678,129.46635,15.572225,135.79489,125.3108,123.01247,0.17686157,0.5294498,0.7519406,0.0051030605,0.0051559964,35.6485,14.406968,37.221264,19.112305,19.85506,13.828013,3.519109,14.927762,10.994202,11.761669,154.63316,20.91335,153.33101,118.909515,136.01076,81.64815,28.549475,90.91716,62.210304,82.21897,0.1955936,79.24896,20.995707,97.45917,64.1963,60.208313,451.46323,1.8376443,-0.07021787,526.15265
1.4955992,0.14434084,1.6541598,1.3564713,1.6034018,-0.74675584,-0.7129307,1.4594393,1.7884263,0.26590595,-0.0052647027,-9.544926,-8.784456,-18.37055,0.18163146,-0.22441779,-0.04720686,-0.13565764,0.05079439,0.24443291,0.031647667,0.22249773,0.21584249,0.03743705,0.03865868,-0.48039085,-0.4795259,1.9526305,1.9520543,-0.31302956,1.9020928,49.60366,0.8021489,0.76789296,1.0377812,286.23947,293.3768,325.87482,298.928,-54.17173,4.089065,20.077387,34.978455,12.851208,17.668194,-0.076204,17.879501,17.819029,17.85715,0.9326626,-0.0002775431,0.93356997,0.9365494,0.93361664,6.6136355,1.1645757,8.316032,5.4460964,7.411143,0.4594396,3.6900403,2.086087,-1.3955348,0.4454338,-6.878259,3.8739278,-5.7442884,-9.886662,-7.198182,10.579774,2.3067791,11.808694,8.288896,9.071497,0.034704942,-0.36017665,0.7249418,0.023254143,0.2809312,4.2993693,0.1995915,4.393249,4.3250556,4.4766736,10.367292,0.3176213,10.650443,10.440582,9.505512,4.245427,0.052267127,4.1998363,4.234679,4.224693,5.9861565,-0.04019151,6.0817647,6.0926023,6.018148,6.9921484,0.030608695,6.96456,6.9896207,6.974653,8.191932,1.0395699,8.862755,7.779136,8.907674,361.4045,-0.0036425935,0.34892124,-1.0915607,0.11931403,0.33099872,-0.42913306,2.4671414,-0.008618848,1.3012487,1.580805,1.3446925,-0.22037652,1.9206848,2.0163257,2.1960962,83.169014,17.370317,85.103195,83.181274,103.8843,50.63127,-0.48252562,50.197506,50.2414,50.134975,369.99554,-1.2806021,373.60974,376.629,364.17496,13.963028,0.17937683,14.1409445,14.083373,14.300749,0.0009475537,-0.053931892,-0.050610416,0.006372476,0.0074466113,142.2,-0.70285386,156.05676,148.42769,151.26215,0.089235544,0.11929181,0.20233925,0.005986149,0.0051559964,13.93144,-0.0067983856,14.969014,13.8660965,14.185599,11.232328,0.1784897,11.300484,11.19636,11.166344,163.90529,3.1229088,154.10867,163.61678,155.98027,61.05111,0.5424592,59.445198,59.373173,61.612366,0.124265574,49.974426,0.60165155,49.54597,50.037518,50.16954,372.634,1.8689849,-0.045740448,421.02884
0.79024106,0.5453635,1.348453,0.941789,1.3598822,-0.7940682,-0.71413136,1.4856781,1.8444536,0.24639443,-0.021781066,-12.511239,-10.494967,-23.149422,0.13099615,-0.20786633,-0.062243942,-0.12963797,0.060377624,0.20520712,0.022391604,0.236444,0.23305626,0.047393434,0.044564426,-0.4760145,-0.47479668,1.9525101,1.9516805,-0.2911642,1.8662217,44.6376,0.7964628,0.7641967,0.96652925,309.48077,324.07864,353.6447,330.05328,-54.18135,5.3750167,21.422905,40.542194,13.474041,24.83347,4.3922615,28.370346,26.100616,23.667274,0.8133018,0.047409244,0.8374569,0.830362,0.88418454,4.4667683,1.596871,6.3089404,3.9114773,6.744529,1.1067427,2.883432,2.050947,-1.1071916,0.53477633,-8.001721,2.3442621,-6.001579,-8.79584,-7.18871,9.827806,1.5285186,11.070308,8.131525,10.42163,0.016028807,-0.3263623,0.703704,0.016258048,0.29274157,5.0155425,0.35989064,5.310844,4.8975744,5.2798023,7.608138,0.36868748,7.8225565,7.3032956,7.930755,4.628015,0.33866155,4.83101,4.3149915,4.569365,6.991662,0.104972,6.9877353,6.756586,6.7608123,7.1499205,0.5427871,7.7323165,7.209983,7.592191,8.006558,0.48688975,8.868871,8.524348,9.309205,483.90677,7.415362,2.6028352,7.494696,6.7178693,4.359274,34.480957,9.747177,28.560743,20.109104,12.311387,7.4736204,2.4697642,9.651721,5.817297,6.963594,63.447678,30.73268,79.45108,61.7994,72.12921,70.07069,3.3718464,71.743095,59.649075,61.042225,487.86148,7.3030148,499.3712,457.45468,496.7374,19.323288,0.7004163,19.953766,18.162048,20.215607,0.108541444,0.11931879,0.31992295,0.30315042,0.26591143,149.1621,4.3454137,149.07614,146.14165,162.58742,0.8649323,0.51609766,1.1859442,1.7518537,0.4032286,23.826025,3.2006714,24.959915,23.696161,22.22825,14.25415,1.6825535,14.925634,13.093506,13.747531,157.39635,10.877984,160.84032,158.13495,157.65514,80.64331,14.402941,97.04539,63.30238,97.91216,0.17303514,74.2777,9.131855,76.52466,69.521706,63.310608,520.36194,1.813972,-0.046817854,625.9907
3.126626,2.2383997,3.863822,1.545198,3.025428,-0.94668317,-0.5364248,1.5515324,1.9153423,0.26961225,0.0031343466,-9.1027975,-8.046463,-18.140345,0.17720257,-0.22030218,-0.03476321,-0.12786414,0.04277683,0.2910993,0.03228523,0.21698356,0.21103114,0.05707598,0.071717314,-0.50288814,-0.46777046,1.9547988,1.9488909,-0.3086491,1.9144804,51.899517,0.8098292,0.84205073,1.1414678,158.02022,258.66013,308.33505,216.39253,-54.16978,4.489789,20.269457,36.52111,13.20329,19.024094,5.12035,22.35105,14.737287,19.809664,0.9161974,0.038833458,0.9493929,0.8938019,0.9156078,6.9322157,3.7530465,7.478475,5.8765845,5.20121,1.8371325,2.9938855,1.7749767,-0.20681122,0.7933426,-8.536676,2.9294727,-7.5293517,-7.4117045,-7.3047924,9.262248,3.263236,10.330628,8.374656,11.353612,0.04033465,-0.36164194,0.7281606,0.037577424,0.26946795,4.3766537,0.44905066,4.860949,4.0618052,4.705039,7.692236,0.75037616,8.786782,7.3139176,8.028428,4.1107244,0.3719403,4.461073,3.9120877,4.243369,6.3839273,0.5745507,6.9688854,6.310125,6.625259,7.1120443,0.4738794,7.7103086,6.8912725,7.3505335,8.266732,1.9424732,9.447073,7.5286617,8.187752,444.64667,12.301505,15.302776,14.414531,0.9974312,1.858437,46.604145,25.435627,52.807827,4.065495,3.2340379,17.285507,8.045878,13.344268,5.8122225,9.046878,99.39235,16.48773,78.06426,58.64078,85.29838,60.52176,6.3478756,61.20199,55.16629,56.89219,395.9695,20.68243,424.2231,381.306,415.46518,17.63035,2.068021,19.049047,15.897702,17.344097,0.062995896,1.6372895,2.9393072,0.024305409,0.017288595,156.87424,6.857041,146.11322,132.21106,152.93552,0.22548167,0.85962576,1.3431401,0.0059665074,0.0028936903,25.730547,8.789488,26.511984,16.728937,20.073818,11.279587,2.2571146,14.5761,10.308933,10.489386,191.01462,26.553205,181.74106,169.04778,158.17009,64.890434,11.669998,68.033745,49.0893,65.84602,0.16916357,70.085594,13.831169,77.47874,63.47393,63.562016,437.0577,1.8262633,-0.05275999,554.2416
3.1640768,1.971097,3.955667,1.7600716,3.313282,-0.77599514,-0.68441385,1.5311992,1.8659352,0.2695902,-0.0068553756,-10.064752,-10.725661,-18.927855,0.17453364,-0.22562063,-0.04548331,-0.13310774,0.04736125,0.16351512,0.043133676,0.22134782,0.2123473,0.045861017,0.052040815,-0.49443904,-0.48346975,1.9535098,1.9509256,-0.31377104,1.8884869,50.16383,0.7901804,0.81126493,1.0437669,266.67233,279.98334,328.16232,275.2251,-54.16888,4.506398,20.166592,36.019295,13.250902,17.869766,1.7115209,19.760592,17.19834,18.844706,0.92333776,0.01091629,0.9317864,0.9201796,0.92570174,8.554609,4.45917,10.036902,5.8047695,6.994133,1.9168794,3.053282,1.8777536,-0.43479165,0.81585354,-8.73642,2.0236459,-8.1559725,-10.032294,-8.813891,11.600031,4.5942554,12.948663,10.25773,12.606031,0.040607076,-0.35822397,0.718123,0.037671477,0.10249373,4.40229,0.2713495,4.611485,4.307924,4.8090024,7.6319213,0.5199888,8.97451,7.497604,7.8089423,4.272499,0.12097904,4.342353,4.1167917,4.3125486,6.2938685,0.2924574,6.982773,6.2032175,6.62903,7.099792,0.27729255,7.4483514,6.94038,7.2197366,8.446599,1.3933326,8.839915,7.771273,8.309833,407.02185,1.7767359,5.449,5.0455747,1.0963702,1.9689101,27.125608,4.5518847,20.64994,2.479436,2.3804884,8.618916,3.077485,11.446662,5.9402504,8.22307,69.5677,20.140951,83.35072,55.76919,79.398315,50.96117,2.7689035,50.25722,50.268406,52.326027,415.32385,1.5085151,416.14075,408.35196,388.47162,16.358925,1.3532482,16.78919,15.8057375,15.059551,0.014123665,2.2402892,4.2996516,0.006372476,0.0074466113,145.09554,11.702709,146.44675,131.69794,138.08145,0.21730354,1.5058806,1.7395446,0.005989834,0.0051559964,19.401094,2.6180534,21.119053,15.234227,19.60484,11.434871,3.6341956,15.8026905,10.754744,11.05182,174.79999,6.495068,161.89888,156.41786,155.18901,63.73952,3.2285492,64.59314,59.47295,68.791695,0.13435136,55.178528,4.2354507,55.676205,57.144627,61.34175,435.63367,1.8693098,-0.043979008,482.2164
1.049197,1.746547,2.3198686,0.7751076,2.3451896,-0.9635791,-0.61404574,1.6515813,2.0551565,0.2508954,0.028946416,-7.312785,-6.356989,-13.452415,0.19289595,-0.20390023,-0.016781712,-0.11199049,0.03343322,0.14535771,0.056496628,0.22496018,0.2349765,0.05524368,0.058003742,-0.50395155,-0.45988205,1.9579757,1.951349,-0.29810122,1.922322,52.120617,1.039795,1.0781145,1.0688596,175.88258,237.32684,273.31995,246.03746,-54.17612,4.0559134,19.261295,35.052666,12.956182,19.919727,9.311216,23.970663,14.727939,23.577478,0.89493495,0.08496206,0.9549388,0.8766663,0.8858867,3.875586,2.5948818,5.0287476,1.8114936,3.9385474,0.5395235,2.5048866,1.3396564,-0.89020514,0.4478492,-3.1608756,3.5347297,-1.51097,-4.928624,-5.457309,4.784041,5.173985,7.959399,3.0530145,8.289455,0.075604945,-0.3567644,0.76689184,0.05304542,0.10241362,4.14271,0.5326599,4.5244083,3.843157,4.333791,6.5446873,0.4431675,6.7851005,6.3808284,6.883,4.08155,0.5330115,4.425606,3.7394614,4.093604,6.254768,0.4532646,6.672344,6.1245255,6.387771,6.9815073,0.8391658,7.704728,6.8882394,7.614849,7.532548,1.4721441,8.762926,7.194547,8.416511,354.89062,18.25613,18.8523,20.894741,3.318559,1.9996423,35.280144,30.947021,25.167463,2.64235,1.8847537,17.49662,13.769949,16.785675,6.280657,8.069113,64.20678,42.06137,79.57352,36.483753,52.495792,66.02208,15.038626,71.31097,58.99504,60.232265,333.3404,23.86889,346.0682,325.3596,346.03693,21.4838,4.6008735,21.538992,18.500519,17.843414,0.10619996,0.3179763,0.35441908,0.006382361,0.007456702,110.28577,14.3234415,124.23725,107.18446,108.81678,0.3946358,0.5600965,0.73176754,0.0060086,0.0051559964,26.690968,11.807862,31.987432,22.816582,21.341568,12.664183,3.9133506,14.922827,10.173864,12.037542,123.08172,20.049162,140.27832,113.5678,121.49201,54.21614,25.70661,73.12633,45.717323,56.247604,0.23151428,88.0459,24.297895,91.8206,62.660652,62.067776,363.88953,1.7861927,-0.054385927,436.10245
1.4955992,0.14434084,1.6541598,1.3564713,1.6034018,-0.74675584,-0.7129307,1.4594393,1.7884263,0.26590595,-0.0052647027,-9.544926,-8.784456,-18.37055,0.18163146,-0.22441779,-0.04720686,-0.13565764,0.05079439,0.24443291,0.031647667,0.22249773,0.21584249,0.03743705,0.03865868,-0.48039085,-0.4795259,1.9526305,1.9520543,-0.31302956,1.9020928,49.60366,0.8021489,0.76789296,1.0377812,286.23947,293.3768,325.87482,298.928,-54.17173,4.089065,20.077387,34.978455,12.851208,17.668194,-0.076204,17.879501,17.819029,17.85715,0.9326626,-0.0002775431,0.93356997,0.9365494,0.93361664,6.6136355,1.1645757,8.316032,5.4460964,7.411143,0.4594396,3.6900403,2.086087,-1.3955348,0.4454338,-6.878259,3.8739278,-5.7442884,-9.886662,-7.198182,10.579774,2.3067791,11.808694,8.288896,9.071497,0.034704942,-0.36017665,0.7249418,0.023254143,0.2809312,4.2993693,0.1995915,4.393249,4.3250556,4.4766736,10.367292,0.3176213,10.650443,10.440582,9.505512,4.245427,0.052267127,4.1998363,4.234679,4.224693,5.9861565,-0.04019151,6.0817647,6.0926023,6.018148,6.9921484,0.030608695,6.96456,6.9896207,6.974653,8.191932,1.0395699,8.862755,7.779136,8.907674,361.4045,-0.0036425935,0.34892124,-1.0915607,0.11931403,0.33099872,-0.42913306,2.4671414,-0.008618848,1.3012487,1.580805,1.3446925,-0.22037652,1.9206848,2.0163257,2.1960962,83.169014,17.370317,85.103195,83.181274,103.8843,50.63127,-0.48252562,50.197506,50.2414,50.134975,369.99554,-1.2806021,373.60974,376.629,364.17496,13.963028,0.17937683,14.1409445,14.083373,14.300749,0.0009475537,-0.053931892,-0.050610416,0.006372476,0.0074466113,142.2,-0.70285386,156.05676,148.42769,151.26215,0.089235544,0.11929181,0.20233925,0.005986149,0.0051559964,13.93144,-0.0067983856,14.969014,13.8660965,14.185599,11.232328,0.1784897,11.300484,11.19636,11.166344,163.90529,3.1229088,154.10867,163.61678,155.98027,61.05111,0.5424592,59.445198,59.373173,61.612366,0.124265574,49.974426,0.60165155,49.54597,50.037518,50.16954,372.634,1.8689849,-0.045740448,421.02884
3.1037786,3.771492,4.7776847,1.4980966,4.3039193,-0.7516569,-0.6783406,1.5271575,1.9491608,0.26290944,0.0044054254,-7.989181,-10.958328,-19.078915,0.17690533,-0.21951416,-0.034472764,-0.12786387,0.04532272,0.10918932,0.06479241,0.22026677,0.21611938,0.042539373,0.050746124,-0.48510695,-0.47881106,1.9535455,1.9499428,-0.31901467,1.8928186,49.9219,0.9825392,0.79624027,0.88542813,282.76144,293.05994,326.8227,285.5138,-54.164948,4.616559,20.082989,36.21536,13.16722,17.836466,4.4679546,20.40745,16.81645,19.114428,0.93030447,0.042638335,0.93340707,0.9142484,0.92371726,8.568575,8.761224,14.988859,3.9793346,8.800158,1.5534748,9.448777,3.5532672,-3.0492017,0.28198245,-8.720999,9.449281,-6.229229,-12.849238,-10.0455065,13.828394,9.381983,18.025913,8.169685,11.730441,0.045063794,-0.35939786,0.69900537,0.05354988,0.04526815,4.4406757,0.7854099,5.444042,4.223029,4.807753,8.291056,1.8992742,9.62432,6.619115,7.6114564,4.316946,0.4640033,4.6774497,4.114786,4.332857,6.4942064,1.1537671,7.1193624,6.02526,6.339873,7.1311026,0.40961185,7.4843526,6.8601184,7.2840385,8.900085,3.0863807,9.679237,7.738641,8.404414,433.57336,6.838725,10.050027,11.872379,1.1044226,2.1267173,27.493668,8.370968,24.770866,3.6591012,2.3804884,14.67832,8.147418,11.250013,6.281597,8.494191,78.95845,57.11272,93.084335,48.66747,65.2438,54.04113,5.649141,54.87663,52.726513,54.34885,455.0754,7.492983,462.49078,502.9223,413.65475,15.818062,2.3125322,15.421711,17.788458,15.49955,0.015848614,1.6365905,2.8797998,0.0064102574,0.0074466113,150.29149,31.026793,165.64366,126.32967,166.26471,0.2192165,1.6329592,1.7803185,0.014215738,0.0051559964,27.37381,6.138913,26.352137,15.952794,20.341402,12.086222,4.6410413,16.411633,10.77445,11.02459,177.78801,12.342777,151.35352,164.98544,161.40457,82.303535,23.3239,97.90819,59.377464,83.857765,0.11976448,64.31437,13.327428,64.8133,60.584167,63.778404,446.37607,1.8329002,-0.04674677,554.94977
3.22841,1.4222969,3.418957,3.0046675,3.5520895,-0.8115886,-0.6959734,1.4972978,1.8586549,0.27733806,0.01412505,-3.8941798,-11.821228,-16.568565,0.1866476,-0.22023009,-0.031778626,-0.12251994,0.04979764,0.36250302,0.04207853,0.21684578,0.21203227,0.03803106,0.04227323,-0.47354713,-0.47327974,1.9522951,1.9504149,-0.31505066,1.8786914,49.798607,0.8042583,0.7642815,1.1798108,292.14218,320.23038,351.48312,324.72363,-54.17488,4.5399375,19.592104,37.295734,11.750848,21.699682,1.6377386,22.227879,19.268003,20.141285,0.9060332,0.016683249,0.9140261,0.9047777,0.9173971,10.113244,7.4330397,11.46273,8.183424,10.023113,-0.23183665,4.059737,1.9344847,-3.6823096,0.21916397,-10.239327,3.5137498,-10.311651,-11.423163,-9.849831,14.270305,3.4716468,15.451382,13.580506,15.563394,0.05599908,-0.37570935,0.72537863,0.032216474,0.5170907,4.708978,0.20088139,4.777102,4.5857334,4.7912645,6.322554,0.22977242,6.4093914,6.115897,6.893144,4.4482,0.1864231,4.726619,4.34594,4.5255957,6.1025915,0.16656573,6.287426,6.0596704,6.1080327,7.125898,0.27122828,7.3184013,7.0521674,7.139102,8.173967,0.38312003,8.200999,8.488209,8.353256,379.42987,3.7498138,3.2290967,5.8051357,2.79958,2.6651218,15.038498,5.0036435,17.959074,6.4211683,9.305209,13.077484,7.3694305,14.668215,7.7643065,12.116981,47.735985,21.878464,67.499695,34.208447,38.55758,61.392044,4.871962,61.75166,59.587673,59.671425,365.99994,8.6236315,362.3459,342.87326,350.47397,18.926193,2.1365685,20.417131,18.970299,19.143045,0.0020265006,0.046218447,0.041986164,0.00328081,0.0074194027,100.4975,11.448439,105.02774,100.076416,107.091095,0.103790075,0.11679141,0.14223927,0.0047932914,0.002588697,23.414917,5.678054,27.316847,23.610449,23.576231,11.583453,0.6204714,11.484994,11.112283,11.000638,109.34556,8.721968,111.74906,106.47743,111.38074,69.15362,5.3597627,77.69922,67.935356,74.184265,0.16183503,65.2454,9.554202,70.05927,60.7503,60.65092,350.0254,1.8813384,-0.06363892,412.54208
3.5462942,0.8308729,4.0908656,2.9878864,3.6621835,-1.2411896,-0.6004026,1.5091989,1.9569861,0.24452801,0.013703019,-8.268648,-10.128713,-17.789742,0.17419745,-0.20363222,-0.029460367,-0.12052314,0.037816342,0.16308855,0.08546947,0.22834593,0.23166552,0.03937376,0.04272648,-0.47157276,-0.47023854,1.9508816,1.9501743,-0.29718167,1.8978078,50.491753,0.82344687,0.767114,0.92547965,202.94342,304.0174,318.03244,303.44214,-54.18712,4.531326,19.765882,36.16706,13.104967,18.284367,5.466502,23.304667,17.56811,23.454113,0.94600356,0.034541972,0.9377923,0.88784134,0.8888447,9.796141,5.0518956,14.335865,8.858503,12.737188,-0.54304516,4.9839644,1.7715876,-3.4572089,0.04942395,-8.856922,2.2604558,-8.89046,-11.05762,-9.976781,12.834778,5.505412,16.612066,13.1814995,16.36964,0.05454986,-0.34889722,0.7235275,0.082068235,0.19114546,4.3796782,0.36453858,4.7877383,4.393575,4.720367,7.7958016,0.37876797,8.1326885,7.898168,7.6233907,4.2821994,0.29279393,4.4475217,4.153537,4.3063436,6.345315,0.32775274,7.0140567,6.055163,6.418349,7.0417895,0.45005593,7.6175003,7.0469933,7.6622667,8.452023,0.16157404,8.798284,8.01795,8.495282,418.34363,4.6470976,3.8813453,3.0124228,0.2015197,0.47424385,5.1198664,7.1642547,13.424871,0.6334779,1.726992,9.609887,4.632641,11.190364,4.0701537,5.164751,81.29743,-5.7283998,62.294754,64.849945,61.325527,57.411713,5.3145685,57.442806,52.70754,50.862885,409.68466,2.363718,409.2146,410.11453,413.57623,19.065184,2.470142,19.787231,16.292843,15.798256,0.0009475537,0.0799327,0.09793229,0.006387142,0.0074541466,144.00981,5.4939055,142.56947,147.25409,133.67403,0.29928324,0.14265981,0.15429305,0.006274152,0.005216785,22.144178,5.758578,22.706717,15.665086,16.012573,11.436061,0.6041323,11.325975,10.781121,11.318298,138.77242,-0.8671639,151.69228,131.64761,144.32454,63.811905,2.5589283,66.24683,59.826286,67.16571,0.15999119,62.833393,11.052814,62.147305,52.018944,54.30654,424.68945,1.8514714,-0.056137774,473.89246
2.4145403,0.8928623,3.3174787,1.9449389,2.309518,-0.78545177,-0.68394095,1.5132562,1.8560865,0.25625658,-0.0011167654,-8.95716,-9.90589,-17.768778,0.17752656,-0.20137525,-0.04035127,-0.13172355,0.05018921,0.1889311,0.04669392,0.22013365,0.2074702,0.040320054,0.045681756,-0.50981253,-0.4870239,1.9543422,1.9507986,-0.31776056,1.8958355,48.16373,0.77700835,0.75164783,0.9361493,266.61017,302.22092,342.4906,298.89407,-54.161613,4.1810904,19.88533,35.43448,13.221203,18.50883,1.5139959,21.522894,17.407894,20.180626,0.927195,0.00836508,0.9236781,0.90938056,0.9138919,7.4850464,5.8611164,12.15397,5.045007,9.28403,0.21814205,3.4799912,1.6979296,-1.5096024,-0.041172307,-6.9125915,4.306331,-6.097252,-8.691932,-8.401652,9.050283,8.811402,15.988908,8.086885,12.363169,0.046121746,-0.36944172,0.76334184,0.045197513,0.081869364,4.2800612,0.6033419,4.2382383,4.1331244,4.351787,6.717316,0.45654526,7.5017357,6.0399823,7.045351,4.205382,0.30724168,4.3112874,3.895016,4.203624,6.3707266,0.3224728,6.326092,5.971449,6.26205,7.18489,0.40884474,7.3984604,7.0086207,7.3875413,7.513299,0.60762143,8.05746,7.228477,7.8002644,346.6454,1.8015804,3.8050349,5.445622,0.07269057,0.36718,15.101841,9.6034565,22.789776,11.743756,15.663514,11.503145,4.7637124,8.328048,3.8913388,4.4178777,85.77503,74.93789,132.22868,41.702053,93.36731,56.061527,7.6905107,61.053314,51.87534,53.61055,448.25635,9.1518755,355.58463,334.19894,354.9683,19.450401,2.126114,18.344965,15.464905,16.149828,0.0009475537,1.1550733,0.6659242,0.006372476,0.0074466113,139.16216,22.472656,151.59547,116.44512,142.29147,0.09314585,1.3496493,1.3432063,0.0059877704,0.0051559964,20.016884,3.2857616,22.777832,15.0771675,15.284963,11.025209,1.8517141,13.300345,10.61448,11.000663,193.9081,10.869598,221.03267,125.178894,152.91417,60.831264,27.888313,62.09096,57.69639,63.698677,0.15747377,59.712368,4.362555,67.89989,53.751904,52.01805,469.02707,1.8783107,-0.03515559,512.4707
2.682966,1.2757106,3.8678331,1.5754856,3.1351483,-1.2455316,-0.62111896,1.5577197,2.0269241,0.24203864,0.016360698,-7.246309,-10.583542,-17.660374,0.16641219,-0.19832146,-0.028450718,-0.112417996,0.03651448,0.18613276,0.12373984,0.23485507,0.24203444,0.04432442,0.044593945,-0.4736872,-0.47399685,1.9505835,1.9490163,-0.29074067,1.8744501,49.14757,0.8918875,0.799666,0.9681703,242.03519,309.49738,339.03894,328.51544,-54.188595,4.905686,20.062292,37.375393,13.268597,20.755688,5.517993,26.904102,22.093996,23.634386,0.8972348,0.051555242,0.90640503,0.8577422,0.88776726,5.4437327,4.416401,11.18199,4.627605,10.142137,-0.32004496,3.3366601,1.1922418,-2.4176843,0.00587471,-5.1491284,3.0485702,-4.939515,-7.515517,-8.598763,11.52458,3.9643285,13.497722,8.43626,12.450835,0.055853873,-0.3317306,0.7139114,0.09980801,0.24332166,5.159953,0.5579905,5.360916,4.8102636,5.224052,7.630399,0.44892657,7.824475,6.9169555,7.567063,4.637814,0.44997528,4.863485,4.541964,4.8182874,6.313337,0.5603523,6.813291,6.2351575,6.3669634,7.1682916,0.5319844,7.8361273,7.149044,7.460005,8.247509,0.3603441,8.676501,8.025349,7.9506636,434.5168,20.087173,8.591832,13.784834,4.4780493,3.5216975,16.780952,14.32565,17.850754,6.781507,5.459885,11.3407545,8.53592,14.747592,6.7604623,7.8341417,53.196342,16.160772,64.92413,44.592457,50.433857,66.93418,6.4926953,68.39636,60.21257,56.939808,478.603,10.499432,461.75946,453.9543,434.27847,19.243868,0.94883996,20.644724,19.229887,18.302366,0.118855774,0.30608457,0.3777702,0.022126392,0.01601917,140.89983,8.371999,135.1796,148.01788,132.28708,0.40816018,0.51609766,0.7519406,0.053974923,0.005216785,30.840237,5.464741,30.298676,28.438955,23.043076,14.23786,2.0842006,14.935004,11.273932,12.32089,138.14987,-0.38705355,155.6013,138.90373,146.30078,87.19265,14.832373,85.124344,69.783295,91.769714,0.18508738,86.58628,14.943981,86.57798,65.72142,64.10595,451.27518,1.8343192,-0.05581011,549.4305
2.40587,1.4442959,3.4060588,1.7945416,3.0440736,-0.82318085,-0.71189696,1.4730407,1.8074907,0.2509019,0.01961257,-7.8730145,-10.651707,-18.009857,0.18475921,-0.21377039,-0.02459815,-0.120748065,0.0376196,0.37273565,0.046993174,0.23456751,0.22718695,0.037318096,0.04177242,-0.4668661,-0.46929157,1.9507095,1.9506841,-0.2935015,1.882454,47.88199,0.7985225,0.7678288,1.245881,308.70087,308.8618,353.4475,310.14062,-54.18398,4.6222587,20.487375,39.966774,13.1582155,22.036894,3.9096437,24.347836,21.533598,22.254972,0.890261,0.056782696,0.9150554,0.8740996,0.8901275,8.211228,4.6754045,10.361433,5.6649704,8.815421,0.1032601,2.6435707,1.7070644,-2.3707535,0.21547683,-7.8054433,3.9823532,-5.3061314,-10.1047945,-6.989364,10.974361,4.778359,14.064189,7.520341,11.0380535,0.060342964,-0.3493296,0.728625,0.037282467,0.4987091,4.60645,0.48399,4.79921,4.4747243,4.6094294,6.6980767,0.6168194,7.5979414,6.631332,7.116086,4.499011,0.3425831,4.8375034,4.441125,4.5627,6.089895,0.39907667,6.488567,6.15611,6.309567,7.2465672,0.28803936,7.3016973,7.2509537,7.3089914,9.295461,1.1044741,9.50826,8.889159,9.00417,442.27295,14.717832,16.623308,25.308214,4.9135303,4.5279093,37.489468,21.597898,57.10846,22.992449,23.915169,15.977632,6.5485315,17.73177,11.17459,13.297578,46.86741,35.96993,82.65037,42.098213,52.21676,62.783306,9.10514,66.13213,58.14636,58.429733,397.80423,29.757246,463.01447,393.16342,409.1574,21.216768,2.1260896,22.002806,19.473272,19.843678,0.0091901105,0.80471367,0.7729921,0.005427106,0.0074558984,121.93543,11.944286,141.25096,120.009,135.66086,0.16422683,0.37440524,0.21738437,0.07719711,0.0051920833,31.743868,8.473585,35.957344,24.575064,25.788736,12.377153,2.44492,13.366964,11.299826,11.341102,153.22546,17.644974,152.82385,128.8673,150.62358,72.37231,11.994333,76.64823,62.11782,78.516624,0.15598902,80.38817,25.134838,96.91056,68.479996,72.62393,430.68274,1.8484881,-0.061136294,544.6075
2.2128417,3.1911252,4.406866,1.2118388,3.6678977,-0.7612322,-0.719288,1.4915327,1.8821332,0.24599439,0.017031688,-7.515,-8.896034,-17.422583,0.17801203,-0.20237453,-0.023537941,-0.11701802,0.036884427,0.14083435,0.09055043,0.23305884,0.23819017,0.04057701,0.04194114,-0.47127897,-0.4696285,1.9506125,1.9487671,-0.29610962,1.8832809,48.35686,0.84258425,0.8124962,0.9638337,291.39365,308.35135,336.80176,317.59003,-54.184837,4.650872,19.896614,36.04549,13.026959,21.521957,6.788829,27.408724,20.657255,23.043701,0.89113647,0.05930232,0.9332819,0.8601203,0.88001895,7.3307166,9.536884,12.38465,2.7410307,8.118812,0.12302087,9.863901,3.1652877,-3.9281502,0.17758694,-6.9797063,12.188917,-3.075447,-13.5782385,-7.5504913,12.185699,12.378176,18.471134,5.810137,10.32801,0.05323258,-0.34681785,0.70170736,0.049221892,0.12425126,4.750656,0.9456381,5.5071516,4.5633693,4.961109,7.723503,1.3472662,8.715806,6.7028356,7.17672,4.4370484,0.4606575,4.759267,4.6841965,4.687595,6.5599976,0.5216636,6.9548454,6.2829766,5.989975,7.3097377,0.43635225,7.4220667,7.185526,7.1846004,9.05846,1.722996,9.31544,7.9529905,8.623328,427.29907,11.661983,4.907921,21.0473,2.5055258,2.5115292,14.18268,12.968235,20.601654,6.6515827,6.253731,15.939936,7.9221487,17.566029,8.950008,8.135574,53.582447,41.179626,71.61908,40.874958,48.442123,64.23736,8.909667,64.79996,57.880383,58.513332,455.4499,8.093811,445.81067,434.71024,428.74255,20.047298,2.138781,20.149508,19.439886,18.158607,0.005171154,0.1732145,0.30821422,0.055401098,0.0074194027,127.782555,11.967632,127.0612,140.65985,147.4847,0.13033025,0.31188285,0.20298932,0.013279304,0.0051559964,33.368546,7.550037,33.77702,24.573767,21.73446,11.718856,2.1687095,13.420806,11.075447,11.628037,133.11041,8.346363,129.39752,140.4495,142.92168,79.019356,19.704426,84.129715,62.041904,91.40239,0.14259364,86.50359,14.026975,78.82075,64.00967,65.36759,446.66052,1.8124974,-0.05203579,548.3455
2.6386154,1.1761439,2.6991777,2.1567597,3.4795194,-0.79821026,-0.66555506,1.5174807,1.845288,0.27049142,-0.004232964,-9.060461,-11.112724,-21.05695,0.17074272,-0.2240151,-0.049829386,-0.13527039,0.06168032,0.18128228,0.018619291,0.21502429,0.21784098,0.04258674,0.056782775,-0.50096,-0.48698798,1.9369043,1.8506179,-0.32231772,1.9021007,48.22054,0.77758276,0.73300165,0.92816645,284.28656,294.78705,342.6571,300.1528,-54.161892,4.207894,19.931255,35.106647,11.285817,18.35568,0.61316526,19.392696,17.147991,19.488712,0.9238819,0.0018755975,0.92266166,0.92407906,0.91995466,9.039345,4.756476,12.296631,10.559005,14.585877,-0.0857436,5.481578,2.2364545,-3.891544,0.21170792,-8.861334,3.236994,-9.271156,-11.947027,-6.9800434,15.109617,8.258829,14.810194,12.03834,11.063865,0.03668121,-0.37347522,0.751283,0.056299284,0.12152195,5.370305,0.35566688,4.918652,4.5787544,4.9719877,9.200556,0.3697485,9.684511,9.809238,8.867244,4.2223363,0.1478948,4.260551,4.0953975,4.2484617,6.1807284,0.09915049,6.121464,6.0027018,6.227447,7.136259,0.120340884,7.265588,6.94931,7.0848675,8.008048,0.7830903,7.7317514,7.6972,8.14238,372.69012,2.0770836,2.9688072,3.4266331,1.6945027,1.8367926,26.918722,0.6550243,20.599781,12.628421,16.026806,11.97795,3.0327592,2.947276,4.1494784,5.913151,109.82213,59.75865,134.4587,72.03739,120.89016,57.545967,-0.73431796,55.35847,54.618904,59.69632,419.293,4.128476,392.5357,340.36172,389.32748,16.270176,0.45696118,15.850795,14.993548,17.278011,0.000669513,0.34057805,0.22885752,0.0054618125,0.0074466113,195.49484,14.0782175,181.18784,139.53975,191.57854,0.22973724,1.1984615,1.3923227,0.011503276,0.0051559964,21.520845,1.8179564,17.225925,16.595383,19.305784,11.355135,0.4875698,11.871232,11.169852,11.244581,235.81596,14.327191,227.34193,163.77982,191.21542,67.28216,20.851187,68.04592,59.69377,74.00071,0.15280333,59.96547,1.2621446,58.511585,57.673397,52.04458,509.1153,1.8884616,-0.039850343,593.04254
1.4309402,1.205347,2.2512245,0.9228771,1.7734563,-0.95568395,-0.5971939,1.6023222,1.9945323,0.27431917,0.019900389,-6.955147,-6.4312882,-12.71916,0.18929961,-0.22092217,-0.023735035,-0.119544916,0.03856202,0.22686891,0.05112866,0.22263373,0.21127848,0.058617774,0.0707743,-0.49073562,-0.46302244,1.9567335,1.9514177,-0.30523553,1.9195997,50.8084,0.9564362,0.88611406,1.1692144,166.39542,245.32785,295.9452,227.57193,-54.18427,4.0004697,19.238605,33.606304,13.063218,19.410328,6.885374,23.023039,16.56306,23.03831,0.92344636,0.056379873,0.9487042,0.881091,0.88830894,3.4904928,1.314438,3.518753,2.3566172,3.4766386,0.6894242,2.04617,1.5701153,-0.358472,0.45524797,-3.8470843,2.709943,-3.014459,-5.016324,-5.508071,5.99256,3.5392451,7.493314,3.800694,6.9166837,0.0686609,-0.38085613,0.78381175,0.089255124,0.2912253,4.258483,0.3965868,4.3871737,3.866577,4.286309,6.4279175,0.49692208,6.6925755,6.2269516,6.6576643,4.0606093,0.41778225,4.176095,3.8182182,4.084331,5.955432,0.32323667,6.468948,6.1568055,6.2586145,7.087345,0.42804012,7.4456816,6.9955153,7.2823334,7.45937,0.61506134,8.176875,7.284765,8.080141,343.4975,5.111558,10.138545,5.0662055,1.6168773,1.532298,14.121983,12.474078,0.1190667,5.345255,3.4157603,13.166672,6.86826,10.2210045,5.226366,7.221718,41.210766,10.4517765,44.46828,35.660847,42.614017,63.834717,6.582655,66.98695,57.647556,60.327606,326.788,2.756846,325.93762,313.28232,328.21396,19.992126,1.9027328,18.557608,17.606066,19.02191,0.09213987,0.16904828,0.3326521,0.011852442,0.018335717,98.483536,6.8825984,112.29911,101.68426,98.6685,0.115190916,0.51609766,0.8807459,0.06541891,0.026451236,23.255568,5.2633452,23.68215,19.216492,19.532328,11.345381,2.3665595,14.711852,10.1105385,10.683787,114.72039,10.201063,120.251205,105.60591,104.57369,60.24871,13.646588,71.76602,46.0539,55.757267,0.20641512,71.15586,11.957294,75.0848,60.510803,76.29243,339.4434,1.8110613,-0.05082514,425.68213
1.3840635,0.98470217,2.0143747,1.1851022,2.0810635,-0.7581145,-0.7132448,1.4923747,1.8207994,0.25227553,0.01944739,-7.480012,-7.7705736,-15.535483,0.18222488,-0.20849037,-0.028170345,-0.12044466,0.038976613,0.23633918,0.043722484,0.23325814,0.23365037,0.040673837,0.04434423,-0.46559,-0.4693251,1.9505309,1.949583,-0.2987792,1.8979605,49.686317,0.81409526,0.77801496,1.0261207,271.2353,305.58463,322.69766,304.13083,-54.185955,4.286906,19.766619,35.244736,13.303442,18.043034,6.6365113,23.639433,17.67462,23.306791,0.9430214,0.054826118,0.93750143,0.8871407,0.8870398,4.622584,3.5430582,7.450748,2.7425425,5.5084133,0.470316,4.7246366,1.7312737,-2.139323,0.48726872,-4.5213246,3.7489636,-3.4336004,-7.9328923,-6.581257,6.221412,4.6886334,11.111462,5.234739,9.698021,0.060864635,-0.3654488,0.7494093,0.038077913,0.30630562,4.2732954,0.33053908,4.4442782,4.1825957,4.3895454,6.52496,0.2603492,6.8268332,6.2352595,6.6159167,4.2674546,0.2831698,4.3933344,4.123735,4.31871,6.2116065,0.27663973,6.362626,6.045768,6.0343084,7.0412226,0.6992405,7.7825456,7.013539,7.776948,7.679179,1.1340702,8.569386,7.456407,8.532365,370.19937,10.644957,11.720866,17.270687,0.93416137,1.062149,16.8076,21.209326,22.605627,0.8101063,1.4702816,9.996369,10.1668825,13.436107,4.4640794,5.7225647,51.112713,14.076977,59.627617,44.2606,45.46413,58.6651,6.3119593,58.55654,53.95342,53.447773,347.22375,12.5181675,356.45447,347.96902,367.72058,19.862106,3.0813355,20.326782,16.602488,16.089485,0.434922,0.3397727,0.48006684,0.006372476,0.0074466113,113.552986,6.162426,116.66649,108.18576,114.38964,0.71555626,0.14265981,0.15429305,0.005978696,0.0051559964,26.675325,8.790208,27.926651,17.314941,16.757978,12.34794,1.2948666,12.106853,10.744058,11.396433,117.297615,10.535222,124.3726,112.47652,116.62795,60.519268,14.584838,68.22351,59.34815,63.666283,0.19313306,77.97614,16.40916,66.83001,54.900314,55.122448,362.88882,1.8224188,-0.050788924,429.84613
1.3837192,1.4188691,2.2737405,1.3464369,2.0169942,-0.79075265,-0.65280557,1.458007,1.8135178,0.25813356,0.0069357227,-8.383833,-8.012296,-17.20647,0.17861924,-0.21359845,-0.027479375,-0.1202407,0.03971277,0.1555571,0.049667474,0.23130573,0.2249623,0.040918987,0.04676094,-0.4859491,-0.4825649,1.9499661,1.9442586,-0.29646105,1.8886777,48.106316,0.83539104,0.7895287,1.0381624,267.3184,300.9011,325.69467,301.3038,-54.174442,4.5442653,19.851439,36.449856,12.939197,23.539598,5.946371,26.169392,21.95334,26.092358,0.8118663,0.04099527,0.8768888,0.8540726,0.85953385,6.6925607,2.9002721,6.943579,5.5330043,6.721461,0.67567796,3.1222384,2.4438808,-0.4380174,0.7270986,-6.49915,3.6879559,-6.2377067,-8.693839,-7.753901,9.583805,4.508599,11.61566,8.897269,11.745222,0.055958368,-0.37672415,0.7457738,0.0422061,0.15397069,4.3910456,0.6102237,4.4798794,4.1529603,4.2957215,6.7409654,0.6190256,6.719296,7.162125,6.7867503,4.1666555,0.3298041,4.5016017,4.004904,4.328511,6.274149,0.636685,6.3610854,6.3425565,6.29876,7.1223645,0.6583863,7.524632,7.0244894,7.6505885,7.370135,2.0587966,8.968335,7.5774016,9.183318,367.4267,13.925685,13.38036,11.325313,0.95099366,0.51667345,39.204758,20.152607,36.79129,0.32484755,1.4702816,17.80238,11.889763,15.796237,3.940583,4.5140433,60.074768,36.225056,74.02782,40.869038,44.32166,58.129898,7.996069,61.347996,56.43462,53.020245,366.83203,37.091835,361.87427,381.01074,376.39688,20.914642,3.8386486,20.708252,16.220377,15.907738,0.004992007,-0.020285703,-0.023630468,0.006382361,0.007456702,128.25087,7.450429,118.48731,114.64524,114.93232,0.083004504,0.14265981,0.15429305,0.0060086,0.0051559964,32.843494,12.958445,29.640417,16.061398,16.836256,11.078448,0.78088176,11.916679,10.741498,11.197656,133.2995,16.33191,118.25404,111.51644,117.035515,61.01333,11.563386,68.41428,59.27511,61.239513,0.18150204,71.04709,15.656038,71.699295,53.841248,54.976868,365.33322,1.840523,-0.050858427,417.39975
2.7239904,0.8372441,3.425042,1.9408557,2.2231042,-0.79033315,-0.7091267,1.5065545,1.8430238,0.2667154,-0.008183657,-11.516858,-11.205678,-21.191954,0.17821026,-0.22344126,-0.050433397,-0.13354366,0.048560303,0.16655286,0.011931784,0.21990648,0.22200093,0.03966329,0.040704697,-0.49202183,-0.4852591,1.9533013,1.9511027,-0.31415692,1.8987447,49.413795,0.7729195,0.8053296,0.9826665,280.78732,293.67618,334.396,288.42563,-54.16816,4.475375,20.818687,36.203606,12.974443,17.668194,-0.66585875,17.830189,18.284227,17.970291,0.9236632,-0.005236101,0.93113124,0.93620896,0.93237597,7.1738544,4.182659,10.57601,6.3695006,7.380777,0.33462855,5.1687446,2.2283611,-1.149338,0.5198795,-7.9074597,3.5994215,-7.62187,-11.258663,-8.762324,12.280292,5.4834113,13.260368,9.656957,11.41539,0.032404527,-0.34899312,0.6942738,0.027556423,0.0487475,4.4181256,0.3004858,4.5292916,4.375521,4.8321385,11.026434,0.5806386,11.252257,10.448246,10.054883,4.2471395,0.1753129,4.4746785,4.085488,4.258,6.742236,0.25654224,6.9839745,6.6167855,6.7871547,7.0520854,0.047273465,7.173773,7.0186763,6.987746,9.360149,1.3546447,8.664429,7.6959014,8.849272,455.62332,1.8143386,5.691986,10.045355,1.3147303,2.6047611,31.629404,-0.52188396,43.7604,2.8660774,2.3804884,7.169367,0.25803864,2.6417344,4.5448213,6.9012556,91.31074,16.337759,102.26052,105.155235,121.937996,52.629116,0.9187605,51.050507,51.074997,54.438046,466.60364,-2.0643673,502.32965,433.31015,445.87064,14.415391,-0.07488799,14.386164,15.770469,15.440249,0.014123665,2.2402892,4.2996516,0.0063152793,0.0074466113,190.56783,20.820206,168.25035,171.54199,181.20267,0.22334044,1.3578377,1.7996446,0.0059952233,0.0051559964,18.011559,-0.7049909,15.660908,16.855589,19.065619,11.537353,3.338967,16.710012,11.258124,11.396846,198.03174,13.693097,191.94745,181.40413,209.38297,63.39192,5.9130907,66.85438,59.948658,71.042465,0.09890099,54.847088,1.2805743,64.04384,58.78658,62.561897,479.85776,1.8700281,-0.044274226,558.9694
1.5705826,1.3674859,2.2254972,0.92002076,1.5635508,-0.95049685,-0.5199083,1.5918369,1.9602737,0.26703098,0.017645191,-7.047844,-6.381024,-14.019441,0.17476434,-0.21288662,-0.019696765,-0.12156086,0.038299017,0.20654707,0.058994014,0.22170876,0.22041215,0.059314754,0.07078601,-0.50298244,-0.47654927,1.9536866,1.9440705,-0.30612287,1.8902664,49.32319,0.9383493,0.8760615,1.0727793,147.496,240.00063,276.51675,223.57289,-54.173904,4.0402045,19.39669,34.071564,13.061854,25.515411,6.794237,26.17166,22.127563,26.385214,0.8520124,0.05344034,0.89178073,0.84590316,0.85681623,3.4132786,2.889664,4.3564143,2.8736324,3.7816062,0.5463465,3.3143792,1.6922947,-1.0677189,0.43584728,-3.652182,2.8614624,-2.8740656,-6.135804,-5.555403,6.4221187,4.2102575,7.9973636,4.362294,7.496059,0.06511838,-0.3785404,0.773801,0.09143518,0.26149845,4.182391,0.47030896,4.4004855,3.871564,4.3032055,6.559715,0.5515635,6.759916,6.2710857,6.849101,4.050416,0.40480056,4.2207594,3.8131855,4.1026955,6.0752563,0.3985721,6.6731195,6.278955,6.1618977,7.099234,0.64294285,7.460707,6.9660244,7.4429493,7.245897,1.4112314,8.615203,7.270167,8.698317,357.83115,22.686537,15.063298,17.180387,1.7801882,1.1040742,56.1245,18.784126,27.297314,4.095807,3.4157603,20.327394,8.588435,12.767764,3.6802485,6.288399,39.96596,17.827543,52.48638,36.304462,43.00503,65.225845,6.582655,69.183914,59.25749,59.738426,388.0737,26.342426,361.01636,359.15204,358.4314,20.986183,2.1228075,19.355593,17.163652,18.247765,0.04763957,0.2469251,0.37750363,0.00582515,0.01797279,108.746155,9.400249,116.87641,110.35897,112.23791,0.09426983,0.5176602,0.9075766,0.0048044804,0.0028108733,34.525158,8.467011,28.564487,16.41505,17.580397,11.923381,2.4331186,15.075051,10.204454,10.775406,134.5226,13.120558,131.90193,105.8352,105.71754,59.29494,14.14199,72.70603,45.833122,54.100124,0.20884846,82.23639,15.470637,84.213936,59.59665,72.45759,346.345,1.8206996,-0.050006647,429.13593
2.7239904,0.8372441,3.425042,1.9408557,2.2231042,-0.79033315,-0.7091267,1.5065545,1.8430238,0.2667154,-0.008183657,-11.516858,-11.205678,-21.191954,0.17821026,-0.22344126,-0.050433397,-0.13354366,0.048560303,0.16655286,0.011931784,0.21990648,0.22200093,0.03966329,0.040704697,-0.49202183,-0.4852591,1.9533013,1.9511027,-0.31415692,1.8987447,49.413795,0.7729195,0.8053296,0.9826665,280.78732,293.67618,334.396,288.42563,-54.16816,4.475375,20.818687,36.203606,12.974443,17.668194,-0.66585875,17.830189,18.284227,17.970291,0.9236632,-0.005236101,0.93113124,0.93620896,0.93237597,7.1738544,4.182659,10.57601,6.3695006,7.380777,0.33462855,5.1687446,2.2283611,-1.149338,0.5198795,-7.9074597,3.5994215,-7.62187,-11.258663,-8.762324,12.280292,5.4834113,13.260368,9.656957,11.41539,0.032404527,-0.34899312,0.6942738,0.027556423,0.0487475,4.4181256,0.3004858,4.5292916,4.375521,4.8321385,11.026434,0.5806386,11.252257,10.448246,10.054883,4.2471395,0.1753129,4.4746785,4.085488,4.258,6.742236,0.25654224,6.9839745,6.6167855,6.7871547,7.0520854,0.047273465,7.173773,7.0186763,6.987746,9.360149,1.3546447,8.664429,7.6959014,8.849272,455.62332,1.8143386,5.691986,10.045355,1.3147303,2.6047611,31.629404,-0.52188396,43.7604,2.8660774,2.3804884,7.169367,0.25803864,2.6417344,4.5448213,6.9012556,91.31074,16.337759,102.26052,105.155235,121.937996,52.629116,0.9187605,51.050507,51.074997,54.438046,466.60364,-2.0643673,502.32965,433.31015,445.87064,14.415391,-0.07488799,14.386164,15.770469,15.440249,0.014123665,2.2402892,4.2996516,0.0063152793,0.0074466113,190.56783,20.820206,168.25035,171.54199,181.20267,0.22334044,1.3578377,1.7996446,0.0059952233,0.0051559964,18.011559,-0.7049909,15.660908,16.855589,19.065619,11.537353,3.338967,16.710012,11.258124,11.396846,198.03174,13.693097,191.94745,181.40413,209.38297,63.39192,5.9130907,66.85438,59.948658,71.042465,0.09890099,54.847088,1.2805743,64.04384,58.78658,62.561897,479.85776,1.8700281,-0.044274226,558.9694
1.3209695,2.7801569,3.263452,0.7212257,2.3711004,-0.7756956,-0.63850814,1.5009465,1.8787913,0.2405807,0.010322111,-7.8937836,-8.853686,-17.68182,0.16594227,-0.19825052,-0.023717972,-0.112188704,0.037508633,0.18633954,0.09363544,0.23992254,0.23989911,0.04296789,0.049420808,-0.478004,-0.47500333,1.9490716,1.9419916,-0.28259596,1.8761493,47.48956,0.89277357,0.8058242,0.97778875,310.34564,310.5696,334.81158,326.62433,-54.18325,4.8924484,20.253534,38.96523,12.930037,20.633451,6.6299486,26.78021,21.7889,26.650703,0.83622324,0.05828985,0.87721527,0.84178424,0.8547512,7.2977858,4.496255,6.6585937,2.8721468,4.3289485,1.2293783,3.5547369,2.39248,-0.80646724,0.63109076,-5.1590257,4.992715,-3.6333487,-8.829772,-6.815073,9.809481,7.8935304,10.020888,5.5304055,10.556397,0.056395646,-0.34429985,0.72343457,0.05504398,0.21576345,5.1408944,0.78672266,5.3065042,4.4500947,4.8275623,6.9865437,0.60093594,7.1657662,7.12454,7.1587067,4.6216383,0.44346115,4.8344126,4.3288116,4.7833443,6.10975,0.47849527,6.4603925,6.43724,6.611053,7.285284,0.63528156,7.73844,7.113676,7.638593,7.823921,2.1445234,9.2919035,7.83866,9.427661,449.03687,27.455452,21.555851,24.387857,4.91991,4.2998204,50.23787,34.370953,62.977093,6.8112116,5.2414837,21.354437,16.80995,19.02866,7.315239,7.7088923,55.806644,44.60917,89.08807,33.108078,48.329433,70.78453,9.957487,76.10769,64.10074,61.660873,440.13922,44.8621,436.10736,469.14948,444.37543,20.559923,2.0277846,20.841413,20.259874,18.976559,0.018136263,0.24048622,0.26828352,0.014166526,0.061864678,134.21779,14.942817,130.28635,127.32451,121.40128,0.24142669,0.51609766,0.7519406,0.0059026396,0.0051559964,38.167988,13.808273,36.565346,27.882936,22.954895,13.956525,2.3294194,15.102285,11.537541,13.65007,148.93167,20.740952,155.90637,133.05911,137.47894,84.23377,22.52912,90.19359,63.788788,85.728645,0.2176778,93.81508,23.116959,99.736626,68.65295,64.73011,468.73425,1.810942,-0.055974424,530.3314
2.9911304,2.1821733,4.112676,2.088638,3.722683,-0.7739698,-0.6825133,1.530854,1.8666316,0.2898309,-0.009658201,-8.630396,-11.383409,-19.050806,0.17497471,-0.23785844,-0.055545196,-0.13924558,0.058073785,0.18211879,0.039603323,0.21464655,0.20763211,0.04531626,0.05211043,-0.5008784,-0.48450464,1.954864,1.9516649,-0.3191614,1.8919481,50.315697,0.7919731,0.8023546,1.047264,257.54657,280.10736,328.16232,275.81955,-54.16853,4.637327,19.804441,35.977997,11.1959505,17.733465,1.7153845,19.760592,17.175522,18.844706,0.9229706,0.011210676,0.9302639,0.9209129,0.92570174,9.353097,3.6061037,10.908062,8.357974,8.052246,1.6661854,3.1198316,1.9869573,-0.5837643,0.83089525,-9.372745,2.6136425,-9.818196,-10.652667,-8.995872,13.64315,2.630911,13.400437,12.699477,13.128659,0.036352105,-0.37988913,0.7207555,0.03587179,0.09698829,5.526203,0.27923614,5.1143794,4.670642,5.1254134,7.011649,0.5848721,8.321801,7.1179795,7.698356,4.2886415,0.12097904,4.397572,4.1115236,4.3325405,6.279126,0.21153674,6.978428,6.1178627,6.448187,7.063397,0.2942806,7.396385,6.8948154,7.2514243,8.182324,0.99261034,8.37352,7.60467,8.145111,411.57605,1.9717683,5.449,5.4016204,1.0963702,1.9689101,26.763937,4.753272,19.237906,2.6300528,2.3804884,8.618867,3.3599458,9.482854,5.967752,8.597869,64.64524,19.929447,85.24556,51.94365,72.730515,49.768394,2.1111317,50.147144,49.928192,51.82453,386.5802,1.4512397,412.99374,354.94464,391.1176,16.149954,1.3432847,15.740805,15.704911,15.264153,0.014123665,2.2402892,4.2996516,0.006372476,0.0074466113,129.06862,6.362021,132.24939,131.41582,131.19737,0.21730354,1.5058806,1.7395446,0.005989834,0.0051559964,19.08093,2.8399398,20.14085,14.997084,19.60484,11.460286,3.6341956,15.806967,10.744903,11.065792,158.71002,6.495068,154.99078,145.36766,143.25494,71.46412,3.5703912,68.69451,66.46093,72.7884,0.13442169,53.262436,4.2354507,55.766296,57.79757,60.378136,414.76514,1.8855679,-0.042585287,505.97034
1.5016406,0.76213866,2.144706,1.4595854,2.345785,-0.770997,-0.7132448,1.4976087,1.8582484,0.2526824,0.017556982,-7.284485,-7.7183986,-15.514079,0.17630468,-0.20557976,-0.02789189,-0.11940365,0.040421646,0.16113098,0.09061934,0.23473455,0.23235446,0.040006172,0.044987936,-0.47073913,-0.4694512,1.9513903,1.9493257,-0.29386893,1.8864596,48.574966,0.87712145,0.79157513,1.0223167,275.47763,298.20975,335.28796,306.4088,-54.183247,4.4040585,20.094177,36.25361,13.2543335,20.664667,3.109733,23.918491,21.63019,22.218992,0.9097178,0.033879172,0.9188926,0.8876395,0.8947008,5.1825542,1.2121162,5.7943077,3.7811615,4.960793,0.41053954,1.1655356,1.4459498,-1.1416403,0.4599113,-5.2951593,1.6927449,-4.13026,-7.153111,-6.2584257,7.1632156,2.7588508,10.410724,6.5553255,9.086429,0.057943307,-0.35222512,0.74953294,0.06843138,0.21561962,4.508378,0.16834956,4.5380697,4.465894,4.4912624,6.672286,0.50701964,7.0422397,6.5295806,6.7998614,4.3873334,0.09859915,4.4206386,4.4424877,4.4101224,6.108568,0.31393582,6.4284964,6.2339506,6.250301,7.4466324,0.23771568,7.4257417,7.361096,7.4094357,8.263785,0.55414665,8.379229,7.9476676,8.242411,376.18927,12.046645,4.985849,13.542454,2.1804235,2.9139252,7.2753263,7.810016,11.169327,5.118654,4.6614575,14.495033,3.9423,15.611773,9.971852,9.365216,50.434696,3.4328494,68.34629,45.22108,48.764565,59.63644,4.4115953,61.016453,58.11356,57.044514,358.89682,3.5423954,368.88208,367.92764,363.7003,20.182203,0.789975,20.94558,19.934454,18.450874,0.0009475537,-0.065204725,0.038202263,0.0063474486,0.0074194027,116.54608,3.916965,101.97992,117.4556,112.469666,0.12339628,0.12483983,0.14223927,0.0058004903,0.0051559964,30.72227,4.9718757,28.65382,24.633615,22.256388,11.234707,0.6839908,11.877942,11.160859,11.604796,120.14943,6.0529075,130.26717,123.72215,118.95863,63.551456,-0.03206034,64.94294,62.08324,66.22197,0.18328463,79.04865,9.235472,71.17172,63.445145,63.30144,379.05136,1.8471235,-0.05091543,446.2743
2.0000746,2.8778017,3.8064408,1.2253339,3.3399715,-0.7934912,-0.74367374,1.5459925,1.8919276,0.2421272,0.028216453,-4.6881485,-12.220491,-17.380417,0.18211684,-0.19520563,-0.013134201,-0.10811827,0.031317346,0.35628211,0.086443745,0.24551006,0.23964125,0.043561623,0.04728987,-0.46766654,-0.46524006,1.9515741,1.9496586,-0.27096677,1.8733819,49.746067,0.8364991,0.84663475,1.354666,340.5607,340.54175,359.05792,349.8922,-54.185284,4.906459,20.325737,39.23947,12.063656,24.36901,4.5401497,25.5037,21.824512,22.78186,0.8699346,0.03172175,0.91733223,0.8500392,0.88657576,4.274132,9.486098,11.700968,1.5865068,8.677524,0.040342905,7.5119915,3.8522232,-4.2436986,0.13091063,-5.6762986,6.1997266,-3.3323865,-9.613727,-9.266412,11.301774,8.715178,15.942628,5.078974,12.112851,0.0703479,-0.35138655,0.70368916,0.116419956,0.46736842,5.2486887,1.2982732,5.584475,4.4953327,4.916546,6.9308176,1.366153,7.8775635,6.4636602,7.014455,4.709877,1.1309489,5.4481797,4.642092,4.7948647,6.5259085,0.9277352,6.822549,6.218611,6.4271646,6.9091454,0.9418095,7.548135,6.6827216,7.279282,8.223098,2.1330135,9.931273,7.469729,9.477532,462.3833,8.873678,6.756482,13.493205,4.9230204,6.306558,30.4738,28.075624,37.198135,14.460338,20.869326,9.219724,12.107274,13.204251,3.792787,9.869633,45.19895,59.315735,77.60555,17.703703,52.84518,65.20576,10.450728,66.55198,67.0162,64.52308,489.21707,26.76433,489.0422,426.89685,464.8815,19.438028,4.644319,22.408564,17.145555,18.121399,0.50212455,0.79781395,0.8091962,0.16612695,0.09129302,135.58516,52.263054,139.56885,124.257935,133.04898,0.7811908,1.5530901,2.1023655,0.4121222,0.039972983,23.356783,7.4728284,29.25016,24.505478,22.309196,15.3096695,4.680895,15.784823,12.097538,12.831314,132.78177,26.628235,148.94807,141.7548,138.65749,93.24156,38.20414,119.53877,86.410774,93.10334,0.1733214,71.07176,18.786549,76.23092,68.01526,72.85095,512.1373,1.8381993,-0.07133535,605.0991
2.302216,0.6281367,2.7318683,1.8967438,2.3289042,-0.7526322,-0.6900075,1.4387025,1.7687336,0.29604343,0.00641055,-6.36124,-8.37472,-14.854071,0.19444156,-0.2407206,-0.03851998,-0.13388675,0.05300084,0.3623952,0.045590308,0.20883052,0.20315363,0.038047176,0.04139058,-0.48295078,-0.4791411,1.9525315,1.9513878,-0.3141307,1.8913271,49.014565,0.7961288,0.7104314,1.1562936,282.15005,310.0742,336.91342,310.79538,-54.171265,4.379535,19.289143,35.754578,11.203931,17.948645,3.4213758,21.581478,18.19979,20.99184,0.9270378,0.026381608,0.92778474,0.9033983,0.9099411,6.3513775,1.8619229,8.398924,6.5018134,7.535963,-0.2144262,3.1889784,1.9747372,-1.2384228,0.47292206,-6.39227,2.694213,-6.9977365,-8.11825,-7.160645,10.21197,2.201356,10.890254,9.61666,10.910345,0.052612215,-0.40695807,0.75733835,0.03075848,0.52769655,4.4884987,0.12318745,4.430244,4.446743,4.5205207,6.515478,0.199873,6.530777,6.1195397,6.7225447,4.2413125,0.117770284,4.2372103,4.138036,4.204625,6.118498,0.1654297,6.315318,6.061673,6.0699196,7.0290093,0.6018971,7.505651,6.9876566,7.5518513,7.2802258,0.5702861,7.702047,7.34879,7.635741,334.72162,0.4402932,1.1650406,-1.1915394,0.38379842,0.360998,16.752151,0.8719654,-0.21194066,0.40510446,1.4702816,6.4550333,4.2128816,8.474917,3.9379845,4.90669,42.696983,4.646216,48.117382,34.356476,37.94247,56.536453,4.304056,56.38747,52.234943,51.244633,310.0439,-0.025060304,309.05573,310.18533,310.04178,17.633781,2.2104626,18.355192,15.897884,16.178093,0.0009475537,-0.057103626,-0.041382704,0.006227887,0.0074542775,91.81458,3.5835004,92.873764,91.15604,100.204346,0.082795985,0.14265981,0.15429305,0.005986563,0.0051559964,18.583946,2.86824,18.600237,17.297222,16.775475,11.158097,0.40164477,11.317239,10.970455,11.018609,97.70751,4.5595083,99.67778,91.84363,97.700005,62.85513,6.1449685,65.879585,59.587563,68.68004,0.1676938,55.53038,7.0321455,58.192047,52.16388,51.653854,305.76096,1.879257,-0.044530496,362.1224
2.8272943,3.0604491,4.7062874,1.2303098,5.061095,-1.2017995,-0.61294526,1.5704908,2.0100162,0.24071695,0.023826605,-7.3733306,-12.819926,-18.24357,0.1643481,-0.19632669,-0.021137083,-0.10945754,0.033165675,0.23143351,0.12546909,0.23614864,0.23301038,0.044399876,0.0468993,-0.4705869,-0.47205168,1.950747,1.9492338,-0.28851077,1.8860804,51.9045,0.92862076,0.880997,1.224637,259.63153,315.77667,343.3709,338.8067,-54.185165,4.9767966,20.1036,38.803596,12.21848,19.766537,5.845291,24.76367,17.026003,21.853916,0.9381606,0.043404706,0.93294525,0.87466896,0.8907953,8.002395,9.364993,15.870268,4.5391703,11.706757,-0.3871534,9.342046,3.5586047,-4.8719726,-0.017398067,-6.9985175,8.397997,-5.465211,-11.390301,-10.33165,15.480264,10.607182,18.618996,7.1355395,14.754906,0.059535377,-0.34253556,0.6945962,0.16180724,0.2688031,5.3241496,1.6347778,5.8287544,4.3387756,4.927328,7.5725265,1.2904398,8.768131,6.265451,7.689952,4.6179247,1.2928369,5.3631663,4.144973,4.620577,6.6195984,0.94096076,6.930561,6.2907805,6.655968,7.0856485,0.75669307,7.8198915,6.888515,7.369457,8.845888,2.3551142,10.274265,7.7999578,9.3303995,463.77625,16.266628,13.875368,13.745664,5.512079,3.8144186,37.066364,45.09405,45.766808,8.298933,10.8247175,14.10592,18.803068,22.427555,5.127622,8.411844,68.04722,70.080666,75.03153,41.547462,66.454605,62.761387,12.200999,64.40767,57.640614,51.400265,523.42395,38.005566,512.817,425.4947,448.11905,18.310272,5.0053406,22.66728,18.10763,18.0442,0.12838697,0.8086405,0.49163055,0.055561155,0.01601917,157.72784,51.57098,175.36214,142.3748,148.70798,0.5401043,1.4328811,1.7432195,0.22934614,0.005216785,30.43983,13.5837,38.06942,26.112335,20.188755,14.127385,4.973819,14.469452,10.558835,11.469596,158.9541,25.236591,171.18948,143.57307,163.56097,82.613716,42.72188,103.98985,68.10161,90.378654,0.17725258,75.17078,28.814827,86.09469,54.650017,62.232952,531.9662,1.8412309,-0.0653647,642.92737
3.3243978,2.3471744,4.1995473,1.9038793,3.9117172,-0.7793298,-0.715796,1.5098432,1.8533902,0.24430865,0.017798472,-5.2673144,-11.670215,-17.167646,0.18504952,-0.19898677,-0.019734424,-0.11789392,0.03383576,0.3061181,0.06043098,0.23409574,0.23454079,0.03973951,0.041675813,-0.46458367,-0.46509564,1.9508461,1.9478538,-0.28817528,1.8856024,49.29161,0.8058147,0.721232,0.9793786,290.8826,315.6197,363.9145,311.25494,-54.188946,4.6575,19.885624,37.064655,12.720564,21.050808,4.9218183,24.770761,21.012234,22.3646,0.89350414,0.05986302,0.9228055,0.87427694,0.8931711,9.619151,9.434443,15.094571,5.189749,10.830484,-0.4207213,10.121893,3.2418306,-4.5371966,0.027046453,-10.042714,10.103701,-4.921156,-13.958297,-9.667836,16.072662,10.692814,19.455421,8.234199,11.394544,0.055743553,-0.34337455,0.69962156,0.041921075,0.36155614,4.754381,0.85832524,5.5448184,4.531553,4.978954,7.6111846,1.2631197,8.406766,6.660979,6.9612813,4.4828906,0.5111641,4.836118,4.696986,4.703151,6.5643883,0.39126945,6.8465075,6.2224655,6.0457845,7.14253,0.3535015,7.3545465,7.0595756,7.185284,9.105121,1.337018,9.2498045,8.738444,9.132817,438.82172,13.92393,15.329421,18.638845,3.5055175,3.001512,23.517773,10.577825,24.12984,6.7597046,10.8248415,13.363695,7.9634876,16.630451,9.699225,12.486791,60.62852,58.946953,77.47493,33.449253,51.562138,64.88937,6.5052514,63.348557,58.28724,57.536278,434.81116,20.043728,440.77094,428.29422,433.08826,20.060127,2.1563575,20.6972,19.755125,19.291956,0.0062501086,0.68589824,0.5464155,0.006078668,0.0074194027,136.25317,13.375727,143.32455,138.75761,146.17741,0.13843535,0.30383447,0.20298932,0.012750713,0.0051559964,29.851177,8.062544,33.306084,24.096376,25.403563,12.412252,2.7656314,13.0611515,11.160964,11.393719,133.17712,8.925838,132.23134,132.98543,145.0392,77.6716,29.424454,90.87705,62.70898,92.14951,0.13169657,79.01906,21.031908,83.88915,66.198616,69.51846,430.92038,1.8362461,-0.066324264,561.4469
2.3232887,0.9947809,3.1775706,1.9362472,3.0612228,-0.76390624,-0.6937819,1.4526049,1.846318,0.28102547,0.008685204,-5.634294,-8.556107,-16.228428,0.17987269,-0.21548475,-0.036004916,-0.118861064,0.04743631,0.19199674,0.09031657,0.21533908,0.21109128,0.03931724,0.043892357,-0.47794098,-0.47472095,1.9515823,1.9476597,-0.3170635,1.8821144,48.095325,0.41018608,0.76096374,1.0027225,289.0371,301.8466,371.29156,323.579,-54.170757,4.5080876,19.790209,36.985214,11.368794,20.930157,2.580774,23.687963,21.231255,22.226118,0.91095054,0.027867487,0.8984611,0.8865928,0.89421463,6.7120275,1.4152597,7.254287,5.943873,5.8631377,0.39368334,1.001811,1.7088853,-1.2900171,0.4728939,-6.5924544,1.5738041,-5.475974,-8.195848,-6.3563547,9.4264965,2.1778643,11.22795,8.754104,10.880552,0.0556615,-0.3689257,0.7459063,0.06253906,0.3360396,4.7510943,0.17905405,4.784633,4.6536593,4.7040877,6.281967,0.29495195,6.6736193,6.5409303,6.9897227,4.3977036,0.094839014,4.4178057,4.4292145,4.4175515,6.034055,0.3130165,6.3875775,6.1990037,6.2030163,7.3189297,0.30679688,7.273392,7.247976,7.0184927,8.098345,0.47853255,8.003435,7.775086,7.7837234,373.63638,14.907775,4.956288,13.347133,3.1092167,3.0098534,9.065084,6.971311,10.437941,5.9074726,5.294093,14.256487,4.0369925,15.745631,8.27428,7.4301267,37.976105,4.1685805,59.36858,36.856735,42.556408,61.929615,4.332409,60.88178,57.063354,56.347866,344.4669,4.2804055,349.87042,350.44162,334.739,19.46532,0.9238587,19.78597,19.823608,18.02972,0.0009475537,-0.065204725,0.065108076,0.014133706,0.0074194027,104.80247,4.45003,90.54261,106.798225,107.65941,0.12339628,0.12483983,0.14223927,0.005397401,0.0051559964,32.62457,4.710934,28.356178,24.837976,22.046085,11.358218,0.65422046,11.878192,11.154238,11.5727005,108.31304,4.9666257,118.09772,115.03988,112.39492,69.94486,0.6999273,69.449135,66.43879,77.65309,0.18299322,83.31746,9.196355,71.63115,64.217674,63.395744,353.07642,1.8770036,-0.04681445,401.1172
1.4591298,0.3333957,1.5764217,1.1739001,1.4546769,-0.78253716,-0.6242084,1.4310607,1.7607052,0.2788372,0.020205129,-6.4501476,-6.403398,-12.311876,0.1993151,-0.2273056,-0.027537111,-0.12718984,0.040228955,0.37843317,0.03511845,0.2143951,0.19401751,0.036583785,0.043454353,-0.4629396,-0.4520005,1.9537804,1.9500483,-0.3080928,1.9208031,50.92334,0.77951366,0.74242634,1.1709628,264.75763,296.7488,329.5344,294.43668,-54.18772,3.912411,18.89513,32.083305,12.942766,18.003977,4.079371,22.170721,17.70598,20.253807,0.9310993,0.03149931,0.93121225,0.9018682,0.9161438,4.251399,1.8292823,5.3127375,3.576454,5.0700555,0.15530431,2.6583686,2.176422,-0.91654664,0.4533503,-4.074248,3.124803,-3.2946966,-6.342698,-6.1197095,6.3334985,3.1488492,8.961006,4.9147725,7.507925,0.06787709,-0.4002755,0.78288704,0.04516373,0.48857382,3.8336225,0.6472555,4.048908,3.3987525,3.7479005,6.5322986,0.639532,6.587438,6.3933806,6.5495496,3.7667456,0.66488206,3.975875,3.3703525,3.6301563,6.058322,0.13268976,6.617238,6.1450934,6.1235266,7.169078,0.24389474,7.2936125,6.9854593,7.2262383,7.739605,0.41717154,8.5111885,7.4950695,7.654335,302.52036,0.54817533,3.735818,-1.0148523,0.009800878,0.26010266,2.337424,3.3072488,-1.1333486,0.20999615,1.4702816,3.6987798,1.9553717,7.198885,3.4319131,4.3910327,46.70225,15.323798,49.679783,40.752483,50.642197,53.43773,6.7450633,55.31594,50.607834,50.766987,288.9225,1.2039844,281.50623,282.75635,291.5326,15.051861,1.4998124,15.466628,14.780613,15.186087,0.0015066203,-0.02024976,-0.03630395,0.006372476,0.0074466113,96.40773,1.3744942,100.745094,98.30191,103.98102,0.083745204,0.12483983,0.1566449,0.0059742937,0.0051559964,16.600908,2.689728,17.185575,14.536459,15.174624,11.600237,1.6501044,11.704615,9.974986,10.578162,101.10884,16.271393,99.88894,92.35088,104.22491,43.728413,9.106282,47.452156,35.101593,49.28243,0.19017509,54.40823,11.881028,55.77013,51.02657,50.81964,293.5828,1.8255502,-0.05413257,349.34726
2.1744065,1.7434546,3.2092416,1.5422597,2.610324,-0.8231109,-0.71189696,1.4730407,1.8145139,0.2494399,0.02150852,-7.560832,-10.775995,-18.009857,0.18372305,-0.21321239,-0.024141073,-0.12044728,0.0376196,0.37273565,0.041248187,0.2346266,0.22718695,0.037532415,0.04177242,-0.46641225,-0.46929157,1.9507095,1.9506841,-0.2918514,1.8731215,47.24082,0.7985225,0.77509844,1.2348763,314.73358,315.87418,352.6818,317.0989,-54.18476,4.690357,20.487375,40.137856,13.1582155,23.479906,4.206292,25.59621,21.422224,22.174671,0.8497299,0.06245069,0.91382265,0.86596113,0.8900283,8.211228,5.871074,10.616622,5.482331,9.106086,0.2046186,3.4429357,1.7122962,-2.681954,0.19067393,-7.5681047,4.6772447,-4.9838786,-10.283088,-6.989364,10.480446,5.9197693,14.064189,7.049448,11.0380535,0.060922757,-0.3484677,0.7279573,0.028531842,0.4948692,4.6226053,0.48399,4.8184342,4.4941807,4.680559,6.710301,0.6246755,7.6085916,6.717632,7.156893,4.5466557,0.3619756,4.9531302,4.452195,4.6457877,6.0959716,0.8189454,6.5004635,6.1618643,6.410461,7.244937,0.29841438,7.3542547,7.161701,7.308721,9.193516,1.1190137,9.50826,9.034933,8.963937,454.6696,14.075354,16.623308,24.734217,4.2778516,4.5723057,36.22279,21.597898,56.681534,22.722662,23.915169,15.674599,7.9598413,17.502064,10.251098,14.468908,47.917988,39.178425,85.8056,45.267902,50.10043,65.957085,9.10514,69.10443,61.519783,62.076027,409.9968,30.739412,480.7899,412.13474,422.3397,21.065353,2.1512828,21.826342,19.080109,19.643585,0.0091901105,0.80471367,0.7729921,0.003984754,0.0074558984,121.93543,11.938219,141.25096,120.009,135.66086,0.16422683,0.37440524,0.21738437,0.07733803,0.0026247841,30.439962,8.546447,35.578922,23.83092,25.886997,12.582935,2.44492,13.366964,11.253701,11.182481,153.22546,17.644974,153.786,130.0728,150.62358,76.08735,12.510192,82.01188,68.90905,80.962845,0.15534398,83.999466,25.134838,97.800156,70.38682,74.46815,441.83936,1.8441154,-0.061136294,556.0833
3.2184503,1.3936194,4.038436,1.9526122,3.1356385,-1.3184856,-0.4890288,1.609024,1.969269,0.27256995,-0.0023658467,-9.504234,-9.46586,-18.741915,0.19017294,-0.22516099,-0.039085478,-0.13180287,0.04789679,0.18680331,0.07302561,0.20488031,0.1540518,0.05707634,0.08657188,-0.5156257,-0.47357807,1.9543374,1.9437243,-0.32240722,1.9135925,52.305458,1.0121554,0.8595393,1.0759399,195.3964,282.32138,343.29022,273.46036,-54.155945,4.4860516,20.253428,35.471455,13.237146,16.655048,2.1969435,20.099537,16.864588,18.815777,0.92822134,0.0033142515,0.9342097,0.92483944,0.9269766,7.23437,3.8351943,9.421842,5.6999207,6.4752574,0.15283395,3.403389,1.7479787,-1.2163941,0.41551068,-7.230044,4.834196,-5.506609,-9.205832,-7.369241,10.018436,7.5822167,11.528515,7.9587283,10.947487,0.040823318,-0.36056024,0.7201897,0.066018134,0.11935157,4.228221,0.2981656,4.6694036,4.029836,4.391017,7.532409,0.51924837,9.014409,7.313497,7.7361097,4.076356,0.3295699,4.3941803,3.9606967,4.02969,6.6167645,0.3522738,7.087424,6.570331,6.897281,7.2381186,0.2326058,7.573645,7.1388345,7.408508,8.589856,1.1702526,8.668051,7.7929187,9.0141115,416.16498,1.8067305,1.4447666,8.765641,1.2143863,1.4891845,25.349787,4.2167478,70.220406,1.3893323,2.3804884,7.182184,2.2328467,11.280719,6.183956,9.158786,78.67028,13.594546,99.88504,76.66047,89.277916,54.967175,4.625988,55.759315,50.64117,52.981586,432.73022,0.84375644,419.17957,353.02414,385.7687,18.225845,1.0628061,17.90071,16.171824,15.898497,0.0009475537,-0.056139573,-0.068680465,0.0058848634,0.0074466113,136.47597,19.151857,136.6397,130.16853,135.60078,0.09906607,0.12483983,0.14223927,0.011402575,0.0051559964,21.7065,3.7622056,21.391628,16.31017,19.701935,10.929844,0.71235955,11.256655,10.632605,10.921469,160.16347,11.902152,173.37894,151.06287,161.33672,55.522385,7.0127687,66.56475,50.415543,60.214703,0.14040004,60.70101,4.7256165,67.27528,56.933037,59.441563,459.80267,1.8882399,-0.04414347,494.45456
2.4145403,0.8928623,3.3174787,1.9449389,2.309518,-0.78545177,-0.68394095,1.5132562,1.8560865,0.25625658,-0.0011167654,-8.95716,-9.90589,-17.768778,0.17752656,-0.20137525,-0.04035127,-0.13172355,0.05018921,0.1889311,0.04669392,0.22013365,0.2074702,0.040320054,0.045681756,-0.50981253,-0.4870239,1.9543422,1.9507986,-0.31776056,1.8958355,48.16373,0.77700835,0.75164783,0.9361493,266.61017,302.22092,342.4906,298.89407,-54.161613,4.1810904,19.88533,35.43448,13.221203,18.50883,1.5139959,21.522894,17.407894,20.180626,0.927195,0.00836508,0.9236781,0.90938056,0.9138919,7.4850464,5.8611164,12.15397,5.045007,9.28403,0.21814205,3.4799912,1.6979296,-1.5096024,-0.041172307,-6.9125915,4.306331,-6.097252,-8.691932,-8.401652,9.050283,8.811402,15.988908,8.086885,12.363169,0.046121746,-0.36944172,0.76334184,0.045197513,0.081869364,4.2800612,0.6033419,4.2382383,4.1331244,4.351787,6.717316,0.45654526,7.5017357,6.0399823,7.045351,4.205382,0.30724168,4.3112874,3.895016,4.203624,6.3707266,0.3224728,6.326092,5.971449,6.26205,7.18489,0.40884474,7.3984604,7.0086207,7.3875413,7.513299,0.60762143,8.05746,7.228477,7.8002644,346.6454,1.8015804,3.8050349,5.445622,0.07269057,0.36718,15.101841,9.6034565,22.789776,11.743756,15.663514,11.503145,4.7637124,8.328048,3.8913388,4.4178777,85.77503,74.93789,132.22868,41.702053,93.36731,56.061527,7.6905107,61.053314,51.87534,53.61055,448.25635,9.1518755,355.58463,334.19894,354.9683,19.450401,2.126114,18.344965,15.464905,16.149828,0.0009475537,1.1550733,0.6659242,0.006372476,0.0074466113,139.16216,22.472656,151.59547,116.44512,142.29147,0.09314585,1.3496493,1.3432063,0.0059877704,0.0051559964,20.016884,3.2857616,22.777832,15.0771675,15.284963,11.025209,1.8517141,13.300345,10.61448,11.000663,193.9081,10.869598,221.03267,125.178894,152.91417,60.831264,27.888313,62.09096,57.69639,63.698677,0.15747377,59.712368,4.362555,67.89989,53.751904,52.01805,469.02707,1.8783107,-0.03515559,512.4707
2.8465533,2.0278993,3.4661708,2.026956,3.2480025,-0.81258905,-0.69659555,1.4470346,1.8046101,0.27493298,0.013156268,-6.5791707,-11.333434,-18.632526,0.18929836,-0.22495623,-0.033185333,-0.12516397,0.04638644,0.38615996,0.040945407,0.21282615,0.20306347,0.036750052,0.040947326,-0.4740554,-0.47578833,1.9515069,1.9510394,-0.31236923,1.8713211,47.527935,0.78209597,0.7590405,1.2101616,327.8036,314.59723,348.20148,328.17416,-54.17149,4.5804596,19.937025,40.23155,11.7679615,23.251122,3.6442695,25.280937,21.277771,22.11321,0.848644,0.054558955,0.9119609,0.86597127,0.888834,9.328219,7.8583364,12.943177,8.045661,10.663332,0.114478186,4.6521955,1.9752314,-3.9055226,0.348337,-8.688533,5.0250807,-7.47052,-11.477095,-7.318113,11.722003,4.8160586,15.838397,9.817355,13.615514,0.053338055,-0.37521276,0.7234078,0.021847062,0.5646652,4.9042907,0.5961386,5.0727563,4.6381254,4.939878,6.402638,0.45201877,7.0541873,6.260607,7.2734942,4.532483,0.37744626,5.055795,4.4193225,4.637366,6.08426,0.4723657,6.461308,6.0937796,6.39824,7.187243,0.3408285,7.350371,7.114984,7.142235,9.044616,0.90767306,9.134104,8.79412,8.645164,460.28876,13.91174,16.934656,24.06024,4.698526,4.5723057,44.081722,21.656155,63.19011,23.691435,24.078697,15.036666,9.760981,17.154701,9.261422,13.250276,44.913258,41.782036,87.58755,38.153694,43.478344,67.26849,9.025953,68.26388,59.618855,61.36195,414.18842,30.123013,430.5027,396.67288,410.74136,19.763664,2.0021148,21.042358,19.051895,19.666107,0.0091901105,1.1443003,1.1145197,0.05259091,0.0074558984,118.78356,15.513635,132.03906,109.35163,129.4235,0.17254251,0.37440524,0.21738437,0.0765497,0.0026247841,29.973932,9.111697,35.466953,23.813864,25.676695,12.663283,2.7316315,13.427472,11.227932,11.079996,146.47435,17.553951,150.25978,133.203,142.20305,79.01535,14.907018,92.24875,66.00917,93.10411,0.15388556,82.877304,25.061274,95.75962,69.384544,74.56245,407.13998,1.8701516,-0.057781532,560.2278
2.762253,1.3511658,3.4480176,1.6878965,2.6328745,-0.7805963,-0.67229366,1.5316676,1.8522211,0.25306046,-0.0045541376,-9.250659,-12.38224,-21.798725,0.16985036,-0.2020007,-0.044997502,-0.13235575,0.052820183,0.25785694,0.05766071,0.21752022,0.20781928,0.04051784,0.045362882,-0.5197187,-0.49274245,1.9519674,1.9505283,-0.3232443,1.894804,47.952686,0.78324664,0.80173564,0.93112296,280.40268,309.00266,348.94403,310.60742,-54.16698,4.4581156,20.372322,36.439228,13.349399,18.216185,2.3170831,21.824862,16.706007,21.651672,0.9271304,0.014813719,0.9272272,0.9051707,0.904978,7.758686,6.24653,13.159698,4.8394947,9.621449,0.10591118,4.2920136,2.3828053,-2.1444528,-0.036400765,-8.232224,5.8524733,-4.8032446,-10.606955,-11.019892,9.788682,8.71011,16.673094,6.7716484,16.31579,0.03971807,-0.35320848,0.7241842,0.09328511,0.12624219,5.547786,0.69084567,5.570687,4.5108767,5.096223,6.9568396,0.39717144,7.8395214,6.760374,7.6520777,4.2196693,0.38971776,4.6625314,3.823697,4.255022,6.5872393,0.42474812,6.36538,6.2489176,6.4648113,7.211234,0.6245869,7.4532833,7.0065484,7.678737,7.606478,1.424076,8.146432,7.5199747,8.564646,431.0469,8.39724,12.407994,18.819761,1.1891191,0.8622367,34.600964,21.227743,63.061295,14.190459,16.071583,14.90836,9.555299,18.702986,5.1807365,8.550035,100.259476,83.15783,135.93613,39.04601,109.693565,61.052986,9.169937,65.87082,55.196083,57.46385,586.1645,27.172525,442.0374,417.77835,409.05905,20.759209,1.8103985,20.11953,17.077093,18.564222,0.0009475537,1.1887194,0.68134356,0.006372476,0.0074466113,145.26349,28.246021,206.51242,127.301346,162.72629,0.09314096,1.3674692,1.3552601,0.005989834,0.0051559964,27.487131,6.878202,32.282066,18.082436,19.007738,11.040756,2.0000112,12.928406,10.723179,11.045643,233.87637,40.61038,236.6147,151.11595,169.48012,85.3186,42.66329,124.31773,61.370125,76.533516,0.13445728,71.59368,8.568181,75.10847,58.49496,56.179234,545.3549,1.9012991,-0.035374302,635.2478
1.2165728,1.5039413,2.4334784,0.8546937,2.2651575,-0.92908967,-0.59191334,1.561796,1.9600344,0.2552471,0.023836408,-6.538167,-6.639639,-13.790696,0.17571183,-0.19854517,-0.01794974,-0.10872401,0.03353921,0.26688644,0.062010378,0.22714294,0.23082797,0.057384547,0.055088356,-0.48736787,-0.4599545,1.9548025,1.9490715,-0.2733879,1.910744,48.877163,1.0068046,0.92759824,1.0134841,187.74019,255.27621,299.49777,257.7115,-54.185215,4.440048,19.760336,35.899292,13.1857605,31.92319,6.0136604,27.915173,23.601192,28.461334,0.80557007,0.057458103,0.8381075,0.8136478,0.81527185,4.6963944,1.7793891,2.6671147,1.5317527,2.9711914,0.6105542,2.0637615,1.4375271,-0.68685067,0.47790897,-3.1194856,2.6945329,-2.1021814,-5.373691,-5.5904913,5.1242647,4.5940666,7.5537505,3.4339585,6.2475057,0.06768303,-0.34575546,0.76668197,0.04901588,0.24190177,4.197187,0.5122689,4.622942,4.0519094,4.4863443,6.6236863,0.4793355,7.1690726,6.2675877,6.8413477,4.1493263,0.43262452,4.466499,4.018873,4.379636,5.9627156,0.71002537,6.7064295,6.226611,6.180628,7.29566,0.34674683,7.5418816,7.051577,7.246451,8.015209,0.6218926,8.639503,7.7390666,8.166215,387.58984,16.751688,9.855321,13.60711,6.264873,5.8617687,17.404762,19.434881,15.9848385,13.736863,9.304275,13.602366,10.554627,14.744902,10.608218,10.46415,61.51491,14.040839,60.88093,36.64839,44.590534,68.23991,8.057126,71.23621,70.809616,69.9345,385.90778,9.499306,375.96085,368.805,368.3943,20.518064,2.904321,19.814302,18.854328,19.334417,0.3878242,0.20684005,0.6031159,0.02653462,0.08760597,125.79282,9.706324,111.704956,115.49326,110.73461,0.4319214,0.49827757,0.96435153,0.12578617,-0.011862389,27.046507,7.9141116,30.89062,28.751322,23.100618,14.288245,2.3851666,16.801931,11.7550535,13.528144,124.59502,11.24357,143.97955,119.44015,118.61244,68.42614,14.25554,85.83613,52.387123,65.73197,0.20429082,91.09828,13.790884,95.07324,75.62565,78.56013,408.81235,1.7881461,-0.05662465,489.93607
2.9333448,1.2239336,3.080565,2.2268605,3.4795194,-0.7975404,-0.6702172,1.5164707,1.8419261,0.25353846,0.0021561345,-9.926707,-10.435635,-19.979528,0.16513306,-0.21571903,-0.042133175,-0.1303773,0.05229535,0.17042606,0.0060333256,0.22169837,0.2230857,0.043131497,0.057066943,-0.49366143,-0.486762,1.9364028,1.8499241,-0.3174022,1.9048785,48.14871,0.77579004,0.7248072,0.91920793,284.50244,294.78705,342.6571,298.1472,-54.16355,4.0815787,20.153614,34.62922,12.380064,18.486998,0.6093018,19.401443,17.496023,19.488712,0.9245721,0.0016528508,0.9238676,0.92455596,0.91995466,8.172651,5.3989806,11.858966,8.230939,14.013202,0.07476018,5.618372,2.1874683,-3.5889332,0.1931226,-8.62168,3.206742,-7.909082,-10.6272335,-6.9237223,14.082085,9.0246315,14.317062,11.15402,10.816316,0.040735852,-0.35233486,0.7474067,0.056940235,0.10313298,4.2270794,0.3358077,4.372535,4.2632437,4.489867,9.504543,0.457894,10.07298,10.259888,9.023418,4.230671,0.15369044,4.2318697,4.103391,4.2449007,6.1510925,0.09856162,6.120195,6.059714,6.333906,7.144077,0.13120106,7.320356,6.996748,7.0871634,8.243192,1.0224354,8.1755495,7.8818336,8.375873,355.30075,1.9224782,2.9688072,2.7216997,1.6945027,1.8762239,26.567858,0.453637,19.378881,12.405178,16.026806,10.3118925,2.591355,2.947276,3.9640472,5.860208,116.55277,63.758087,135.51973,85.704895,121.010994,57.64216,-0.6551313,55.6577,55.122524,60.608646,420.93466,4.128476,373.32834,366.59528,360.46237,16.204952,0.45696118,15.839703,14.993548,17.278011,0.000669513,0.34057805,0.22885752,0.0054618125,0.0074466113,196.6249,17.980604,188.82864,143.74966,191.07991,0.2282937,1.1984615,1.3923227,0.011503276,0.0051559964,21.181171,1.5960703,17.225925,16.475752,19.305784,11.32972,0.4875698,11.872357,11.169852,11.219604,242.87053,14.327191,231.1992,164.45747,194.16394,59.93685,20.231813,60.784584,58.69223,69.68087,0.12833643,60.451534,1.2621446,58.353928,57.837254,52.04458,500.17715,1.8794333,-0.040640276,550.3824
3.0553417,1.971097,3.9363306,1.8656356,3.313282,-0.77599514,-0.68717545,1.5311992,1.8659352,0.27060005,-0.0066765137,-10.064752,-10.725661,-18.746279,0.17105865,-0.22635013,-0.04548331,-0.13310774,0.04736125,0.16351512,0.044870924,0.22134782,0.20960447,0.045861017,0.0523946,-0.49443904,-0.48346975,1.954493,1.9509256,-0.3138596,1.8916044,50.16383,0.7901804,0.8034734,1.0410594,256.2501,280.4478,328.16232,275.2251,-54.16888,4.506398,20.141014,36.019295,13.250902,17.869766,1.7115209,19.760592,17.19834,18.844706,0.92333776,0.011323887,0.9317864,0.9213829,0.92570174,8.554609,4.5412226,10.036902,5.643137,6.990469,1.9168794,3.053282,1.8777536,-0.4867642,0.81585354,-8.6163225,2.0236459,-8.117696,-9.811522,-8.813891,11.600031,4.5942554,12.948663,10.134626,12.209259,0.040607076,-0.36123598,0.7193951,0.037671477,0.10249373,4.40229,0.2713495,4.611485,4.2764826,4.8090024,7.5992293,0.6751708,8.97451,7.1477575,7.732744,4.274823,0.12097904,4.3371553,4.0956764,4.3125486,6.2738934,0.2924574,6.982773,6.1264987,6.5448694,7.099792,0.27729255,7.4483514,6.9220915,7.239313,8.446599,1.3933326,8.839915,7.771273,8.309833,404.1569,1.7767359,5.449,4.4970484,1.0963702,1.9689101,26.795252,4.5518847,18.828362,2.479436,2.3804884,8.425745,2.9207382,9.482854,5.967752,8.22307,69.5677,21.504862,83.35072,55.76919,79.398315,49.623253,2.1903183,49.99731,50.025337,51.96975,415.32385,1.5085151,416.14075,408.35196,389.37152,16.001778,1.3532482,15.692211,15.704911,14.816983,0.014123665,2.2402892,4.2996516,0.006372476,0.0074466113,145.09554,11.702709,146.44675,131.69794,138.08145,0.21730354,1.5058806,1.7395446,0.005989834,0.0051559964,18.741257,2.6180534,20.14085,14.877452,19.60484,11.434871,3.6341956,15.8026905,10.744903,11.05182,174.79999,6.495068,161.11166,155.62633,154.7238,63.73952,2.9510179,64.05198,59.4884,68.791695,0.13435136,53.22665,4.2354507,55.676205,57.144627,60.378136,432.63916,1.8693098,-0.043979008,478.095
1.6843009,0.8444358,1.8388096,1.1377628,1.6367562,-1.030954,-0.56483525,1.5877095,1.9780556,0.28049704,0.020735288,-7.163224,-6.3208055,-13.208438,0.19891158,-0.22715275,-0.028726649,-0.1285532,0.04062018,0.28913277,0.08691822,0.22652163,0.2236795,0.052889165,0.061661154,-0.50417167,-0.47141865,1.9570364,1.952098,-0.30762568,1.9122876,50.75852,0.9893091,0.900664,1.2812659,138.41335,241.04665,288.6517,223.04738,-54.169243,3.971965,19.224592,32.559425,12.785115,19.149094,6.016448,21.09057,14.598464,19.44239,0.9200877,0.04550069,0.95757145,0.908557,0.92174906,3.9816923,1.3303094,3.7902102,2.520773,4.2014155,1.1202796,2.0575128,1.5546104,-0.4454795,0.43176877,-5.7926903,3.0289454,-2.8987994,-5.8788104,-6.089485,7.3219333,3.6706212,8.34315,4.1562595,7.7859664,0.06711199,-0.38728213,0.7787536,0.09038227,0.37563577,4.180624,0.35634795,4.3318086,3.9059649,4.2880692,6.463827,0.37750396,6.4585085,6.2493176,6.4412665,4.0248117,0.3759599,4.171274,3.7956479,4.073636,6.060966,0.30101985,6.4075503,6.044987,6.0481906,7.156361,0.21725705,7.266886,7.051876,7.2237635,7.530783,0.37974462,7.951869,7.4798064,7.598533,318.34488,0.47099957,3.5956054,0.77227396,-0.028094525,0.23722936,1.3562716,5.1250644,2.259423,1.0908333,2.0601943,6.882156,6.665431,9.2029,3.4213064,4.888187,37.700676,10.257825,43.17968,33.409073,38.72916,52.447754,6.1221685,57.683857,51.835987,51.74717,301.76694,6.764648,304.41586,299.04367,308.45728,16.813332,4.2393875,18.949081,14.67281,16.112513,0.0014335593,-0.053931892,0.047584638,0.0063891625,0.0081450995,96.37925,5.1133747,100.15739,94.0011,96.999886,0.09228074,0.12483983,0.29121754,0.00685461,0.0028108733,17.247831,5.481113,21.202879,14.530485,15.789413,10.16396,1.8397994,12.010517,9.95959,10.148628,98.423775,9.776729,98.93835,92.46891,101.21747,55.05655,13.95417,62.531723,46.373833,55.757267,0.17485526,53.15961,7.270099,59.59618,51.580997,51.816788,311.3184,1.836057,-0.050654337,366.80292
3.3934422,1.7720428,4.4118757,2.21841,3.5450394,-1.2948828,-0.4907434,1.6086788,1.9699652,0.2896233,-0.006156193,-8.151174,-9.470392,-18.660973,0.19186802,-0.23597354,-0.048882388,-0.13815063,0.058964778,0.20309934,0.07288067,0.2013067,0.14980689,0.056581337,0.086287715,-0.5203099,-0.47296184,1.9547083,1.9441307,-0.32558143,1.918422,52.422092,1.0139481,0.8598786,1.0767742,200.77145,282.32138,343.29022,274.76312,-54.154945,4.349843,20.103767,34.85814,11.084224,16.518747,2.2008069,20.099537,16.841772,18.815777,0.92738444,0.0034783515,0.9337551,0.9255802,0.9269766,8.426801,3.5226183,11.027676,7.9300084,7.8415008,-0.25670388,3.3343604,1.857183,-1.3632551,0.43055233,-8.014377,5.3458767,-6.38539,-10.017597,-7.5536776,12.061556,6.418051,12.075306,10.347757,11.683674,0.03868447,-0.3738844,0.72829604,0.05618876,0.10635148,4.161265,0.30605227,4.4021354,3.9680166,4.338615,7.195931,0.4265374,8.566231,6.8587804,7.9351263,4.0560603,0.3295699,4.34316,3.93288,4.0202503,6.6352553,0.29317233,7.082445,6.604763,6.800336,7.1849093,0.24959372,7.5326786,7.088522,7.413702,8.325582,0.7695304,8.160612,7.6736674,8.817779,421.65875,2.1457791,1.4447666,9.571527,1.2143863,1.4891845,25.306602,4.4181333,69.004654,1.5399493,2.3804884,7.34941,2.0480134,11.280719,6.183956,9.533584,85.210884,12.634002,100.379395,74.650345,88.7357,54.971424,4.5468016,55.90915,50.485172,52.870766,393.6374,0.40054077,372.0608,297.70898,381.5268,18.331352,1.1392021,17.911804,16.171824,16.345663,0.0009475537,-0.056139573,-0.068680465,0.0058848634,0.0074466113,122.47689,18.906683,115.43411,129.88644,129.95427,0.09906607,0.12483983,0.14223927,0.011402575,0.0051559964,21.943716,4.1808724,21.391628,16.4298,19.701935,10.939905,0.71235955,11.255529,10.632605,10.872928,151.18396,11.902152,167.28477,145.22049,154.29163,54.378513,7.806145,62.96014,49.28674,58.49551,0.14157675,60.196808,4.7256165,67.2214,57.57004,59.441563,439.78275,1.9067701,-0.04262165,518.7427
3.8000295,2.6322591,4.729555,1.6715024,4.884861,-1.2739968,-0.62185794,1.6278379,2.067448,0.23259562,0.021011762,-4.7591605,-13.121543,-17.983437,0.16507052,-0.19176835,-0.022468586,-0.109937005,0.03259572,0.21520528,0.08556296,0.23777004,0.23815298,0.044093624,0.04391825,-0.46506664,-0.46764785,1.9494145,1.948021,-0.28582823,1.8826472,51.534683,0.92952526,0.84947115,1.07877,256.05756,322.135,347.62964,346.04367,-54.19063,4.9184074,19.930204,38.178703,12.895839,19.43356,5.809325,24.911303,18.598564,22.911957,0.93509597,0.04424052,0.9263982,0.8791004,0.8898576,8.966435,10.620987,17.669426,5.571327,13.791396,-0.42635974,8.921292,1.7462447,-4.736704,-0.14069088,-7.894194,8.723528,-5.509876,-11.089274,-10.4297695,16.07751,15.834801,20.281204,8.470796,15.906122,0.059671856,-0.32086965,0.70174676,0.082591005,0.26743564,5.2323904,0.71485156,5.493453,4.7357836,5.087354,7.7919106,0.3892364,8.268249,6.5010076,7.5930653,4.7219768,0.62166417,5.013968,4.655456,4.870855,6.413392,0.51229495,6.7590857,6.166243,6.388622,7.0528255,0.6174545,7.845711,7.0043426,7.420839,8.769725,0.19979718,8.900554,8.270868,8.673097,449.07184,16.07333,9.726547,6.8929405,4.6939507,2.904922,27.553537,16.381483,23.925783,6.623656,6.3542686,14.512263,14.282208,17.866095,6.701996,9.305935,58.58665,29.511753,65.32229,41.167484,54.298225,67.93921,7.29752,67.69642,59.960167,57.842983,482.2609,9.168752,450.27225,469.1259,449.76855,19.174923,2.9556978,21.245495,19.487679,19.509151,0.1228195,0.5338055,0.41390547,0.010521025,0.01601917,144.20282,11.513326,149.18465,149.46251,135.21327,0.31513944,0.5294498,0.7519406,0.05318548,0.005216785,30.515186,8.682451,33.87077,24.14393,21.243763,14.384628,3.1060734,15.035962,10.801486,11.521727,146.10034,6.261524,160.42845,131.57324,153.5488,88.41425,16.182383,93.01291,70.138016,89.36672,0.17289641,79.7171,18.162634,86.40244,62.120827,61.753006,482.72125,1.8298498,-0.068221934,563.62634
2.0275013,2.140251,3.4686425,1.099711,2.556193,-0.893602,-0.60726583,1.4841033,1.8915489,0.25342232,0.027286228,-4.7552958,-8.953188,-14.055191,0.18135314,-0.21013966,-0.018432567,-0.11372286,0.03172408,0.37267494,0.073853485,0.21739456,0.19151433,0.04574967,0.047094963,-0.44617668,-0.4468873,1.9522399,1.9482075,-0.29395494,1.9220278,51.565414,0.82167995,0.70559853,1.2250068,273.3432,303.43185,350.72623,291.58725,-54.193626,4.5028005,19.431253,36.781216,13.035396,20.46959,8.094549,26.286983,18.346203,21.586206,0.9035516,0.07430642,0.93421614,0.86836153,0.89410865,9.860283,5.77483,11.409128,3.8899488,10.531119,-1.2384461,6.0480833,2.1065264,-4.678452,-0.09092467,-8.160107,4.256801,-4.156073,-9.465695,-8.442549,12.073176,4.9070554,14.504631,6.647266,13.411458,0.07223865,-0.35256267,0.74987614,0.04195009,0.5034989,4.0614533,0.94011563,4.541948,3.52326,4.0921345,6.7923007,1.0697899,7.0364966,6.370234,6.8667426,3.8715026,1.0333481,4.5276513,3.5674665,3.8354533,6.3842874,0.76712567,6.9621725,6.152949,6.498906,7.2018533,0.8446548,7.670963,6.8020797,7.4174356,8.1361885,1.8029333,9.448857,7.822424,8.730814,401.75256,18.078417,15.146838,16.387484,1.5014008,1.4841629,26.754162,17.413078,31.553616,6.68198,9.124829,14.160025,9.930002,15.457002,5.697978,8.130843,59.010548,49.07386,87.3555,37.74712,54.742054,67.46922,12.6638155,68.48092,59.65384,57.332535,350.7384,30.19491,371.45084,340.9578,378.20935,20.927063,3.818157,21.27978,17.849588,17.267809,0.01922784,0.8012312,0.7139074,0.009580367,0.0074194027,127.19798,18.491613,129.46442,118.26259,122.51114,0.13246763,0.5003196,0.7341193,0.077040166,0.0051559964,32.69757,9.0081415,31.15578,19.992863,22.060333,13.092816,4.2933073,15.070024,9.781179,10.201244,128.98283,19.122618,139.36427,118.19971,119.338646,59.14612,27.796848,67.36552,34.221348,70.58794,0.1831854,93.37386,24.562428,85.621216,61.745186,61.270966,368.31265,1.8168025,-0.065179236,526.60455
2.7637646,3.5954406,4.481459,1.6769236,4.713388,-0.81749517,-0.72072846,1.4984756,1.8628008,0.24979892,0.017798338,-7.8402457,-10.799767,-17.849197,0.18564208,-0.2047078,-0.021693502,-0.119943194,0.03568492,0.3110828,0.10833967,0.23285954,0.21959132,0.03827615,0.0435188,-0.47572592,-0.46588403,1.9518378,1.9508541,-0.2952432,1.8939937,49.641712,0.7892162,0.7226523,1.0782424,292.01355,309.8503,353.12744,316.34186,-54.183575,4.705705,20.039673,37.5347,11.687896,20.980808,4.4514914,23.088337,19.537561,21.899946,0.90235955,0.049158953,0.9326935,0.8672839,0.89203995,8.164054,9.437053,13.364675,5.0206404,10.455156,0.3409155,11.872007,5.4206905,-3.9938087,0.19791268,-9.607255,10.65353,-3.5757926,-14.265736,-8.105929,15.291199,9.559911,19.881342,6.383053,10.37472,0.057912596,-0.3561384,0.690195,0.13712674,0.37473452,4.8257747,1.2973369,5.880948,4.2736864,4.716275,8.390564,1.4244089,8.519568,6.4801946,7.398699,4.346302,0.86110246,5.0197654,4.4285226,4.420052,6.807142,0.5893566,6.89224,6.244187,6.297252,7.22875,0.23914458,7.282829,7.024545,7.0192924,9.252042,2.803527,10.479191,8.538839,9.220229,458.9133,13.420535,14.073772,19.936115,3.697493,3.6179593,27.67652,25.389013,31.581755,10.521702,17.698692,13.86396,8.206751,13.702766,7.540657,10.758831,78.342926,87.051,93.23229,39.05965,64.44563,60.86517,9.171119,60.54291,57.170643,54.38946,481.462,31.270048,495.12622,393.91376,433.6613,19.307985,3.44983,20.330236,17.818996,17.023476,0.011817603,0.9127136,0.60159975,0.095996335,0.0074194027,142.46375,47.050373,161.5188,143.95021,162.16273,0.31466484,1.2250857,0.9944363,0.18057558,0.0051559964,29.471983,6.2708817,29.5573,26.156107,23.654745,11.921228,2.1308007,12.984636,10.965121,11.330142,148.8246,25.645182,151.47224,148.23058,155.08185,73.54126,40.01436,91.79361,60.31162,88.93532,0.13773146,74.35322,19.278164,75.17358,58.531162,68.119286,457.46234,1.8430777,-0.06297341,635.6531
1.3840635,0.98470217,2.0143747,1.1851022,2.0810635,-0.7581145,-0.7132448,1.4923747,1.8207994,0.25227553,0.01944739,-7.480012,-7.7705736,-15.535483,0.18222488,-0.20849037,-0.028170345,-0.12044466,0.038976613,0.23633918,0.043722484,0.23325814,0.23365037,0.040673837,0.04434423,-0.46559,-0.4693251,1.9505309,1.949583,-0.2987792,1.8979605,49.686317,0.81409526,0.77801496,1.0261207,271.2353,305.58463,322.69766,304.13083,-54.185955,4.286906,19.766619,35.244736,13.303442,18.043034,6.6365113,23.639433,17.67462,23.306791,0.9430214,0.054826118,0.93750143,0.8871407,0.8870398,4.622584,3.5430582,7.450748,2.7425425,5.5084133,0.470316,4.7246366,1.7312737,-2.139323,0.48726872,-4.5213246,3.7489636,-3.4336004,-7.9328923,-6.581257,6.221412,4.6886334,11.111462,5.234739,9.698021,0.060864635,-0.3654488,0.7494093,0.038077913,0.30630562,4.2732954,0.33053908,4.4442782,4.1825957,4.3895454,6.52496,0.2603492,6.8268332,6.2352595,6.6159167,4.2674546,0.2831698,4.3933344,4.123735,4.31871,6.2116065,0.27663973,6.362626,6.045768,6.0343084,7.0412226,0.6992405,7.7825456,7.013539,7.776948,7.679179,1.1340702,8.569386,7.456407,8.532365,370.19937,10.644957,11.720866,17.270687,0.93416137,1.062149,16.8076,21.209326,22.605627,0.8101063,1.4702816,9.996369,10.1668825,13.436107,4.4640794,5.7225647,51.112713,14.076977,59.627617,44.2606,45.46413,58.6651,6.3119593,58.55654,53.95342,53.447773,347.22375,12.5181675,356.45447,347.96902,367.72058,19.862106,3.0813355,20.326782,16.602488,16.089485,0.434922,0.3397727,0.48006684,0.006372476,0.0074466113,113.552986,6.162426,116.66649,108.18576,114.38964,0.71555626,0.14265981,0.15429305,0.005978696,0.0051559964,26.675325,8.790208,27.926651,17.314941,16.757978,12.34794,1.2948666,12.106853,10.744058,11.396433,117.297615,10.535222,124.3726,112.47652,116.62795,60.519268,14.584838,68.22351,59.34815,63.666283,0.19313306,77.97614,16.40916,66.83001,54.900314,55.122448,362.88882,1.8224188,-0.050788924,429.84613
2.5709105,1.2765042,3.6100757,1.7920182,2.633628,-0.7677405,-0.68441385,1.5176601,1.8448731,0.26394728,-0.0047839396,-9.000113,-11.731532,-21.02684,0.16954874,-0.22162928,-0.04539118,-0.13295174,0.05729276,0.21025637,0.055474915,0.21859062,0.20209369,0.040902775,0.044634696,-0.5083527,-0.49103013,1.9520013,1.9503591,-0.3151084,1.8949349,48.097507,0.7781945,0.79087913,0.95634615,274.6294,305.9242,342.95886,301.52054,-54.165718,4.2312675,20.253141,35.97891,13.246028,18.404018,2.7345796,22.520569,17.486155,22.624046,0.925767,0.017529527,0.92156476,0.8978003,0.899486,8.061327,4.8210196,8.950575,5.6235833,7.100724,-0.07579866,3.7996824,2.432789,-1.5588298,0.43642855,-7.8643126,3.2865453,-6.421512,-9.385914,-9.3921995,9.728417,4.649145,11.937837,8.4493265,14.118887,0.040910516,-0.36598724,0.73820037,0.099556096,0.15023397,4.2643175,0.19884843,4.769084,4.259919,4.523381,6.984345,0.36723244,7.6006837,6.9361696,7.582071,4.150429,0.14327706,4.391272,4.023108,4.2293906,6.481384,0.17117016,6.359575,6.235972,6.673638,7.159589,0.5962715,7.5394998,7.088724,7.6459413,7.8347077,1.4197806,8.684121,8.132911,8.740141,396.28247,6.1191483,11.093694,14.312728,1.1891191,0.8622367,21.083197,13.33751,41.830696,2.5890694,1.878353,15.239967,8.064753,18.483002,4.9495144,7.0565624,70.699265,35.98948,71.68176,43.450264,67.678986,57.441467,3.794376,62.09131,54.022312,55.127934,494.84528,19.593554,403.2336,360.32352,379.89597,20.151268,2.5682027,19.259163,16.629295,17.481394,0.0009475537,0.67893684,0.27905115,0.006372476,0.0074466113,129.70908,15.197204,167.99995,110.96242,130.36935,0.08299962,1.2319202,1.3442765,0.005989834,0.0051559964,27.186228,6.760402,31.034964,17.203142,18.55301,10.796844,0.6119342,11.620511,10.780987,10.9977,181.8874,35.51894,159.85568,135.8604,139.67014,60.749695,8.088029,75.392105,58.992294,66.79615,0.14109202,69.66267,8.677108,71.13909,56.988655,56.179234,439.767,1.897397,-0.04008837,515.54596
2.0493374,3.0378058,3.6001403,1.2253077,2.7676628,-0.7526591,-0.7142129,1.4732736,1.7922101,0.25454572,0.0011717052,-8.828446,-9.949129,-18.508337,0.18264395,-0.21632881,-0.03773418,-0.12824014,0.04529559,0.23908366,0.037306525,0.226111,0.22812793,0.03839659,0.038174625,-0.46824333,-0.4718838,1.9508511,1.9503593,-0.30749375,1.9014808,48.966167,0.89100236,0.84184307,0.89816004,294.34436,286.33444,323.5683,296.08218,-54.176743,4.504689,19.957178,35.705967,12.947057,17.662676,0.7457448,19.140623,17.984142,18.33446,0.934999,0.010317499,0.93274534,0.9260817,0.92943084,8.589512,7.769942,14.125945,4.5378966,8.792628,0.30166292,10.060593,3.7897894,-3.359393,0.25691155,-8.326739,10.154537,-4.262552,-14.217687,-8.263703,14.065467,8.14942,19.068567,7.2201123,9.231234,0.040969133,-0.35173407,0.6875468,0.016490934,0.21947101,4.465026,0.67552817,5.088177,4.3448386,4.6044564,10.34196,1.1981171,11.5315695,9.58299,9.31901,4.2671046,0.175497,4.4192204,4.284199,4.2643948,6.5757236,1.0261943,7.0622663,6.1528745,6.220546,7.009657,0.071638525,6.9822884,6.938054,7.0051317,9.449476,2.259882,9.509647,8.092651,9.55766,455.62598,1.0229129,3.2345288,6.220531,0.423812,0.33390263,3.3611076,7.626553,4.2895265,2.3299267,1.8375154,3.0580971,2.4931788,2.132651,2.3375938,2.4288769,87.83898,44.28936,99.18898,91.32264,90.6261,53.914345,1.6529999,54.27351,52.204094,51.267056,459.18497,4.4883127,477.0697,437.66623,450.54578,14.169328,0.5985799,14.166142,14.739976,14.588741,0.005171154,0.17542407,0.13195643,0.0064102574,0.0074466113,158.41333,15.862834,156.46097,159.23328,181.72867,0.11727605,0.30633488,0.26308936,0.01421743,0.0051559964,14.967416,0.98180175,15.437309,14.613406,15.057321,11.943986,1.2123283,12.334723,11.280469,11.345605,167.4657,8.751708,159.33075,173.13133,177.8452,64.25949,5.7931647,69.277824,59.729942,72.55043,0.10296207,54.265404,5.836745,53.54132,53.990353,51.925903,434.05533,1.8493894,-0.050047852,553.79846
1.3858845,0.3171706,1.7373453,1.3311427,1.613467,-0.74722886,-0.7132448,1.4578265,1.785454,0.268989,0.01516025,-7.620436,-7.4272966,-14.538748,0.19609477,-0.22310601,-0.029064052,-0.12584414,0.04142457,0.3481278,0.041156705,0.23000373,0.22430867,0.03873611,0.041349944,-0.47484726,-0.4721425,1.95257,1.9514718,-0.30271593,1.8941969,48.721764,0.7964628,0.7461236,1.154613,280.4913,310.13135,329.66116,306.15125,-54.182087,4.270022,19.573874,35.25426,13.128435,17.973394,4.031514,22.140182,18.404459,22.354548,0.9268559,0.03049609,0.92831594,0.89879847,0.90033203,4.909182,1.2228771,5.8187513,3.4839163,6.437811,0.23253931,2.918498,1.6873527,-1.0020989,0.45159456,-4.834733,2.2041066,-4.52311,-6.9047585,-6.836558,8.281844,2.0534556,9.492407,6.0538373,9.077869,0.058377214,-0.38889438,0.76059407,0.038077913,0.4610852,4.284926,0.1108771,4.3153863,4.2264175,4.3840165,6.612292,0.2053719,6.757503,6.5216327,6.647054,4.261416,0.12276884,4.2474637,4.165312,4.207376,6.137953,0.14019209,6.3425913,6.0382385,6.083338,7.037447,0.5834224,7.5645356,7.0283747,7.6269403,7.4008336,0.69700396,8.220246,7.421766,8.051684,340.1177,0.564027,1.1650406,-0.48465607,0.16800196,0.360998,0.1563827,0.6293772,0.09335703,0.35529122,1.4702816,7.116137,3.231048,8.223463,4.4099417,4.5296597,50.278152,6.4357967,50.220543,41.201504,43.50597,56.320305,4.3832426,55.93193,52.890736,51.411304,317.33255,0.12315861,323.33298,323.3803,336.5537,18.417252,2.461333,18.458603,16.265526,16.355207,0.0009475537,-0.057103626,-0.041382704,0.0062520695,0.0074542775,105.18572,1.4785337,105.645294,100.161934,102.86503,0.082795985,0.14265981,0.15429305,0.005982866,0.0051559964,18.842024,3.051838,19.049711,16.042517,16.057928,11.077749,0.40164477,11.347112,10.977401,11.107325,110.19146,4.167915,111.86254,105.036354,104.91149,61.168797,5.2932467,61.137886,59.97874,60.856346,0.17172909,56.361248,7.0321455,56.265686,52.39867,51.55955,328.92905,1.8401008,-0.04834053,372.45847
4.004555,2.1957662,3.6818724,2.3833163,3.9936538,-0.7885513,-0.6534324,1.5132692,1.8218306,0.25919825,0.0038151366,-7.1804085,-10.305557,-17.353888,0.1680946,-0.21827102,-0.034238905,-0.1289042,0.05496875,0.13957895,0.057704046,0.22388244,0.21229209,0.05467454,0.074035056,-0.46751216,-0.46926853,1.9354225,1.8540324,-0.31044966,1.8941393,49.860413,0.9456446,0.7166812,0.9797121,267.00616,286.00192,337.86322,306.88373,-54.1794,4.5688276,20.349743,39.453697,12.972882,17.944216,2.896569,20.326555,16.203732,19.449984,0.9325575,0.021515157,0.93346035,0.9188579,0.9219002,6.188854,5.6360884,10.046643,5.9284782,8.789088,1.436046,4.0612154,1.8427695,-2.2021208,0.07555564,-8.971607,3.9135375,-8.800457,-10.152086,-8.929286,10.224313,6.2271223,14.023174,13.17802,13.958524,0.047332436,-0.3639166,0.69584763,0.059503693,0.16355038,4.4611197,0.31215072,4.676824,4.2685547,4.700343,8.405962,0.6783552,9.454329,7.3715887,8.261735,4.220723,0.23402223,4.4780617,4.080119,4.342887,6.5524206,0.62169564,7.1455064,6.622037,6.7010994,7.2090883,0.2547602,7.577638,7.019742,7.4174194,9.23895,1.7222385,10.389392,8.110325,10.350103,506.00348,9.058632,6.7275457,6.959042,0.5448368,1.2167764,17.22849,11.178366,32.05285,2.4982176,2.7040324,13.141348,5.5286603,16.081219,5.655886,5.5853596,103.57389,19.840689,130.28435,90.39086,96.518974,57.219997,8.8293915,60.102924,55.20575,54.428333,514.13385,16.674381,485.0594,512.4557,466.7209,19.446383,2.8992941,19.722097,16.636671,16.61258,0.0034164744,0.10004037,0.029442847,0.0064449087,0.007467947,184.9943,5.5137033,152.0446,177.7085,174.47343,0.14312449,0.1899476,0.18114778,0.0061656456,0.0051559964,28.243895,8.514316,34.289906,17.97758,16.62094,11.3888,0.6334034,11.403463,10.933338,11.325279,214.015,17.084417,176.17833,190.87637,190.22493,67.66408,8.373927,71.47165,59.177986,69.24336,0.10091722,67.10196,13.668627,74.28843,60.986618,59.801525,538.5524,1.8498293,-0.052227,618.6023
3.9531443,2.583923,4.946719,2.052695,5.14563,-1.2422705,-0.5843862,1.56448,2.0450797,0.24742861,0.006216498,-9.613053,-12.318621,-19.58384,0.15670809,-0.20777972,-0.03855493,-0.11759036,0.041236073,0.17600271,0.06679199,0.22136919,0.2183569,0.046236012,0.052847512,-0.47827834,-0.47988272,1.9504455,1.9469187,-0.30148906,1.8819532,51.572975,0.33541393,0.7959313,0.8432336,201.22757,281.0277,357.3787,292.76285,-54.186123,4.93889,20.059721,38.427624,13.4000435,18.143152,4.701547,23.726248,16.717062,24.355207,0.92730933,0.038655818,0.9368117,0.8806907,0.86145294,7.7221913,5.662926,14.061039,8.707494,10.373302,0.5903328,4.455122,1.8599136,-2.488668,0.35297292,-8.195861,2.3507736,-8.596231,-9.654514,-10.21672,14.048623,4.857356,15.667373,11.691692,15.318768,0.050846457,-0.33562544,0.70799005,0.07308216,0.14266188,5.8471894,0.50669056,5.718923,4.8032436,5.2664175,8.3687525,0.49895105,9.198978,7.9553714,8.499167,4.483249,0.3873099,4.8188443,4.332277,4.4741464,6.345571,0.37597853,6.9501967,6.138545,6.806178,6.9981704,0.5469224,7.5827985,6.829365,7.454322,8.531891,1.4120789,9.031363,7.8052506,8.236313,469.02173,17.329361,8.539411,9.142391,3.1270459,2.871563,45.81534,10.088894,48.242092,3.9553084,2.79496,14.042455,7.4230847,15.810465,6.2655225,10.803525,76.11759,2.3248081,83.25164,61.572155,76.943085,61.10531,5.650065,60.379753,57.229687,57.1526,520.2852,6.6313996,491.30463,526.74023,449.14456,18.070818,1.6468763,19.426449,17.81517,17.862612,0.07015706,1.703054,3.0885973,0.006387142,0.0074541466,153.24371,14.005577,165.4462,157.72493,152.62885,0.4105707,0.87588334,1.1035273,0.006449653,0.0068033054,25.9984,6.5576735,29.732597,21.612118,22.41356,13.8504715,2.3345714,13.657703,10.843376,11.898187,186.44449,6.670155,179.05133,162.82893,172.07837,108.35833,13.96172,116.67395,68.27551,82.52908,0.1688486,90.96939,13.815328,73.024345,64.13618,69.07183,470.0679,1.8442482,-0.055569433,578.358
1.3837192,1.4188691,2.2737405,1.3464369,2.0169942,-0.79075265,-0.65280557,1.458007,1.8135178,0.25813356,0.0069357227,-8.383833,-8.012296,-17.20647,0.17861924,-0.21359845,-0.027479375,-0.1202407,0.03971277,0.1555571,0.049667474,0.23130573,0.2249623,0.040918987,0.04676094,-0.4859491,-0.4825649,1.9499661,1.9442586,-0.29646105,1.8886777,48.106316,0.83539104,0.7895287,1.0381624,267.3184,300.9011,325.69467,301.3038,-54.174442,4.5442653,19.851439,36.449856,12.939197,23.539598,5.946371,26.169392,21.95334,26.092358,0.8118663,0.04099527,0.8768888,0.8540726,0.85953385,6.6925607,2.9002721,6.943579,5.5330043,6.721461,0.67567796,3.1222384,2.4438808,-0.4380174,0.7270986,-6.49915,3.6879559,-6.2377067,-8.693839,-7.753901,9.583805,4.508599,11.61566,8.897269,11.745222,0.055958368,-0.37672415,0.7457738,0.0422061,0.15397069,4.3910456,0.6102237,4.4798794,4.1529603,4.2957215,6.7409654,0.6190256,6.719296,7.162125,6.7867503,4.1666555,0.3298041,4.5016017,4.004904,4.328511,6.274149,0.636685,6.3610854,6.3425565,6.29876,7.1223645,0.6583863,7.524632,7.0244894,7.6505885,7.370135,2.0587966,8.968335,7.5774016,9.183318,367.4267,13.925685,13.38036,11.325313,0.95099366,0.51667345,39.204758,20.152607,36.79129,0.32484755,1.4702816,17.80238,11.889763,15.796237,3.940583,4.5140433,60.074768,36.225056,74.02782,40.869038,44.32166,58.129898,7.996069,61.347996,56.43462,53.020245,366.83203,37.091835,361.87427,381.01074,376.39688,20.914642,3.8386486,20.708252,16.220377,15.907738,0.004992007,-0.020285703,-0.023630468,0.006382361,0.007456702,128.25087,7.450429,118.48731,114.64524,114.93232,0.083004504,0.14265981,0.15429305,0.0060086,0.0051559964,32.843494,12.958445,29.640417,16.061398,16.836256,11.078448,0.78088176,11.916679,10.741498,11.197656,133.2995,16.33191,118.25404,111.51644,117.035515,61.01333,11.563386,68.41428,59.27511,61.239513,0.18150204,71.04709,15.656038,71.699295,53.841248,54.976868,365.33322,1.840523,-0.050858427,417.39975
2.714401,2.4743712,3.917263,2.087303,4.5039687,-0.80744296,-0.70123583,1.480826,1.8020325,0.2782837,0.011254884,-5.9994335,-10.935154,-16.91827,0.18918583,-0.22860351,-0.03417925,-0.12900726,0.04946116,0.36468276,0.099515885,0.2141687,0.20382969,0.036547985,0.042182453,-0.48771024,-0.4759316,1.9533079,1.950679,-0.3201098,1.892412,50.211422,0.80135256,0.7694005,1.3127412,286.60086,305.9075,341.4618,310.289,-54.171135,4.6409917,19.64671,38.161945,11.936116,19.96354,2.9364727,20.689905,17.784828,20.427473,0.92016345,0.016514247,0.924884,0.9000079,0.9102333,8.518257,7.1102557,11.383892,6.5849557,9.519454,0.22525853,5.6645603,3.8821204,-3.5841346,0.35614222,-9.553327,4.810949,-6.7762175,-10.440072,-7.2033076,12.936894,2.7400627,16.240454,8.481357,13.243375,0.053808104,-0.38983494,0.71829844,0.10709929,0.48668647,4.8696012,0.9285642,5.1208124,4.3662615,4.5506663,6.7237873,1.5610085,7.3091574,5.981253,7.1283336,4.2056336,0.4016533,4.682053,4.2472014,4.2950563,6.5297923,1.0325997,6.9576697,6.142679,6.2366457,7.1899843,0.44112834,7.3760805,7.059249,7.325413,8.394267,1.9777491,9.589994,8.20311,9.140833,407.06268,5.725299,5.947938,9.84799,3.7172434,3.1990569,19.476767,21.465063,28.607162,9.806273,16.143131,13.829584,9.188302,13.525689,6.4312925,9.574692,67.03418,40.164272,82.79589,31.773132,53.275665,58.075733,8.841885,57.817192,55.722847,51.298454,407.26254,17.830784,405.5756,347.50082,379.55063,18.948843,4.440611,20.525383,17.294048,17.159595,0.007593995,0.32105377,0.15311718,0.047963016,0.0074194027,123.93507,55.792374,116.34498,115.37526,120.24339,0.28016654,1.0380425,0.93368626,0.18053105,0.0051559964,25.109478,7.3835692,26.750307,25.475357,21.625515,11.101841,0.9817967,11.501444,11.050853,11.218691,131.00513,22.174704,132.8318,128.15958,124.01065,67.33966,22.263494,71.02293,62.44268,76.27344,0.16879885,61.152126,15.708255,68.50656,51.35088,56.443172,388.3412,1.8763818,-0.05491091,459.07794
1.7093527,2.414567,3.2157533,1.053854,2.3293934,-0.8926398,-0.6238902,1.6304849,2.053176,0.26501167,0.017491626,-6.798866,-7.3795695,-15.141619,0.20236447,-0.21608956,-0.025731305,-0.12454579,0.039494127,0.25776502,0.038688418,0.21229781,0.18055707,0.045783926,0.0587384,-0.49448004,-0.45428953,1.9515556,1.9525572,-0.31773102,1.9364133,53.054623,0.8405051,0.75919306,1.0625468,105.9757,238.3767,310.45944,189.69275,-54.17658,4.468784,19.276531,34.786167,13.065071,16.43779,4.810358,21.404295,16.109608,19.891548,0.92598736,0.043363392,0.9417288,0.89630604,0.91879886,6.3640614,6.378215,12.212,3.9794896,8.389289,-0.027013687,9.212531,3.110541,-4.0453196,0.15203291,-7.2349877,7.7301254,-2.5059683,-11.461995,-7.384555,11.976072,8.098533,16.259512,5.5809054,9.418014,0.061044775,-0.37633717,0.7225973,0.040432446,0.23456076,3.8796086,0.85940456,4.790928,3.4741826,4.0075026,8.038985,1.3539462,8.293108,6.2163076,6.942137,3.7635412,0.8244735,4.249907,3.4306521,3.6166148,6.6910233,0.64383745,7.023788,6.1530547,6.2797427,7.137944,0.4465342,7.274404,6.815436,7.11427,8.642308,2.6607656,9.642079,7.232433,8.914518,386.68472,0.7115223,4.653803,0.18481474,0.05013657,0.26010266,2.7059512,12.527605,14.108092,0.26686162,1.726992,5.087661,4.197855,10.111411,2.9724977,4.2750115,69.950745,76.05625,91.34463,56.54124,68.2001,54.701218,10.169867,58.67249,51.17928,51.60336,360.2603,10.546942,384.93488,355.45477,359.08096,15.018279,2.5526252,15.621787,14.822505,15.217313,0.005171154,0.17542407,0.11851797,0.055620387,0.0074466113,129.7225,14.527182,120.898605,114.16809,136.3988,0.087921575,0.31188285,0.20298932,0.0061561726,0.0051559964,16.709452,4.2323966,15.7552595,15.023465,15.251707,11.370605,2.0146375,12.318563,9.7834835,10.274459,124.48609,16.492544,125.404305,124.6084,135.31967,48.65318,21.811203,57.83712,34.69626,55.917374,0.14797276,55.835842,14.898594,60.39462,51.82923,50.22209,373.76886,1.8262783,-0.05126855,454.5728
2.4073834,1.581566,3.5427916,1.6905863,3.8334265,-1.236154,-0.453015,1.6360099,2.0682821,0.2477406,0.021084366,-7.1318283,-8.234491,-15.557005,0.17230597,-0.20093575,-0.022589194,-0.108969755,0.033570234,0.1907036,0.08488359,0.22076152,0.22251475,0.05385804,0.058491953,-0.4841682,-0.46878,1.9557415,1.9494565,-0.2976724,1.9171968,51.659863,0.9385879,0.9241661,0.9072776,152.62671,253.96529,283.3675,248.68411,-54.191174,4.446667,19.45279,34.882427,12.780474,20.35646,7.374981,23.66146,16.563044,24.322584,0.90919954,0.05937251,0.94951886,0.8737784,0.8813149,5.5703917,3.5180252,10.287433,5.2046866,8.997768,-0.84367234,3.2056293,1.416665,-2.7211757,0.0133176185,-4.8826475,3.2153866,-4.159915,-6.5624895,-8.074236,9.308728,5.9996195,10.546102,7.4550433,10.430416,0.06813167,-0.33318388,0.73148966,0.12665145,0.15543836,4.4836497,0.48802933,4.6205473,4.13718,4.5448084,7.945096,0.46867836,8.212246,7.9559526,8.133765,4.159611,0.41456112,4.3752885,3.8644514,4.0852256,6.3847847,0.5571061,6.8768435,6.1164746,6.447239,7.085295,0.5003555,7.495769,7.0034738,7.353227,8.2450695,0.36920106,8.759606,7.991321,8.057239,425.74274,11.658575,8.20148,11.102822,2.5821087,2.0318317,16.509602,9.691688,2.4102533,4.7349696,3.073749,9.318567,8.657146,11.331692,4.7230034,5.857677,76.66229,15.372043,61.5556,54.675434,63.62153,62.817486,7.3548284,66.54408,57.557644,58.541245,444.48355,1.7651836,434.63074,386.13672,410.33594,18.617823,2.4237962,18.719786,16.33826,18.122866,0.093506575,0.20200337,0.26946437,0.02013114,0.026552828,147.5554,4.9798784,149.0496,143.97028,136.17035,0.16961889,0.51609766,0.8807459,0.0032153798,-0.0022564938,23.662931,5.528831,25.533627,20.791666,18.581593,12.697348,2.562657,15.902445,10.102178,11.617236,155.88365,5.508858,154.80476,130.21056,142.45927,67.82929,14.63867,72.99112,46.854504,63.29152,0.16747259,81.52619,15.070357,84.98827,60.796608,75.33601,409.38,1.7992532,-0.058050264,525.5496
2.2747223,1.8857015,3.3743083,1.7484431,4.0298834,-0.81420743,-0.7133374,1.4929733,1.8044947,0.2582276,0.021572838,-7.3107023,-10.3559265,-16.462246,0.18572053,-0.21749242,-0.025666496,-0.12386854,0.038482867,0.35606986,0.09871071,0.23393765,0.21846336,0.037330348,0.042683,-0.47829217,-0.4702302,1.953133,1.9505737,-0.3000693,1.8925029,49.859676,0.81749165,0.7860434,1.3279,280.49786,305.68326,345.9421,310.1299,-54.18089,4.5566974,19.862862,37.671745,11.854071,19.824749,3.202875,21.146399,18.239157,20.681683,0.92077196,0.019343102,0.9237656,0.89856905,0.911977,7.108306,5.4803996,9.333816,4.1189356,7.4982853,0.3958201,4.72943,3.992486,-2.6250124,0.25651363,-8.305587,4.307813,-4.6078105,-9.24403,-6.734316,11.1886835,3.894752,14.393445,6.0087695,10.564871,0.061974015,-0.36691505,0.7241706,0.11743849,0.44555527,4.6474113,0.91761065,4.956831,4.2787175,4.439736,7.1731343,1.1628282,7.632846,6.318782,7.0419106,4.323727,0.34151173,4.573159,4.2719955,4.321701,6.528348,0.6282844,6.7977247,6.2185345,6.309329,7.248488,0.3664504,7.3593645,7.1741805,7.2121453,8.381048,1.9995611,9.998703,8.498375,9.376717,411.46353,5.6919966,5.9423885,10.289768,3.1202967,3.1990569,14.706994,20.675545,28.868074,8.915868,15.979599,13.493496,7.7222385,13.37896,7.7461753,10.334824,62.33114,43.646088,72.10611,36.73149,61.90903,55.276142,8.04324,57.695103,56.0879,52.298225,407.25803,26.318735,416.75122,348.55597,400.1137,19.475872,4.522987,21.596336,17.297129,17.3079,0.007593995,0.3019913,0.11741563,0.048137806,0.0074194027,133.0867,47.54692,120.26417,123.43374,126.414505,0.27643207,1.0380425,0.93368626,0.18131937,0.0051559964,24.960615,6.878935,26.933716,25.399498,21.716703,11.021493,0.83634514,11.511969,11.087763,11.391782,134.91615,24.951569,136.70387,134.20709,133.18336,61.456974,19.75848,71.10722,60.492302,67.72327,0.17388988,61.15122,16.027506,66.61085,50.490543,56.34887,423.8741,1.8510778,-0.058720376,478.62524
1.0157083,1.7403156,2.3190472,0.7762004,1.641829,-0.7619586,-0.7186283,1.4995677,1.8671795,0.2492563,0.017085114,-7.5252805,-7.8925385,-14.838455,0.17712194,-0.20499507,-0.021673927,-0.1137773,0.03757682,0.17702518,0.08979339,0.24143557,0.2332692,0.044449862,0.04611592,-0.4732729,-0.47264883,1.9512194,1.9500312,-0.2921435,1.873139,46.397846,0.8759518,0.78545815,1.0660582,314.9223,316.33676,339.7299,324.57574,-54.182774,4.5772657,20.213333,38.26808,13.3259115,21.247774,5.6207137,27.12718,22.917038,24.769184,0.8818743,0.0599354,0.89082915,0.8666338,0.87354666,5.4781857,3.804894,6.9521475,2.0709853,4.461756,0.8309046,3.4258418,1.784587,-1.4962059,0.44041702,-4.24094,4.0866203,-3.0081968,-7.167814,-5.8814864,9.159112,6.0878496,9.485535,4.8901396,8.605768,0.0609917,-0.34922874,0.7476782,0.05504398,0.27325687,4.6418996,0.3459177,4.823197,4.450588,4.763198,7.0294356,0.311104,7.145561,6.4385576,7.0338616,4.439234,0.30254176,4.5863123,4.392385,4.5377464,6.0414324,0.20734616,6.4442143,6.2243853,6.3517985,7.1958404,0.6505499,7.80521,7.11469,7.6896224,7.90086,1.1818388,8.473003,7.5291767,8.304597,385.66556,14.270004,8.654577,14.247834,5.551064,4.033426,10.079641,10.069993,16.622046,6.28345,5.2414837,11.355341,9.513364,13.722978,7.275083,7.6925254,42.17269,25.863997,73.31052,35.29943,47.305244,70.962074,6.361429,74.129326,61.238056,60.912052,397.35696,7.7870173,398.20798,407.5081,390.5112,19.627714,1.3633168,20.110191,18.625118,19.416077,0.018136263,0.1668387,0.26828352,0.034618113,0.010944161,118.488335,8.709832,112.44523,116.554794,112.5432,0.18437313,0.51609766,0.7519406,0.034525324,0.0051559964,26.883842,6.873814,29.728296,27.540943,23.895811,13.581155,1.749996,14.310727,11.54752,12.725316,121.80817,12.104258,128.78345,126.0621,120.97897,71.521515,14.409011,74.74818,62.48227,81.511925,0.20888945,81.70403,16.775328,80.952126,67.37709,65.787445,405.30893,1.8142729,-0.04792282,473.9757
3.7711117,1.9613642,3.7178779,2.2107787,3.8576517,-0.80027455,-0.6698006,1.5147668,1.8582357,0.25997898,-0.0009704328,-9.77427,-10.992213,-20.009201,0.17193636,-0.22005951,-0.039888587,-0.131708,0.05483192,0.16498125,0.053730953,0.22093967,0.21240959,0.044833884,0.07296514,-0.46560448,-0.4726172,1.9361528,1.8537781,-0.3166825,1.8951964,49.47316,0.9573253,0.8222808,1.0580791,274.61957,280.4965,335.1971,304.68082,-54.16929,4.6311736,20.657518,39.435966,13.254755,17.130857,6.111752,20.708351,15.580683,19.987213,0.9368071,0.062202994,0.9458561,0.90848815,0.9193222,7.3547406,6.0273013,12.835091,6.530678,9.722343,1.7002805,4.5999465,2.9185767,-2.0299723,0.47883803,-10.512239,6.534779,-9.026109,-11.872219,-9.438244,11.102855,8.1180105,17.132858,12.859364,14.386258,0.041882433,-0.36261487,0.6846257,0.051759508,0.2581966,4.49335,0.91110647,4.8745356,4.121458,4.7707906,8.623957,1.4133688,9.775725,7.2846413,8.440843,4.129876,0.51930416,4.599403,4.088752,4.20063,6.5589304,1.0957166,7.3307085,6.552906,6.7172437,7.2494817,0.5453451,7.788043,6.9868975,7.4214735,9.330818,2.7776926,11.136618,8.297403,10.453899,530.3835,19.001116,26.031052,25.205809,0.39299235,1.1885948,46.69744,45.67819,62.55958,2.6746132,2.7040324,18.518623,10.32156,18.255617,5.772178,5.162447,124.77484,65.51192,166.86148,85.051506,101.131454,57.92024,18.187246,63.747482,52.931786,56.799572,505.04767,45.613567,532.2718,530.3663,509.36707,19.67188,4.962464,20.956274,18.345068,16.307274,0.06179291,0.5068396,0.40783748,0.035783127,0.0078093326,195.53583,27.078575,194.98016,172.45537,182.59079,0.18030222,0.62240654,0.25629288,0.059130546,0.017315049,32.116985,14.334527,38.813118,15.973666,16.098557,11.733966,2.1340826,12.003498,10.784565,11.2921505,236.0284,34.780014,214.8076,205.32211,207.65388,67.40031,23.890265,80.108864,58.39855,76.726746,0.10564598,78.149376,32.030495,87.84541,62.451164,58.709435,583.7009,1.8442713,-0.053919848,690.0232
2.3929634,1.0083554,3.4460287,2.1988573,2.718919,-0.7861216,-0.6792788,1.512911,1.8560865,0.2765032,-0.004893278,-7.495673,-10.456991,-18.045835,0.1839847,-0.21366835,-0.049859088,-0.13809389,0.05962226,0.2052988,0.058082305,0.21307218,0.2042461,0.039775297,0.045397587,-0.5166807,-0.48805878,1.9548438,1.9514924,-0.3234486,1.8956666,48.28469,0.7788011,0.7556563,0.9555785,266.4868,301.88046,342.4906,300.8997,-54.161263,4.2422585,19.512146,35.328346,11.232219,18.503845,1.5178595,21.522894,17.385077,20.180626,0.9269454,0.008529178,0.92215556,0.90919065,0.9138919,8.299679,5.3184733,12.559329,7.6686316,10.265995,-0.05970867,3.450242,1.6700207,-1.7069315,-0.024226658,-8.135004,4.684421,-7.98785,-9.349003,-8.79439,10.55358,7.874398,16.469868,10.63603,13.069974,0.04235137,-0.3882971,0.7696472,0.043397818,0.09224803,4.4782333,0.6356293,4.548885,4.2269144,4.4721127,6.214617,0.4504995,6.951931,6.00959,6.7225885,4.209187,0.316496,4.3787885,3.91523,4.2188225,6.361819,0.30307508,6.3136263,5.9588394,6.196553,7.156889,0.4358115,7.346494,6.9658,7.3996525,7.2020993,0.4472633,7.561416,6.974838,7.6310935,346.84784,1.9966125,3.8050349,6.6042733,0.07269057,0.36718,15.133691,9.804844,23.515661,11.913711,15.663514,13.190805,5.1396556,8.328048,3.9313908,4.4593763,81.2407,73.362465,135.76132,36.689293,90.73959,56.280342,7.6113243,61.07163,51.72017,53.628365,423.40118,9.0946,352.18387,291.98975,344.81204,19.598577,2.1161504,18.35606,15.464905,16.05581,0.0009475537,1.1550733,0.6659242,0.006372476,0.0074466113,125.13845,18.56849,139.4065,113.454445,135.4074,0.09314585,1.3496493,1.3432063,0.0059877704,0.0051559964,20.356558,3.4847002,22.777832,15.196799,15.284963,11.050625,1.8517141,13.215561,10.61448,11.007501,178.39659,10.869598,201.19577,111.15335,141.44531,63.489494,28.507687,68.991104,58.3165,67.17489,0.16348653,59.761177,4.362555,67.98998,53.67678,52.01805,452.77292,1.8933972,-0.034054585,483.60443
1.8914282,3.5043092,3.837888,1.027098,3.2987406,-0.7628731,-0.70585644,1.4805619,1.8565884,0.24584302,0.015160302,-7.94322,-8.901377,-17.585037,0.18435399,-0.20595133,-0.024756335,-0.11850406,0.037183136,0.20172377,0.05202819,0.23147112,0.2381855,0.041244674,0.043156847,-0.4623146,-0.4681981,1.9498912,1.9490477,-0.2983394,1.8960631,49.383797,0.8027652,0.81143755,0.9687591,287.01636,305.3236,320.4735,308.08105,-54.186153,4.608609,19.794638,36.284985,13.189736,17.81027,8.140174,24.095722,17.456238,22.711193,0.9425365,0.07476927,0.94624406,0.8812866,0.8887999,6.5823073,8.862859,13.545104,2.4230673,7.3322344,0.36890987,10.625417,3.4476795,-4.3802547,0.15543565,-6.056723,10.6946745,-3.2852592,-13.722105,-7.9978156,10.890236,10.918828,17.59609,5.0313034,11.6096115,0.05423804,-0.35060441,0.69712263,0.03538716,0.20884185,4.458335,0.949927,5.438081,4.233696,4.7846794,8.055191,1.5991462,8.434895,6.4084296,7.195789,4.333701,0.5077514,4.6053534,4.1754117,4.3526335,6.738367,1.2584224,7.1171913,6.109072,6.1216083,7.0530157,0.738247,7.9092584,6.9613495,7.668543,8.551576,2.626567,9.82053,7.4912243,9.280293,433.43256,11.445608,11.6605,19.515425,0.77582127,1.0360156,17.78214,26.866959,26.482275,0.86697245,1.726992,11.900424,12.591284,14.75009,4.5966573,6.373754,62.95289,50.34044,72.01323,42.895084,51.1676,61.836285,10.81003,63.90463,53.5644,55.47846,456.09137,17.14041,439.60208,418.72128,433.86298,19.576603,4.1958623,19.489656,16.584093,16.177208,0.43914557,0.57819206,0.66882586,0.0064102574,0.0074466113,126.95719,20.98899,141.74777,130.96541,145.21783,0.6568131,0.32970285,0.20063744,0.014209976,0.0051559964,27.216516,9.925434,31.213236,20.005236,17.206432,12.400762,2.303798,13.277544,10.741294,11.612321,136.2883,14.988676,132.76201,139.25154,143.54832,70.60907,33.208225,85.74305,59.50721,79.28516,0.156845,74.86317,22.467272,74.80968,56.457783,55.2291,449.13937,1.8134176,-0.051203053,521.7075
2.5709105,1.2765042,3.6100757,1.7920182,2.633628,-0.7677405,-0.68441385,1.5176601,1.8448731,0.26394728,-0.0047839396,-9.000113,-11.731532,-21.02684,0.16954874,-0.22162928,-0.04539118,-0.13295174,0.05729276,0.21025637,0.055474915,0.21859062,0.20209369,0.040902775,0.044634696,-0.5083527,-0.49103013,1.9520013,1.9503591,-0.3151084,1.8949349,48.097507,0.7781945,0.79087913,0.95634615,274.6294,305.9242,342.95886,301.52054,-54.165718,4.2312675,20.253141,35.97891,13.246028,18.404018,2.7345796,22.520569,17.486155,22.624046,0.925767,0.017529527,0.92156476,0.8978003,0.899486,8.061327,4.8210196,8.950575,5.6235833,7.100724,-0.07579866,3.7996824,2.432789,-1.5588298,0.43642855,-7.8643126,3.2865453,-6.421512,-9.385914,-9.3921995,9.728417,4.649145,11.937837,8.4493265,14.118887,0.040910516,-0.36598724,0.73820037,0.099556096,0.15023397,4.2643175,0.19884843,4.769084,4.259919,4.523381,6.984345,0.36723244,7.6006837,6.9361696,7.582071,4.150429,0.14327706,4.391272,4.023108,4.2293906,6.481384,0.17117016,6.359575,6.235972,6.673638,7.159589,0.5962715,7.5394998,7.088724,7.6459413,7.8347077,1.4197806,8.684121,8.132911,8.740141,396.28247,6.1191483,11.093694,14.312728,1.1891191,0.8622367,21.083197,13.33751,41.830696,2.5890694,1.878353,15.239967,8.064753,18.483002,4.9495144,7.0565624,70.699265,35.98948,71.68176,43.450264,67.678986,57.441467,3.794376,62.09131,54.022312,55.127934,494.84528,19.593554,403.2336,360.32352,379.89597,20.151268,2.5682027,19.259163,16.629295,17.481394,0.0009475537,0.67893684,0.27905115,0.006372476,0.0074466113,129.70908,15.197204,167.99995,110.96242,130.36935,0.08299962,1.2319202,1.3442765,0.005989834,0.0051559964,27.186228,6.760402,31.034964,17.203142,18.55301,10.796844,0.6119342,11.620511,10.780987,10.9977,181.8874,35.51894,159.85568,135.8604,139.67014,60.749695,8.088029,75.392105,58.992294,66.79615,0.14109202,69.66267,8.677108,71.13909,56.988655,56.179234,439.767,1.897397,-0.04008837,515.54596
0.89032876,0.5717056,1.4655006,0.9247954,1.3317521,-0.80154425,-0.62365246,1.4375678,1.7665431,0.27379626,0.020121306,-6.4998393,-6.5107045,-11.714891,0.19929218,-0.22440869,-0.025575828,-0.12241927,0.03894548,0.3753274,0.03769105,0.21429645,0.19306314,0.042090125,0.044663798,-0.4602319,-0.45024398,1.954656,1.9504691,-0.30819714,1.9211173,51.04967,0.77930135,0.7307094,1.1801776,290.2406,304.03857,330.88846,311.62537,-54.189274,4.020146,19.236471,33.154217,12.973104,17.83546,7.939973,25.002949,16.529264,23.82713,0.9312414,0.06251309,0.936372,0.8733826,0.8862053,3.5529604,2.3259451,4.93748,2.8080769,4.4053164,0.26341328,2.8880143,2.036012,-1.1737623,0.4516757,-3.6867034,3.0083897,-2.8607013,-5.55385,-5.4109435,5.471498,3.08899,8.174085,4.11244,6.567239,0.066632025,-0.38640273,0.78228253,0.036618017,0.4739888,3.9594069,0.8529578,4.2231236,3.3336813,3.8114605,6.550979,0.67692244,6.850116,6.379239,6.6136413,3.8191853,0.88484323,4.0419893,3.3056314,3.676503,6.1154666,0.21758385,6.6313434,6.126895,6.1396346,7.1137123,0.8019934,7.6847095,6.861715,7.552133,7.5943737,1.2229531,8.759842,7.3332553,8.0776615,326.22144,3.7444046,7.4463177,5.9991326,0.18691796,0.3427587,4.7920585,9.714391,8.365571,1.0115933,1.8847537,8.930207,9.471637,15.438527,3.8574672,5.947757,63.994003,27.40014,65.55789,44.320473,57.466087,64.81449,9.846863,65.678,57.96176,58.309338,291.48093,10.7618685,311.13776,295.29977,323.12405,20.38334,3.05906,20.64872,17.673965,18.003521,0.014986079,0.2117937,0.19995265,0.006352827,0.0074542775,103.725494,7.869107,116.05399,104.434456,108.87129,0.08791292,0.51609766,0.73176754,0.005982866,0.0051559964,23.400417,8.931465,26.888752,17.63041,17.2084,11.620899,3.0837896,13.4237175,9.988218,10.691293,120.76856,18.532484,118.889824,104.45904,117.95993,47.396633,18.338911,56.07875,36.33176,49.28243,0.21733871,67.865746,23.925787,72.18119,54.499016,54.42804,319.67734,1.8142437,-0.052693676,370.71405
2.8346088,0.5918229,4.070532,2.145292,3.4688964,-0.7966896,-0.68441385,1.4999042,1.8555813,0.26272574,-0.004675354,-8.480052,-10.082432,-16.666742,0.170763,-0.21735457,-0.049432904,-0.1333131,0.05332679,0.17869431,0.028324699,0.22120672,0.22196679,0.04075143,0.045198746,-0.49315983,-0.48547083,1.9534141,1.949285,-0.30916396,1.8916694,49.163967,0.7726896,0.7976669,1.040539,255.69476,301.58545,347.43524,299.3952,-54.16947,4.2657533,19.864656,35.621315,12.974218,20.362206,0.79064363,21.448692,18.873533,20.42901,0.91057503,0.007172872,0.9234731,0.91759306,0.9075476,9.727199,5.338789,11.876594,7.052694,12.698179,0.03093062,4.905937,1.4682899,-3.600035,0.18451986,-8.063732,1.8551306,-6.7953634,-10.134164,-7.3468437,12.925651,10.345543,15.311719,9.536606,12.059722,0.041139163,-0.3766802,0.7486966,0.040648315,0.15008129,4.419198,0.2391943,4.411465,4.3960447,4.5428457,7.340881,0.38643795,7.9336085,6.3830256,7.1533275,4.2848024,0.14651844,4.3138595,4.055801,4.332263,6.068398,0.01190107,6.3539553,6.5841017,6.799719,7.364662,0.28803903,7.4834657,7.346792,7.2874885,8.175673,0.82847977,8.3988285,8.269141,8.546013,345.87448,4.4839287,2.5963557,7.5209084,3.194455,3.1320403,29.803984,5.5702353,32.95949,15.350689,15.999959,11.786917,4.519755,15.846634,8.410678,8.922338,116.460144,68.31482,147.99951,54.398605,99.075836,55.799065,2.7689035,54.521126,54.098442,56.760506,418.59427,7.546959,340.5148,346.47635,319.17816,16.969593,0.72427404,18.418123,19.05422,18.082008,0.0009475537,-0.05208176,-0.019966647,0.006339577,0.0074194027,147.95056,16.725069,157.4527,135.83192,155.59894,0.21798626,0.12483983,0.14223927,0.0056725177,0.0051559964,24.308012,3.0715632,24.657862,24.851265,22.405405,11.264899,0.6805973,11.361652,10.954411,10.938346,224.13756,15.199456,248.4568,156.83754,160.26355,60.336975,18.350246,60.571186,60.635704,65.7325,0.1534684,60.404636,4.2354507,65.06975,60.741104,57.611763,440.49997,1.8735421,-0.043769106,466.7189
1.3858845,0.3171706,1.7373453,1.3311427,1.613467,-0.74722886,-0.7132448,1.4578265,1.785454,0.268989,0.01516025,-7.620436,-7.4272966,-14.538748,0.19609477,-0.22310601,-0.029064052,-0.12584414,0.04142457,0.3481278,0.041156705,0.23000373,0.22430867,0.03873611,0.041349944,-0.47484726,-0.4721425,1.95257,1.9514718,-0.30271593,1.8941969,48.721764,0.7964628,0.7461236,1.154613,280.4913,310.13135,329.66116,306.15125,-54.182087,4.270022,19.573874,35.25426,13.128435,17.973394,4.031514,22.140182,18.404459,22.354548,0.9268559,0.03049609,0.92831594,0.89879847,0.90033203,4.909182,1.2228771,5.8187513,3.4839163,6.437811,0.23253931,2.918498,1.6873527,-1.0020989,0.45159456,-4.834733,2.2041066,-4.52311,-6.9047585,-6.836558,8.281844,2.0534556,9.492407,6.0538373,9.077869,0.058377214,-0.38889438,0.76059407,0.038077913,0.4610852,4.284926,0.1108771,4.3153863,4.2264175,4.3840165,6.612292,0.2053719,6.757503,6.5216327,6.647054,4.261416,0.12276884,4.2474637,4.165312,4.207376,6.137953,0.14019209,6.3425913,6.0382385,6.083338,7.037447,0.5834224,7.5645356,7.0283747,7.6269403,7.4008336,0.69700396,8.220246,7.421766,8.051684,340.1177,0.564027,1.1650406,-0.48465607,0.16800196,0.360998,0.1563827,0.6293772,0.09335703,0.35529122,1.4702816,7.116137,3.231048,8.223463,4.4099417,4.5296597,50.278152,6.4357967,50.220543,41.201504,43.50597,56.320305,4.3832426,55.93193,52.890736,51.411304,317.33255,0.12315861,323.33298,323.3803,336.5537,18.417252,2.461333,18.458603,16.265526,16.355207,0.0009475537,-0.057103626,-0.041382704,0.0062520695,0.0074542775,105.18572,1.4785337,105.645294,100.161934,102.86503,0.082795985,0.14265981,0.15429305,0.005982866,0.0051559964,18.842024,3.051838,19.049711,16.042517,16.057928,11.077749,0.40164477,11.347112,10.977401,11.107325,110.19146,4.167915,111.86254,105.036354,104.91149,61.168797,5.2932467,61.137886,59.97874,60.856346,0.17172909,56.361248,7.0321455,56.265686,52.39867,51.55955,328.92905,1.8401008,-0.04834053,372.45847
3.100079,2.7846522,4.377763,1.7203825,3.9751995,-1.2561857,-0.554562,1.6900495,2.2153194,0.26598656,0.003364992,-7.585268,-10.074438,-19.081306,0.19414543,-0.22008996,-0.025614677,-0.12604277,0.043525103,0.104529515,0.07231067,0.21304533,0.17180066,0.060181882,0.06403956,-0.51809883,-0.46113414,1.9537364,1.9488063,-0.33512473,1.9287882,53.637447,0.9914968,0.81458974,0.9165452,93.16586,238.91777,339.2178,206.25832,-54.159187,4.571547,19.911882,35.783775,13.12208,15.777322,4.876702,20.537642,14.752084,19.180136,0.9335973,0.03989607,0.944041,0.91770405,0.92422265,7.4682255,6.2209735,13.72773,4.701448,7.4359713,0.091344394,6.6937647,2.484187,-2.3838322,0.08276169,-7.221762,8.615044,-4.377935,-12.568644,-8.087739,11.959062,7.4267387,15.588942,7.5791044,10.959728,0.042498607,-0.35855797,0.70466536,0.07281013,0.05374627,4.241588,0.75236714,4.912348,4.0803304,4.4544945,8.41059,1.6793469,9.878332,6.5758367,7.5838475,4.06397,0.60598,4.561127,3.9140577,4.086668,6.7372684,1.2135463,7.2014637,6.3791823,6.6100087,7.209304,0.39937973,7.6193395,7.093058,7.3463054,9.043343,2.9872534,9.597002,7.6049776,9.312612,432.2229,7.0256233,7.9986744,19.971678,1.2521409,2.2822983,29.67278,9.650339,81.346146,1.4117165,2.3804884,15.59421,7.1860776,14.97662,7.2018137,9.433545,95.301186,62.166595,121.41158,75.701996,92.98797,58.35718,8.32664,59.247154,55.311058,56.087967,428.29684,10.347356,436.45706,395.68112,407.7139,17.784876,2.571318,17.933228,18.257996,17.407497,0.005171154,0.17321639,0.15460926,0.0059226453,0.0074466113,149.47285,38.00538,162.72787,126.69626,167.44887,0.10294543,0.44426373,0.20298932,0.014155924,0.0051559964,29.493599,8.06875,29.462994,16.832865,20.392126,11.890204,2.5046701,12.517816,10.313503,10.649801,173.70032,23.849838,183.73175,167.59236,199.23895,57.937653,22.95284,70.56915,53.232315,66.27071,0.13575509,71.84163,15.023898,72.655556,60.355278,61.197926,471.57803,1.8475614,-0.050083924,559.37695
1.9512653,2.358169,3.8069382,1.5651962,2.7645502,-0.7769762,-0.6750786,1.4707127,1.8136415,0.25736898,-0.0016959736,-9.908463,-11.096528,-22.83844,0.1567643,-0.2186813,-0.035083808,-0.122288525,0.047292475,0.25902998,0.06746464,0.2245016,0.21104494,0.04053462,0.047958035,-0.506558,-0.4906198,1.9488219,1.9435432,-0.30109513,1.8848718,47.32073,0.7776217,0.7555708,0.92417586,266.98663,306.49014,338.99237,296.8993,-54.17217,4.8172846,20.61426,38.428417,13.19871,24.112192,6.160103,26.787338,21.391518,26.420835,0.8119581,0.046065696,0.8646165,0.84063,0.85213315,7.871229,5.7742887,9.371616,5.8277125,7.22612,0.66924113,3.3654885,3.4010997,-0.6352994,0.71225625,-8.708203,4.0652695,-6.2046986,-10.737238,-10.147467,10.426186,4.9786906,11.583722,8.523156,16.661758,0.04258304,-0.35599494,0.7053211,0.09818164,0.17416951,5.988574,0.85446197,6.002518,4.544884,5.000979,6.8872027,0.70113695,7.6063633,7.177505,7.631607,4.7472043,0.51344264,5.043419,3.9530344,4.426014,6.1324844,0.532765,6.378286,6.571816,6.4851336,7.14785,0.58262765,7.51484,7.068829,7.581153,7.7478495,2.425686,9.017731,7.8829393,9.282966,458.82126,21.68583,19.77853,30.072468,2.3916562,1.1920542,66.708496,29.745766,58.78746,4.654906,1.878353,17.091461,13.870059,20.440876,4.935475,9.9994545,56.28952,72.50069,71.40581,30.339249,63.292896,67.70196,9.013435,70.534546,62.80927,59.742702,560.68726,44.263405,507.72943,473.85748,463.04697,21.261955,1.943782,20.027302,17.975122,18.7626,3.5781722,3.0974245,2.6610308,0.006382361,0.007456702,143.13013,26.22588,183.10439,119.85955,151.08269,1.9660019,4.858137,4.2521553,0.006019738,0.0051559964,34.104763,11.679595,35.304695,19.516285,20.904943,17.40912,3.7966888,15.150433,10.721419,11.265715,201.88539,43.65351,163.98154,145.6194,155.25883,110.69118,28.072,134.27048,62.91725,75.61728,0.146494,82.587,17.982046,92.3611,63.779438,62.84961,519.1475,1.8894801,-0.046686027,597.8431
1.7414938,2.9368782,3.9459157,1.0371113,3.6844416,-0.8219976,-0.71792686,1.5191823,1.8691607,0.2441222,0.027086819,-7.207651,-11.142444,-17.384048,0.17130949,-0.20408396,-0.016545214,-0.11116155,0.033569455,0.31458703,0.09965189,0.24397896,0.23058277,0.045685492,0.047764283,-0.4633283,-0.46980762,1.9502283,1.9498345,-0.29049948,1.8926849,51.2094,0.82840157,0.884784,1.3991133,320.73514,320.38147,344.1729,346.26227,-54.185276,4.8673353,20.070702,39.01245,12.208195,19.586441,5.9932003,23.83864,16.691082,21.926926,0.9380758,0.052530132,0.93475664,0.87868804,0.892526,7.003543,9.262287,10.984049,2.6793866,7.5255394,0.83864015,8.392585,4.2184067,-3.7339106,0.26658332,-6.3847466,7.7121077,-3.174626,-10.630972,-6.9647274,11.663414,7.886638,14.564138,4.6189637,11.652236,0.06780201,-0.34901634,0.70631653,0.11704318,0.41016302,5.1524982,1.5221595,5.584988,4.1020947,4.6826477,6.8771296,1.2204715,7.8081775,6.035924,6.914021,4.645555,1.2264088,5.333279,4.126355,4.622677,6.5172215,0.8129775,6.933191,6.2849784,6.4979253,7.125702,0.8647724,7.781408,6.8327346,7.4552135,8.347536,2.8723693,10.114424,7.474042,9.33767,448.96518,17.970291,17.005924,31.04286,5.6802635,4.4609814,36.851532,57.35442,59.9273,9.054742,10.606317,13.040715,19.068916,23.843035,4.749927,8.783324,53.53395,67.6028,81.96571,27.450914,56.755123,65.533745,13.516298,68.463036,60.808193,55.10106,453.09314,55.665604,452.30603,385.69086,451.17908,19.072325,5.1279597,23.218008,18.776793,17.656124,0.55482817,1.0785089,0.81102294,0.04695487,0.0074194027,139.29335,59.34998,140.3719,126.23059,131.04398,0.87159765,1.4328811,1.7432195,0.18083681,0.0051559964,29.592283,15.533294,41.41384,25.928234,20.672052,14.261357,5.0617223,14.545675,10.651894,11.744504,136.47484,34.28691,152.8833,135.2218,142.40157,77.849396,50.09149,109.83028,61.301437,85.44522,0.2021593,82.62753,29.91672,87.4131,56.284386,61.52459,483.6936,1.8154768,-0.061480425,569.59595
2.2552247,0.87367094,3.3463852,1.9546562,2.309518,-0.78949046,-0.68150985,1.5090154,1.8535978,0.24986409,-0.012013591,-10.777127,-11.139012,-21.505402,0.16735,-0.19979087,-0.052589606,-0.13372532,0.056988716,0.13405132,0.038678605,0.21911407,0.20354776,0.040166445,0.045464903,-0.5091124,-0.48687127,1.9542465,1.9508328,-0.31983745,1.899903,48.448673,0.7788011,0.77324885,0.8625141,267.27792,301.70514,342.5555,300.07217,-54.163265,4.3007627,20.368515,35.77432,12.951158,18.22317,1.3575227,20.923605,17.210443,20.040445,0.924829,0.007855077,0.923087,0.9133684,0.9150365,7.9522142,6.2493334,14.873568,6.4884224,11.16349,0.14293607,6.000932,2.3262205,-2.6510088,-0.04062121,-7.848667,7.0310345,-6.700212,-12.008319,-9.606999,11.804195,9.029902,18.154472,9.318738,14.162121,0.026856355,-0.34102917,0.71740806,0.03447552,-0.042870473,5.554345,0.7013643,4.9329324,4.5565906,5.061861,9.39307,0.5020592,11.126228,9.981313,9.755112,4.2121005,0.3032475,4.264891,3.892395,4.2176757,6.2452264,0.33477315,6.2218723,6.0828466,6.300433,7.160343,0.4006059,7.375378,6.972707,7.4000583,8.064269,1.0989631,8.664249,7.4910975,8.771949,405.48413,1.9843102,3.8191235,4.6689205,0.74418056,0.568783,24.590641,12.1327,28.034998,13.183446,15.774037,13.24911,4.7533226,9.648312,4.602296,5.8821435,140.84837,75.83256,160.7887,92.423065,143.38008,56.632854,7.565878,61.10243,51.862972,53.68948,515.0719,7.4366713,438.85825,410.75983,412.05048,19.48009,2.047775,18.237946,15.542524,16.310633,0.0009475537,1.1550733,0.6659242,0.006372476,0.0074466113,204.91978,17.157862,213.00479,149.74733,210.91685,0.09655393,1.3403457,1.4033062,0.0059952233,0.0051559964,23.347282,4.1802764,23.255348,14.974905,15.98376,11.124703,1.8465279,13.300345,10.661522,10.9213295,249.73206,13.058991,252.08966,189.27399,201.57048,67.11284,29.012762,72.0849,62.218906,69.91448,0.12209762,61.180862,4.2732115,67.30392,54.661438,52.01805,538.9478,1.8824537,-0.03616665,597.27185
1.7863517,1.5772576,3.7564986,1.4239029,2.7405715,-0.7909518,-0.69415915,1.5489877,1.8993783,0.23337412,0.011631379,-9.01779,-10.206359,-19.11081,0.16363692,-0.19044359,-0.025228642,-0.116278924,0.04247326,0.13868159,0.09142721,0.22514732,0.21558982,0.05006319,0.05719631,-0.5049374,-0.4790531,1.9484879,1.9462918,-0.30733082,1.8771294,47.96117,0.3982599,0.7704805,0.841258,268.6997,294.3863,374.88,288.1456,-54.173763,4.657277,20.739563,39.925205,13.451909,22.418924,3.1659775,27.6911,22.068018,23.313885,0.8730702,0.0349692,0.90498346,0.8514775,0.8854094,6.297032,6.5472517,11.436287,4.157297,7.6244483,1.1975064,4.458065,1.8006523,-2.0541506,-0.013614041,-5.041429,5.1760592,-3.2760458,-8.981019,-8.105885,7.018183,9.108225,15.051135,4.8978944,11.89741,0.0565777,-0.33399424,0.73992145,0.06509503,-0.035493635,5.0304556,0.77286893,5.2555814,4.4753294,4.945417,7.061781,0.62094694,7.8004217,6.506222,7.5334606,4.4439974,0.49233332,4.8143144,4.2838583,4.785568,6.4017577,0.7301201,6.4642577,6.301882,6.8626375,7.309808,0.6486014,7.5440397,7.0272555,7.4650702,7.9737473,0.8412298,8.722809,7.3555026,8.165327,417.34464,14.488025,9.2611885,18.044447,3.6426077,3.7579148,24.25047,17.593445,44.06589,16.820015,14.910844,16.975286,9.796424,16.00526,8.129392,7.949292,91.61832,63.755276,139.59422,43.941826,106.39855,68.37483,9.577317,77.38569,66.49729,67.75517,518.5362,18.461237,477.9586,419.7199,439.53677,19.56099,2.0458214,21.291643,20.070686,19.800474,0.018136263,0.99332416,0.46913943,0.006038823,0.0074194027,158.77922,23.650805,122.18534,116.2024,157.44121,0.21015805,0.6222985,1.0882168,0.0054540373,0.0051559964,26.611603,7.347038,34.79261,30.12766,22.937527,12.959138,2.5647388,15.269114,11.515336,12.737445,213.73376,18.115652,181.69218,142.66771,183.81197,91.59154,35.98486,95.1234,68.65361,86.60978,0.17630428,84.79982,12.999167,85.86951,67.84839,66.19807,549.0168,1.8398342,-0.043356612,637.98254
2.6691926,1.5195997,3.7148893,2.0222955,3.0430288,-0.7684103,-0.6797517,1.5197154,1.8455693,0.28477365,-0.0073556197,-7.380109,-12.352281,-21.303902,0.17179784,-0.23098613,-0.05539923,-0.13913694,0.06680771,0.2250048,0.069409,0.21192782,0.20173024,0.040358018,0.044350527,-0.5153023,-0.49247035,1.9526682,1.9511509,-0.32196832,1.8948573,48.259247,0.7799872,0.7895007,0.973068,274.5312,305.92874,342.95886,303.52615,-54.16435,4.32396,19.937817,35.91702,11.178945,18.267717,2.738443,22.36008,17.463337,22.180368,0.9255174,0.017693624,0.9201479,0.89687294,0.9023234,8.968679,4.7175503,9.399821,8.406701,7.93057,-0.4836147,3.979698,2.4048803,-1.6739419,0.4514702,-8.506103,3.7188082,-8.587589,-9.898041,-9.576635,11.071329,4.1197915,12.4983015,11.231476,14.555849,0.036517814,-0.38669285,0.7407863,0.09775642,0.16556107,5.375592,0.20673501,5.269841,4.5904293,4.9660144,6.538318,0.28139657,7.0765433,6.3903675,7.1555448,4.166278,0.14327706,4.451689,4.0096035,4.2387767,6.4713764,0.14895175,6.3498755,6.245878,6.64519,7.129651,0.6387007,7.512929,7.0406957,7.629796,7.570432,1.0621916,8.188086,7.8792715,8.398243,395.1971,7.663331,11.093694,15.217301,1.1891191,0.8622367,21.115046,14.021428,42.797302,2.711573,1.878353,16.381357,8.931894,18.812159,4.9895663,7.6976876,66.7677,34.414062,71.87919,40.00756,62.814465,57.97846,3.7151892,61.982464,52.136078,54.982716,469.9901,19.536278,399.83286,309.37677,373.04517,20.053186,2.3745239,19.270258,16.247526,17.387377,0.0009475537,0.67893684,0.27905115,0.006372476,0.0074466113,115.68539,10.89907,155.81094,104.19654,124.842674,0.08299962,1.2319202,1.3442765,0.005989834,0.0051559964,27.28635,6.9318633,31.034964,17.322773,18.893908,10.822259,0.6119342,11.561222,10.780987,10.984153,170.29616,35.51894,142.00734,119.47595,130.66731,67.67199,9.10027,82.42929,59.985584,69.82171,0.14083934,70.263596,8.677108,70.58654,57.216663,56.179234,423.99158,1.9063431,-0.038732942,502.67963
2.929038,1.216683,3.7372277,2.1871998,2.6325052,-0.791003,-0.70446455,1.5062093,1.8463857,0.28654385,-0.011566581,-10.067322,-11.83293,-22.436794,0.18298429,-0.23487864,-0.06046881,-0.13979748,0.059272844,0.18618469,0.01618482,0.21289538,0.21808553,0.039118532,0.04042053,-0.4996313,-0.48629397,1.9536723,1.9518421,-0.3204479,1.8965194,49.601967,0.7747122,0.80783,0.9804453,280.94098,293.67618,334.396,290.43124,-54.167286,4.5778837,20.564426,36.038227,11.485625,17.531893,-0.6619953,17.821442,17.936195,17.970291,0.9234136,-0.0050720028,0.9296087,0.93548363,0.93237597,8.462689,3.4200997,11.365668,9.817601,8.667007,-0.08364386,5.1450424,2.4144592,-1.2860764,0.529502,-8.521996,3.6009998,-9.562814,-12.711018,-8.993803,14.323411,3.6401632,13.799999,12.174491,12.7537155,0.028409472,-0.36750945,0.6954189,0.026915463,0.04655568,5.499431,0.32034487,5.2186875,4.770913,5.1728673,10.447374,0.48269647,10.455852,9.896553,9.802683,4.237787,0.1753129,4.4962754,4.0894046,4.2646065,6.7668314,0.1692184,6.9846754,6.6156034,6.7285676,7.0354753,0.026434444,7.117555,6.9826846,6.98545,9.095875,1.0090175,8.198033,7.556336,8.68291,455.45703,2.1533873,5.691986,11.204006,1.3147303,2.6047611,31.94089,-0.3204967,44.46109,3.0166943,2.3804884,7.390443,0.3650604,2.6417344,4.7647777,7.0431294,79.598656,13.906423,92.25398,93.980804,113.99344,52.761246,0.8395739,51.20034,50.957348,54.550632,430.0429,-2.1216426,497.94556,391.52838,451.04886,14.472619,-0.07488799,14.435984,15.770469,15.98166,0.014123665,2.2402892,4.2996516,0.0063152793,0.0074466113,174.54091,15.719366,153.74838,166.96318,173.62625,0.22478397,1.3578377,1.7996446,0.0059952233,0.0051559964,18.489798,-0.48310456,15.660908,16.97522,19.065619,11.547414,3.338967,16.708887,11.258124,11.374436,184.62515,13.693097,184.87685,170.60376,195.96523,72.32692,6.5324636,71.82438,64.64625,75.67742,0.11612088,54.882874,1.2805743,64.2015,59.337524,62.561897,468.6001,1.8830428,-0.042880505,584.0233
1.4275224,0.16696471,1.6010554,1.3443316,1.6034018,-0.74271715,-0.7170763,1.4661182,1.7916114,0.2722088,0.007912435,-7.358131,-7.707565,-14.774627,0.19552952,-0.22666797,-0.036038842,-0.13377683,0.044839572,0.3334984,0.043688558,0.22323738,0.21920864,0.03759066,0.038593713,-0.48099348,-0.4795259,1.9527262,1.9521071,-0.31285295,1.9015458,49.454823,0.8021489,0.75691,1.1533052,284.9529,293.55212,325.19055,300.11526,-54.172535,4.0726748,19.60845,34.80624,13.148209,17.822536,0.011578183,17.921726,17.496819,17.741064,0.9338578,0.00041399663,0.9344078,0.93394834,0.9347493,4.519771,-0.25623852,4.176706,3.466306,4.785443,0.7576157,0.3478896,1.5965483,0.24010187,0.45319793,-4.9205647,0.70581204,-4.974463,-5.9642982,-6.118302,7.5907197,0.95474863,9.201388,6.9165916,7.244313,0.053498633,-0.3866971,0.7684753,0.033143997,0.43426618,4.289583,0.068147466,4.2736998,4.264777,4.261938,6.622841,0.16072221,6.5635657,6.363661,6.6012063,4.241264,0.050196122,4.2673116,4.2338843,4.2193956,6.0733724,-0.013445067,6.2166567,6.0288887,6.0645475,6.9846196,0.034263257,6.9809103,6.989556,6.9777827,7.530783,0.18820208,7.9027596,7.341552,7.645261,323.3747,0.000773101,0.33483276,-0.45656595,0.069394045,0.30127054,-0.5094065,-0.7140293,-1.3624958,0.35529122,1.4702816,1.6479385,-0.25247145,1.6423881,1.8434324,1.7406138,36.17971,0.20261966,37.208733,36.185654,42.243874,49.97223,-0.48252562,50.002472,50.173916,49.92192,317.24976,-1.0801601,324.0269,317.70944,328.52267,13.876433,0.12144616,13.9022045,13.947973,14.041411,0.0009475537,-0.053931892,-0.050610416,0.006372476,0.0074466113,99.42006,0.58365315,102.869514,96.77114,100.497894,0.083004504,0.12859541,0.14223927,0.005978696,0.0051559964,13.897471,-0.25402278,13.60938,13.929249,14.028443,11.132834,0.158224,11.300484,11.2372,11.322104,103.0235,0.9335055,105.66526,98.608284,104.85312,60.344833,0.22670028,59.236908,59.373173,60.33006,0.15517783,49.892147,0.5999558,49.43261,49.83133,50.16954,323.16733,1.8637843,-0.044822287,364.83908
1.6166341,1.8621086,3.4446788,1.1802425,3.16421,-0.8034671,-0.7471565,1.5564996,1.9148968,0.23080607,0.027302027,-4.489136,-12.15025,-16.92517,0.16849016,-0.19024399,-0.012840162,-0.10580519,0.03107566,0.19748357,0.075935416,0.24760878,0.25263867,0.047649577,0.048744455,-0.4629983,-0.46592256,1.9497949,1.9469184,-0.26977608,1.8677714,49.15322,0.89465654,0.92867774,1.1732131,339.5539,337.7793,353.15356,352.79367,-54.190804,4.8203473,20.433054,38.64524,13.26708,24.691654,5.5999393,28.35961,23.082438,24.01433,0.87221473,0.049059607,0.89247143,0.84253734,0.87625766,4.4828806,8.157193,10.610146,1.327164,8.768934,-0.092981905,6.104831,1.8546324,-3.715726,0.08201479,-4.190994,5.05845,-2.8924155,-8.413849,-8.969363,8.949823,10.198855,14.7582655,4.988982,11.874687,0.06719195,-0.32419664,0.71537036,0.04225922,0.26141533,5.1231494,0.4627147,5.3080487,4.876339,5.215518,6.721824,0.21554832,6.9729457,6.6254177,6.9201097,4.9308615,0.47520584,5.197289,4.9104414,5.0909004,6.1366067,0.16708618,6.3690963,6.1369896,6.1578846,6.9523,0.78686523,7.6803803,6.882425,7.1892657,8.43196,0.563574,8.4491005,7.9617515,8.54581,444.4875,15.239036,9.601316,17.923197,7.0675135,6.291553,27.19456,16.00872,25.284649,13.596071,15.099695,12.257397,12.927848,19.162619,6.9908676,11.276126,26.929272,33.05857,52.33126,24.682308,44.101337,71.0261,6.929335,74.05567,68.51808,67.63034,459.91452,12.864797,443.74106,440.1356,441.33896,19.907341,3.051733,22.046686,20.581331,20.34322,0.3214211,0.449392,0.63991493,0.07218401,0.034161042,117.37494,9.707097,114.18686,116.87972,122.64689,0.58909637,0.5334501,0.9845245,0.07232322,0.040384203,29.627392,9.009913,34.105022,27.295372,24.582033,15.195282,2.8735619,16.593388,12.428219,12.836182,127.494415,12.488403,140.76164,128.00401,132.95723,102.88071,14.200132,109.372894,88.38976,94.44786,0.18464829,85.60182,16.671968,87.21898,75.24408,79.10623,476.79272,1.8252288,-0.07149385,526.84467
2.5450392,2.433323,4.360715,1.5985134,3.2467048,-0.780513,-0.6740656,1.5309664,1.8678602,0.24941179,0.0051117856,-8.814778,-12.133713,-21.503923,0.15400545,-0.20192826,-0.033703055,-0.119057834,0.0496985,0.21643999,0.08380756,0.22242522,0.21213104,0.041076526,0.045529284,-0.49711445,-0.4876335,1.9507442,1.946567,-0.3126142,1.8858469,48.08864,0.3990567,0.7848473,0.9015973,279.18286,312.46182,381.38382,309.4467,-54.174484,4.611193,20.772356,37.369675,13.321536,20.300505,3.5121217,24.337166,19.238562,22.845816,0.87668556,0.036684036,0.91118467,0.8796086,0.8889266,7.4032283,6.57506,9.439361,4.38104,5.7763095,0.3830154,4.8755245,2.6320274,-2.0252879,0.46260193,-7.54268,6.0267754,-3.8562834,-10.356892,-9.360343,9.499033,7.591174,12.554402,6.138418,14.649924,0.051082104,-0.34059703,0.7103177,0.100881204,0.18848768,5.643128,0.28154597,5.797173,4.714009,5.107929,7.117861,0.65987396,7.999439,7.1140223,7.8903723,4.346821,0.26946595,4.7734585,4.238005,4.5969152,6.375351,0.61144596,6.459555,6.288618,6.8883405,7.3011827,0.5734399,7.7473416,7.20888,7.6722426,8.420933,1.3490921,8.972614,8.245452,8.610024,458.0983,15.665236,13.501919,17.997833,2.8393993,3.117311,25.631865,17.71637,48.28856,6.90546,5.250019,19.070578,12.799006,20.338509,8.300586,9.071612,70.20103,42.833218,88.92883,47.160915,69.63841,63.618767,5.59846,67.74422,56.728878,59.351017,560.3316,20.397001,494.54193,468.069,446.93207,20.039766,0.81150043,19.479933,19.568428,18.70947,0.0009475537,0.34904367,0.106835276,0.0063474486,0.0074194027,143.25552,14.29181,164.38986,120.47682,145.52835,0.12339139,0.1311316,0.1400527,0.0058278283,0.0051559964,32.560585,9.835801,39.75345,26.03199,23.127798,11.121956,0.7677333,11.959773,10.804942,11.449829,194.81534,41.3475,169.60513,157.3495,156.44514,97.19137,15.489025,127.072685,65.283585,86.7146,0.14416398,87.295845,14.249569,81.73541,63.740845,63.262917,506.13425,1.8789824,-0.042252913,615.953
